-- MySQL dump 10.17  Distrib 10.3.17-MariaDB, for debian-linux-gnu (x86_64)
--
-- Host: localhost    Database: assetpupr
-- ------------------------------------------------------
-- Server version	10.3.17-MariaDB-1

/*!40101 SET @OLD_CHARACTER_SET_CLIENT=@@CHARACTER_SET_CLIENT */;
/*!40101 SET @OLD_CHARACTER_SET_RESULTS=@@CHARACTER_SET_RESULTS */;
/*!40101 SET @OLD_COLLATION_CONNECTION=@@COLLATION_CONNECTION */;
/*!40101 SET NAMES utf8mb4 */;
/*!40103 SET @OLD_TIME_ZONE=@@TIME_ZONE */;
/*!40103 SET TIME_ZONE='+00:00' */;
/*!40014 SET @OLD_UNIQUE_CHECKS=@@UNIQUE_CHECKS, UNIQUE_CHECKS=0 */;
/*!40014 SET @OLD_FOREIGN_KEY_CHECKS=@@FOREIGN_KEY_CHECKS, FOREIGN_KEY_CHECKS=0 */;
/*!40101 SET @OLD_SQL_MODE=@@SQL_MODE, SQL_MODE='NO_AUTO_VALUE_ON_ZERO' */;
/*!40111 SET @OLD_SQL_NOTES=@@SQL_NOTES, SQL_NOTES=0 */;

--
-- Table structure for table `app_field_config`
--

DROP TABLE IF EXISTS `app_field_config`;
/*!40101 SET @saved_cs_client     = @@character_set_client */;
/*!40101 SET character_set_client = utf8 */;
CREATE TABLE `app_field_config` (
  `id_app_field_config` int(11) NOT NULL AUTO_INCREMENT,
  `classname` varchar(250) NOT NULL,
  `fieldname` varchar(250) NOT NULL,
  `label` varchar(250) NOT NULL,
  `no_order` int(11) NOT NULL,
  `is_visible` int(1) NOT NULL,
  `is_required` int(1) NOT NULL,
  `is_unique` int(11) DEFAULT 0,
  `is_safe` int(11) DEFAULT 0,
  `type_field` int(11) DEFAULT 0,
  `max_field` int(4) NOT NULL,
  `default_value` varchar(250) DEFAULT NULL,
  `pattern` varchar(250) DEFAULT NULL,
  `image_extensions` varchar(250) NOT NULL,
  `image_max_size` varchar(250) NOT NULL,
  PRIMARY KEY (`id_app_field_config`),
  KEY `classname` (`classname`,`fieldname`)
) ENGINE=InnoDB AUTO_INCREMENT=11 DEFAULT CHARSET=latin1;
/*!40101 SET character_set_client = @saved_cs_client */;

--
-- Dumping data for table `app_field_config`
--

LOCK TABLES `app_field_config` WRITE;
/*!40000 ALTER TABLE `app_field_config` DISABLE KEYS */;
INSERT INTO `app_field_config` VALUES (1,'asset_master','asset_name','Nama Barang',2,1,1,0,0,1,250,NULL,NULL,'',''),(2,'asset_master','asset_code','Kode Barang',1,1,1,0,0,1,40,NULL,NULL,'',''),(3,'asset_master','id_type_asset1','Jenis Aset',3,1,1,0,0,2,12,NULL,NULL,'',''),(6,'asset_master','id_type_asset2','Type Asset 2',0,0,0,0,0,2,12,NULL,NULL,'',''),(7,'asset_master','attribute1','TEST',0,0,0,0,0,2,12,NULL,NULL,'',''),(8,'kelurahan','id_kecamatan','id kecamatan',1,1,1,0,0,2,11,NULL,NULL,'',''),(9,'kelurahan','nama_kelurahan','nama kelurahan',2,1,1,0,0,1,250,NULL,NULL,'',''),(10,'kelurahan','kodepos','kodepos',3,0,0,0,0,2,10,NULL,NULL,'','');
/*!40000 ALTER TABLE `app_field_config` ENABLE KEYS */;
UNLOCK TABLES;

--
-- Table structure for table `app_setting`
--

DROP TABLE IF EXISTS `app_setting`;
/*!40101 SET @saved_cs_client     = @@character_set_client */;
/*!40101 SET character_set_client = utf8 */;
CREATE TABLE `app_setting` (
  `id_app_setting` int(11) NOT NULL AUTO_INCREMENT,
  `setting_name` varchar(250) NOT NULL,
  `is_image` int(1) NOT NULL,
  `value` varchar(250) NOT NULL,
  PRIMARY KEY (`id_app_setting`)
) ENGINE=InnoDB AUTO_INCREMENT=8 DEFAULT CHARSET=latin1;
/*!40101 SET character_set_client = @saved_cs_client */;

--
-- Dumping data for table `app_setting`
--

LOCK TABLES `app_setting` WRITE;
/*!40000 ALTER TABLE `app_setting` DISABLE KEYS */;
INSERT INTO `app_setting` VALUES (1,'APP-NAME',0,'Inventarisasi Tanah Kementrian Pekerjaan Umum Dan Perumahan Rakyat Yang Dikelola Oleh Perum Jasa Tirta I'),(2,'APP-NAME-SINGKAT',0,'INVENTARISASI TANAH'),(3,'APP-NAME-SINGKATAN',0,'InTan'),(4,'Logo',1,'/images/test.jpg'),(5,'Icon',1,'web/favicon'),(6,'ADDRESS',0,'Alamat Perusahaan'),(7,'Copyright',0,'Copyright {TAHUN} PUPR. All Right Reserved');
/*!40000 ALTER TABLE `app_setting` ENABLE KEYS */;
UNLOCK TABLES;

--
-- Table structure for table `app_vocabulary`
--

DROP TABLE IF EXISTS `app_vocabulary`;
/*!40101 SET @saved_cs_client     = @@character_set_client */;
/*!40101 SET character_set_client = utf8 */;
CREATE TABLE `app_vocabulary` (
  `id_app_vocabulary` bigint(20) NOT NULL AUTO_INCREMENT,
  `master_vocab` varchar(150) NOT NULL,
  `vocab_lang1` varchar(250) NOT NULL,
  `vocab_lang2` varchar(250) DEFAULT NULL,
  PRIMARY KEY (`id_app_vocabulary`),
  KEY `master_vocab` (`master_vocab`)
) ENGINE=InnoDB AUTO_INCREMENT=3 DEFAULT CHARSET=latin1;
/*!40101 SET character_set_client = @saved_cs_client */;

--
-- Dumping data for table `app_vocabulary`
--

LOCK TABLES `app_vocabulary` WRITE;
/*!40000 ALTER TABLE `app_vocabulary` DISABLE KEYS */;
INSERT INTO `app_vocabulary` VALUES (1,'Type Asset Item 1','Kode Aset',''),(2,'Type Asset Item 2','Status SIMAK',NULL);
/*!40000 ALTER TABLE `app_vocabulary` ENABLE KEYS */;
UNLOCK TABLES;

--
-- Table structure for table `asset_code`
--

DROP TABLE IF EXISTS `asset_code`;
/*!40101 SET @saved_cs_client     = @@character_set_client */;
/*!40101 SET character_set_client = utf8 */;
CREATE TABLE `asset_code` (
  `id_asset_code` bigint(20) NOT NULL AUTO_INCREMENT,
  `id_parent_asset_code` bigint(20) NOT NULL,
  `code` varchar(50) NOT NULL,
  `description` varchar(250) DEFAULT NULL,
  PRIMARY KEY (`id_asset_code`)
) ENGINE=InnoDB DEFAULT CHARSET=latin1;
/*!40101 SET character_set_client = @saved_cs_client */;

--
-- Dumping data for table `asset_code`
--

LOCK TABLES `asset_code` WRITE;
/*!40000 ALTER TABLE `asset_code` DISABLE KEYS */;
/*!40000 ALTER TABLE `asset_code` ENABLE KEYS */;
UNLOCK TABLES;

--
-- Table structure for table `asset_item`
--

DROP TABLE IF EXISTS `asset_item`;
/*!40101 SET @saved_cs_client     = @@character_set_client */;
/*!40101 SET character_set_client = utf8 */;
CREATE TABLE `asset_item` (
  `id_asset_item` bigint(20) NOT NULL AUTO_INCREMENT,
  `id_asset_master` bigint(20) NOT NULL,
  `number1` varchar(250) DEFAULT NULL,
  `number2` varchar(250) DEFAULT NULL,
  `number3` varchar(250) DEFAULT NULL,
  `picture1` varchar(250) DEFAULT NULL,
  `picture2` varchar(250) DEFAULT NULL,
  `picture3` varchar(250) DEFAULT NULL,
  `picture4` varchar(250) DEFAULT NULL,
  `picture5` varchar(250) DEFAULT NULL,
  `caption_picture1` varchar(250) DEFAULT NULL,
  `caption_picture2` varchar(250) DEFAULT NULL,
  `caption_picture3` varchar(250) DEFAULT NULL,
  `caption_picture4` varchar(250) DEFAULT NULL,
  `caption_picture5` varchar(250) DEFAULT NULL,
  `id_asset_received` bigint(20) NOT NULL,
  `id_asset_item_location` bigint(20) NOT NULL,
  `id_type_asset_item1` int(11) DEFAULT NULL,
  `id_type_asset_item2` int(11) DEFAULT NULL,
  `id_type_asset_item3` int(11) DEFAULT NULL,
  `id_type_asset_item4` int(11) DEFAULT NULL,
  `id_type_asset_item5` int(11) DEFAULT NULL,
  `file1` varchar(250) DEFAULT NULL,
  `file2` varchar(250) DEFAULT NULL,
  `file3` varchar(250) DEFAULT NULL,
  `label1` varchar(250) DEFAULT NULL,
  `label2` varchar(250) DEFAULT NULL,
  `label3` varchar(250) DEFAULT NULL,
  `label4` varchar(250) DEFAULT NULL,
  `label5` varchar(250) DEFAULT NULL,
  PRIMARY KEY (`id_asset_item`),
  KEY `id_asset_master` (`id_asset_master`),
  KEY `id_asset_received` (`id_asset_received`),
  KEY `id_asset_item_location` (`id_asset_item_location`)
) ENGINE=InnoDB AUTO_INCREMENT=1021 DEFAULT CHARSET=latin1;
/*!40101 SET character_set_client = @saved_cs_client */;

--
-- Dumping data for table `asset_item`
--

LOCK TABLES `asset_item` WRITE;
/*!40000 ALTER TABLE `asset_item` DISABLE KEYS */;
INSERT INTO `asset_item` VALUES (6,2,'231','1',NULL,NULL,NULL,NULL,NULL,NULL,NULL,NULL,NULL,NULL,NULL,11,13,10,100,NULL,NULL,NULL,'file_asset_6.pdf',NULL,NULL,'','',NULL,NULL,NULL),(7,2,'232','2',NULL,NULL,NULL,NULL,NULL,NULL,NULL,NULL,NULL,NULL,NULL,12,14,10,100,NULL,NULL,NULL,NULL,NULL,NULL,'','',NULL,NULL,NULL),(8,2,'235','3',NULL,NULL,NULL,NULL,NULL,NULL,NULL,NULL,NULL,NULL,NULL,13,15,10,100,NULL,NULL,NULL,NULL,NULL,NULL,'','',NULL,NULL,NULL),(9,2,'236','4',NULL,NULL,NULL,NULL,NULL,NULL,NULL,NULL,NULL,NULL,NULL,14,16,10,100,NULL,NULL,NULL,NULL,NULL,NULL,'','',NULL,NULL,NULL),(10,4,'40','5',NULL,NULL,NULL,NULL,NULL,NULL,NULL,NULL,NULL,NULL,NULL,15,17,10,100,NULL,NULL,NULL,NULL,NULL,NULL,'','',NULL,NULL,NULL),(11,4,'34','6',NULL,NULL,NULL,NULL,NULL,NULL,NULL,NULL,NULL,NULL,NULL,16,18,10,100,NULL,NULL,NULL,NULL,NULL,NULL,'','',NULL,NULL,NULL),(12,4,'33','7',NULL,NULL,NULL,NULL,NULL,NULL,NULL,NULL,NULL,NULL,NULL,17,19,10,100,NULL,NULL,NULL,NULL,NULL,NULL,'','',NULL,NULL,NULL),(13,4,'37','8',NULL,NULL,NULL,NULL,NULL,NULL,NULL,NULL,NULL,NULL,NULL,18,20,10,100,NULL,NULL,NULL,NULL,NULL,NULL,'','',NULL,NULL,NULL),(14,4,'39','9',NULL,NULL,NULL,NULL,NULL,NULL,NULL,NULL,NULL,NULL,NULL,19,21,10,100,NULL,NULL,NULL,NULL,NULL,NULL,'','',NULL,NULL,NULL),(15,4,'27','10',NULL,NULL,NULL,NULL,NULL,NULL,NULL,NULL,NULL,NULL,NULL,20,22,10,100,NULL,NULL,NULL,NULL,NULL,NULL,'','',NULL,NULL,NULL),(16,4,'36','11',NULL,NULL,NULL,NULL,NULL,NULL,NULL,NULL,NULL,NULL,NULL,21,23,10,100,NULL,NULL,NULL,NULL,NULL,NULL,'','',NULL,NULL,NULL),(17,2,'73','101',NULL,NULL,NULL,NULL,NULL,NULL,NULL,NULL,NULL,NULL,NULL,22,24,10,100,NULL,NULL,NULL,NULL,NULL,NULL,'','',NULL,NULL,NULL),(18,2,'79','102',NULL,NULL,NULL,NULL,NULL,NULL,NULL,NULL,NULL,NULL,NULL,23,25,10,100,NULL,NULL,NULL,NULL,NULL,NULL,'','',NULL,NULL,NULL),(19,2,'80','103',NULL,NULL,NULL,NULL,NULL,NULL,NULL,NULL,NULL,NULL,NULL,24,26,10,100,NULL,NULL,NULL,NULL,NULL,NULL,'','',NULL,NULL,NULL),(20,2,'84','104',NULL,NULL,NULL,NULL,NULL,NULL,NULL,NULL,NULL,NULL,NULL,25,27,10,100,NULL,NULL,NULL,NULL,NULL,NULL,'','',NULL,NULL,NULL),(21,4,'50','12',NULL,NULL,NULL,NULL,NULL,NULL,NULL,NULL,NULL,NULL,NULL,26,28,10,100,NULL,NULL,NULL,NULL,NULL,NULL,'','',NULL,NULL,NULL),(22,2,'88','105',NULL,NULL,NULL,NULL,NULL,NULL,NULL,NULL,NULL,NULL,NULL,27,29,10,100,NULL,NULL,NULL,NULL,NULL,NULL,'','',NULL,NULL,NULL),(23,4,'31','13',NULL,'asset_item_picture1_23.jpg',NULL,NULL,NULL,NULL,'','','','','',28,30,10,100,NULL,NULL,NULL,NULL,NULL,NULL,'','',NULL,NULL,NULL),(24,2,'89','106',NULL,NULL,NULL,NULL,NULL,NULL,NULL,NULL,NULL,NULL,NULL,29,31,10,100,NULL,NULL,NULL,NULL,NULL,NULL,'','',NULL,NULL,NULL),(25,2,'98','107',NULL,NULL,NULL,NULL,NULL,NULL,NULL,NULL,NULL,NULL,NULL,30,32,10,100,NULL,NULL,NULL,NULL,NULL,NULL,'','',NULL,NULL,NULL),(26,4,'16','14',NULL,NULL,NULL,NULL,NULL,NULL,NULL,NULL,NULL,NULL,NULL,31,33,10,100,NULL,NULL,NULL,NULL,NULL,NULL,'','',NULL,NULL,NULL),(27,2,'101','108',NULL,NULL,NULL,NULL,NULL,NULL,NULL,NULL,NULL,NULL,NULL,32,34,10,100,NULL,NULL,NULL,NULL,NULL,NULL,'','',NULL,NULL,NULL),(28,2,'102','109',NULL,NULL,NULL,NULL,NULL,NULL,NULL,NULL,NULL,NULL,NULL,33,35,10,100,NULL,NULL,NULL,NULL,NULL,NULL,'','',NULL,NULL,NULL),(29,4,'15','15',NULL,NULL,NULL,NULL,NULL,NULL,NULL,NULL,NULL,NULL,NULL,34,36,10,100,NULL,NULL,NULL,NULL,NULL,NULL,'','',NULL,NULL,NULL),(30,2,'105','110',NULL,NULL,NULL,NULL,NULL,NULL,NULL,NULL,NULL,NULL,NULL,35,37,10,100,NULL,NULL,NULL,NULL,NULL,NULL,'','',NULL,NULL,NULL),(31,2,'106','111',NULL,NULL,NULL,NULL,NULL,NULL,NULL,NULL,NULL,NULL,NULL,36,38,10,100,NULL,NULL,NULL,NULL,NULL,NULL,'','',NULL,NULL,NULL),(32,4,'35','16',NULL,NULL,NULL,NULL,NULL,NULL,NULL,NULL,NULL,NULL,NULL,37,39,10,100,NULL,NULL,NULL,NULL,NULL,NULL,'','',NULL,NULL,NULL),(33,2,'107','112',NULL,NULL,NULL,NULL,NULL,NULL,NULL,NULL,NULL,NULL,NULL,38,40,10,100,NULL,NULL,NULL,NULL,NULL,NULL,'','',NULL,NULL,NULL),(34,2,'108','113',NULL,NULL,NULL,NULL,NULL,NULL,NULL,NULL,NULL,NULL,NULL,39,41,10,100,NULL,NULL,NULL,NULL,NULL,NULL,'','',NULL,NULL,NULL),(35,4,'43','17',NULL,NULL,NULL,NULL,NULL,NULL,NULL,NULL,NULL,NULL,NULL,40,42,10,100,NULL,NULL,NULL,NULL,NULL,NULL,'','',NULL,NULL,NULL),(36,2,'109','114',NULL,NULL,NULL,NULL,NULL,NULL,NULL,NULL,NULL,NULL,NULL,41,43,10,100,NULL,NULL,NULL,NULL,NULL,NULL,'','',NULL,NULL,NULL),(37,4,'38.','18',NULL,NULL,NULL,NULL,NULL,NULL,NULL,NULL,NULL,NULL,NULL,42,44,10,100,NULL,NULL,NULL,NULL,NULL,NULL,'','',NULL,NULL,NULL),(38,2,'110','115',NULL,NULL,NULL,NULL,NULL,NULL,NULL,NULL,NULL,NULL,NULL,43,45,10,100,NULL,NULL,NULL,NULL,NULL,NULL,'','',NULL,NULL,NULL),(39,2,'111','116',NULL,NULL,NULL,NULL,NULL,NULL,NULL,NULL,NULL,NULL,NULL,44,46,10,100,NULL,NULL,NULL,NULL,NULL,NULL,'','',NULL,NULL,NULL),(40,2,'112','117',NULL,NULL,NULL,NULL,NULL,NULL,NULL,NULL,NULL,NULL,NULL,45,47,10,100,NULL,NULL,NULL,NULL,NULL,NULL,'','',NULL,NULL,NULL),(41,2,'113','118',NULL,NULL,NULL,NULL,NULL,NULL,NULL,NULL,NULL,NULL,NULL,46,48,10,100,NULL,NULL,NULL,NULL,NULL,NULL,'','',NULL,NULL,NULL),(42,2,'116','119',NULL,NULL,NULL,NULL,NULL,NULL,NULL,NULL,NULL,NULL,NULL,47,49,10,100,NULL,NULL,NULL,NULL,NULL,NULL,'','',NULL,NULL,NULL),(43,4,'32','19',NULL,NULL,NULL,NULL,NULL,NULL,NULL,NULL,NULL,NULL,NULL,48,50,10,100,NULL,NULL,NULL,NULL,NULL,NULL,'','',NULL,NULL,NULL),(44,2,'117','120',NULL,NULL,NULL,NULL,NULL,NULL,NULL,NULL,NULL,NULL,NULL,49,51,10,100,NULL,NULL,NULL,NULL,NULL,NULL,'','',NULL,NULL,NULL),(45,4,'41','20',NULL,NULL,NULL,NULL,NULL,NULL,NULL,NULL,NULL,NULL,NULL,50,52,10,100,NULL,NULL,NULL,NULL,NULL,NULL,'','',NULL,NULL,NULL),(46,2,'119','121',NULL,NULL,NULL,NULL,NULL,NULL,NULL,NULL,NULL,NULL,NULL,51,53,10,100,NULL,NULL,NULL,NULL,NULL,NULL,'','',NULL,NULL,NULL),(47,2,'120','122',NULL,'asset_item47.jpg',NULL,NULL,NULL,NULL,NULL,NULL,NULL,NULL,NULL,52,54,10,100,NULL,NULL,NULL,NULL,NULL,NULL,'','',NULL,NULL,NULL),(48,2,'207','123',NULL,NULL,NULL,NULL,NULL,NULL,NULL,NULL,NULL,NULL,NULL,53,55,10,100,NULL,NULL,NULL,NULL,NULL,NULL,'','',NULL,NULL,NULL),(49,2,'211','124',NULL,'asset_item49.jpg',NULL,NULL,NULL,NULL,NULL,NULL,NULL,NULL,NULL,54,56,10,100,NULL,NULL,NULL,NULL,NULL,NULL,'','',NULL,NULL,NULL),(50,2,'215','125',NULL,'asset_item50.jpg',NULL,NULL,NULL,NULL,NULL,NULL,NULL,NULL,NULL,55,57,10,100,NULL,NULL,NULL,NULL,NULL,NULL,'','',NULL,NULL,NULL),(51,4,'28','21',NULL,NULL,NULL,NULL,NULL,NULL,NULL,NULL,NULL,NULL,NULL,56,58,10,100,NULL,NULL,NULL,NULL,NULL,NULL,'','',NULL,NULL,NULL),(52,2,'241','126',NULL,NULL,NULL,NULL,NULL,NULL,NULL,NULL,NULL,NULL,NULL,57,59,10,100,NULL,NULL,NULL,NULL,NULL,NULL,'','',NULL,NULL,NULL),(53,4,'48','22',NULL,NULL,NULL,NULL,NULL,NULL,NULL,NULL,NULL,NULL,NULL,58,60,10,100,NULL,NULL,NULL,NULL,NULL,NULL,'','',NULL,NULL,NULL),(54,4,'42','23',NULL,NULL,NULL,NULL,NULL,NULL,NULL,NULL,NULL,NULL,NULL,59,61,10,100,NULL,NULL,NULL,NULL,NULL,NULL,'','',NULL,NULL,NULL),(55,2,'263','127',NULL,NULL,NULL,NULL,NULL,NULL,NULL,NULL,NULL,NULL,NULL,60,62,10,100,NULL,NULL,NULL,NULL,NULL,NULL,'','',NULL,NULL,NULL),(56,2,'264','128',NULL,NULL,NULL,NULL,NULL,NULL,NULL,NULL,NULL,NULL,NULL,61,63,10,100,NULL,NULL,NULL,NULL,NULL,NULL,'','',NULL,NULL,NULL),(57,2,'265','129',NULL,NULL,NULL,NULL,NULL,NULL,NULL,NULL,NULL,NULL,NULL,62,64,10,100,NULL,NULL,NULL,NULL,NULL,NULL,'','',NULL,NULL,NULL),(58,4,'46','24',NULL,NULL,NULL,NULL,NULL,NULL,NULL,NULL,NULL,NULL,NULL,63,65,10,100,NULL,NULL,NULL,NULL,NULL,NULL,'','',NULL,NULL,NULL),(59,2,'266','130',NULL,NULL,NULL,NULL,NULL,NULL,NULL,NULL,NULL,NULL,NULL,64,66,10,100,NULL,NULL,NULL,NULL,NULL,NULL,'','',NULL,NULL,NULL),(60,2,'267','131',NULL,NULL,NULL,NULL,NULL,NULL,NULL,NULL,NULL,NULL,NULL,65,67,10,100,NULL,NULL,NULL,NULL,NULL,NULL,'','',NULL,NULL,NULL),(61,4,'21','25',NULL,NULL,NULL,NULL,NULL,NULL,NULL,NULL,NULL,NULL,NULL,66,68,10,100,NULL,NULL,NULL,NULL,NULL,NULL,'','',NULL,NULL,NULL),(62,2,'268','132',NULL,NULL,NULL,NULL,NULL,NULL,NULL,NULL,NULL,NULL,NULL,67,69,10,100,NULL,NULL,NULL,NULL,NULL,NULL,'','',NULL,NULL,NULL),(63,2,'226','133',NULL,NULL,NULL,NULL,NULL,NULL,NULL,NULL,NULL,NULL,NULL,68,70,10,100,NULL,NULL,NULL,NULL,NULL,NULL,'','',NULL,NULL,NULL),(64,4,'11','26',NULL,NULL,NULL,NULL,NULL,NULL,NULL,NULL,NULL,NULL,NULL,69,71,10,100,NULL,NULL,NULL,NULL,NULL,NULL,'','',NULL,NULL,NULL),(65,2,'227','134',NULL,NULL,NULL,NULL,NULL,NULL,NULL,NULL,NULL,NULL,NULL,70,72,10,100,NULL,NULL,NULL,NULL,NULL,NULL,'','',NULL,NULL,NULL),(66,4,'18','27',NULL,NULL,NULL,NULL,NULL,NULL,NULL,NULL,NULL,NULL,NULL,71,73,10,100,NULL,NULL,NULL,NULL,NULL,NULL,'','',NULL,NULL,NULL),(67,2,'228','135',NULL,NULL,NULL,NULL,NULL,NULL,NULL,NULL,NULL,NULL,NULL,72,74,10,100,NULL,NULL,NULL,NULL,NULL,NULL,'','',NULL,NULL,NULL),(68,2,'229','136',NULL,NULL,NULL,NULL,NULL,NULL,NULL,NULL,NULL,NULL,NULL,73,75,10,100,NULL,NULL,NULL,NULL,NULL,NULL,'','',NULL,NULL,NULL),(69,4,'49','28',NULL,NULL,NULL,NULL,NULL,NULL,NULL,NULL,NULL,NULL,NULL,74,76,10,100,NULL,NULL,NULL,NULL,NULL,NULL,'','',NULL,NULL,NULL),(70,2,'233','137',NULL,NULL,NULL,NULL,NULL,NULL,NULL,NULL,NULL,NULL,NULL,75,77,10,100,NULL,NULL,NULL,NULL,NULL,NULL,'','',NULL,NULL,NULL),(71,2,'234','138',NULL,NULL,NULL,NULL,NULL,NULL,NULL,NULL,NULL,NULL,NULL,76,78,10,100,NULL,NULL,NULL,NULL,NULL,NULL,'','',NULL,NULL,NULL),(72,2,'237','139',NULL,NULL,NULL,NULL,NULL,NULL,NULL,NULL,NULL,NULL,NULL,77,79,10,100,NULL,NULL,NULL,NULL,NULL,NULL,'','',NULL,NULL,NULL),(73,4,'22','29',NULL,NULL,NULL,NULL,NULL,NULL,NULL,NULL,NULL,NULL,NULL,78,80,10,100,NULL,NULL,NULL,NULL,NULL,NULL,'','',NULL,NULL,NULL),(74,4,'114','140',NULL,NULL,NULL,NULL,NULL,NULL,NULL,NULL,NULL,NULL,NULL,79,81,10,100,NULL,NULL,NULL,NULL,NULL,NULL,'','',NULL,NULL,NULL),(75,4,'163','141',NULL,NULL,NULL,NULL,NULL,NULL,NULL,NULL,NULL,NULL,NULL,80,82,10,100,NULL,NULL,NULL,NULL,NULL,NULL,'','',NULL,NULL,NULL),(76,4,'1','142',NULL,NULL,NULL,NULL,NULL,NULL,NULL,NULL,NULL,NULL,NULL,81,83,10,100,NULL,NULL,NULL,NULL,NULL,NULL,'','',NULL,NULL,NULL),(77,4,'2','143',NULL,NULL,NULL,NULL,NULL,NULL,NULL,NULL,NULL,NULL,NULL,82,84,10,100,NULL,NULL,NULL,NULL,NULL,NULL,'','',NULL,NULL,NULL),(78,4,'158','144',NULL,NULL,NULL,NULL,NULL,NULL,NULL,NULL,NULL,NULL,NULL,83,85,10,100,NULL,NULL,NULL,NULL,NULL,NULL,'','',NULL,NULL,NULL),(79,4,'99','145',NULL,NULL,NULL,NULL,NULL,NULL,NULL,NULL,NULL,NULL,NULL,84,86,10,100,NULL,NULL,NULL,NULL,NULL,NULL,'','',NULL,NULL,NULL),(80,4,'160','146',NULL,NULL,NULL,NULL,NULL,NULL,NULL,NULL,NULL,NULL,NULL,85,87,10,100,NULL,NULL,NULL,NULL,NULL,NULL,'','',NULL,NULL,NULL),(81,4,'115','147',NULL,NULL,NULL,NULL,NULL,NULL,NULL,NULL,NULL,NULL,NULL,86,88,10,100,NULL,NULL,NULL,NULL,NULL,NULL,'','',NULL,NULL,NULL),(82,4,'92','148',NULL,NULL,NULL,NULL,NULL,NULL,NULL,NULL,NULL,NULL,NULL,87,89,10,100,NULL,NULL,NULL,NULL,NULL,NULL,'','',NULL,NULL,NULL),(83,4,'109','149',NULL,NULL,NULL,NULL,NULL,NULL,NULL,NULL,NULL,NULL,NULL,88,90,10,100,NULL,NULL,NULL,NULL,NULL,NULL,'','',NULL,NULL,NULL),(84,4,'93','150',NULL,NULL,NULL,NULL,NULL,NULL,NULL,NULL,NULL,NULL,NULL,89,91,10,100,NULL,NULL,NULL,NULL,NULL,NULL,'','',NULL,NULL,NULL),(85,4,'165','151',NULL,NULL,NULL,NULL,NULL,NULL,NULL,NULL,NULL,NULL,NULL,90,92,10,100,NULL,NULL,NULL,NULL,NULL,NULL,'','',NULL,NULL,NULL),(86,4,'171','152',NULL,NULL,NULL,NULL,NULL,NULL,NULL,NULL,NULL,NULL,NULL,91,93,10,100,NULL,NULL,NULL,NULL,NULL,NULL,'','',NULL,NULL,NULL),(87,4,'146','153',NULL,NULL,NULL,NULL,NULL,NULL,NULL,NULL,NULL,NULL,NULL,92,94,10,100,NULL,NULL,NULL,NULL,NULL,NULL,'','',NULL,NULL,NULL),(88,4,'125','154',NULL,NULL,NULL,NULL,NULL,NULL,NULL,NULL,NULL,NULL,NULL,93,95,10,100,NULL,NULL,NULL,NULL,NULL,NULL,'','',NULL,NULL,NULL),(89,4,'98','155',NULL,NULL,NULL,NULL,NULL,NULL,NULL,NULL,NULL,NULL,NULL,94,96,10,100,NULL,NULL,NULL,NULL,NULL,NULL,'','',NULL,NULL,NULL),(90,4,'118','156',NULL,NULL,NULL,NULL,NULL,NULL,NULL,NULL,NULL,NULL,NULL,95,97,10,100,NULL,NULL,NULL,NULL,NULL,NULL,'','',NULL,NULL,NULL),(91,4,'3','157',NULL,NULL,NULL,NULL,NULL,NULL,NULL,NULL,NULL,NULL,NULL,96,98,10,100,NULL,NULL,NULL,NULL,NULL,NULL,'','',NULL,NULL,NULL),(92,4,'82','158',NULL,NULL,NULL,NULL,NULL,NULL,NULL,NULL,NULL,NULL,NULL,97,99,10,100,NULL,NULL,NULL,NULL,NULL,NULL,'','',NULL,NULL,NULL),(93,4,'121','159',NULL,NULL,NULL,NULL,NULL,NULL,NULL,NULL,NULL,NULL,NULL,98,100,10,100,NULL,NULL,NULL,NULL,NULL,NULL,'','',NULL,NULL,NULL),(94,4,'66','160',NULL,NULL,NULL,NULL,NULL,NULL,NULL,NULL,NULL,NULL,NULL,99,101,10,100,NULL,NULL,NULL,NULL,NULL,NULL,'','',NULL,NULL,NULL),(95,4,'122','161',NULL,NULL,NULL,NULL,NULL,NULL,NULL,NULL,NULL,NULL,NULL,100,102,10,100,NULL,NULL,NULL,NULL,NULL,NULL,'','',NULL,NULL,NULL),(96,4,'137','162',NULL,NULL,NULL,NULL,NULL,NULL,NULL,NULL,NULL,NULL,NULL,101,103,10,100,NULL,NULL,NULL,NULL,NULL,NULL,'','',NULL,NULL,NULL),(97,4,'123','163',NULL,NULL,NULL,NULL,NULL,NULL,NULL,NULL,NULL,NULL,NULL,102,104,10,100,NULL,NULL,NULL,NULL,NULL,NULL,'','',NULL,NULL,NULL),(98,4,'116','164',NULL,NULL,NULL,NULL,NULL,NULL,NULL,NULL,NULL,NULL,NULL,103,105,10,100,NULL,NULL,NULL,NULL,NULL,NULL,'','',NULL,NULL,NULL),(99,4,'243','165',NULL,NULL,NULL,NULL,NULL,NULL,NULL,NULL,NULL,NULL,NULL,104,106,10,100,NULL,NULL,NULL,NULL,NULL,NULL,'','',NULL,NULL,NULL),(100,4,'244','166',NULL,NULL,NULL,NULL,NULL,NULL,NULL,NULL,NULL,NULL,NULL,105,107,10,100,NULL,NULL,NULL,NULL,NULL,NULL,'','',NULL,NULL,NULL),(101,4,'245',NULL,NULL,NULL,NULL,NULL,NULL,NULL,NULL,NULL,NULL,NULL,NULL,106,108,10,100,NULL,NULL,NULL,NULL,NULL,NULL,'','',NULL,NULL,NULL),(103,4,'246',NULL,NULL,NULL,NULL,NULL,NULL,NULL,NULL,NULL,NULL,NULL,NULL,108,110,10,100,NULL,NULL,NULL,NULL,NULL,NULL,'','',NULL,NULL,NULL),(104,4,'247',NULL,NULL,NULL,NULL,NULL,NULL,NULL,NULL,NULL,NULL,NULL,NULL,109,111,10,100,NULL,NULL,NULL,NULL,NULL,NULL,'','',NULL,NULL,NULL),(105,4,'248',NULL,NULL,NULL,NULL,NULL,NULL,NULL,NULL,NULL,NULL,NULL,NULL,110,112,10,100,NULL,NULL,NULL,NULL,NULL,NULL,'','',NULL,NULL,NULL),(106,4,'52',NULL,NULL,NULL,NULL,NULL,NULL,NULL,NULL,NULL,NULL,NULL,NULL,111,113,10,100,NULL,NULL,NULL,NULL,NULL,NULL,'','',NULL,NULL,NULL),(107,4,'117',NULL,NULL,NULL,NULL,NULL,NULL,NULL,NULL,NULL,NULL,NULL,NULL,112,114,10,100,NULL,NULL,NULL,NULL,NULL,NULL,'','',NULL,NULL,NULL),(108,4,'69',NULL,NULL,NULL,NULL,NULL,NULL,NULL,NULL,NULL,NULL,NULL,NULL,113,115,10,100,NULL,NULL,NULL,NULL,NULL,NULL,'','',NULL,NULL,NULL),(109,4,'70',NULL,NULL,NULL,NULL,NULL,NULL,NULL,NULL,NULL,NULL,NULL,NULL,114,116,10,100,NULL,NULL,NULL,NULL,NULL,NULL,'','',NULL,NULL,NULL),(110,4,'72',NULL,NULL,NULL,NULL,NULL,NULL,NULL,NULL,NULL,NULL,NULL,NULL,115,117,10,100,NULL,NULL,NULL,NULL,NULL,NULL,'','',NULL,NULL,NULL),(112,4,'4',NULL,NULL,NULL,NULL,NULL,NULL,NULL,NULL,NULL,NULL,NULL,NULL,117,119,10,100,NULL,NULL,NULL,NULL,NULL,NULL,'','',NULL,NULL,NULL),(113,4,'74',NULL,NULL,NULL,NULL,NULL,NULL,NULL,NULL,NULL,NULL,NULL,NULL,118,120,10,100,NULL,NULL,NULL,NULL,NULL,NULL,'','',NULL,NULL,NULL),(114,4,'78',NULL,NULL,NULL,NULL,NULL,NULL,NULL,NULL,NULL,NULL,NULL,NULL,119,121,10,100,NULL,NULL,NULL,NULL,NULL,NULL,'','',NULL,NULL,NULL),(115,4,'76',NULL,NULL,NULL,NULL,NULL,NULL,NULL,NULL,NULL,NULL,NULL,NULL,120,122,10,100,NULL,NULL,NULL,NULL,NULL,NULL,'','',NULL,NULL,NULL),(116,4,'68',NULL,NULL,NULL,NULL,NULL,NULL,NULL,NULL,NULL,NULL,NULL,NULL,121,123,10,100,NULL,NULL,NULL,NULL,NULL,NULL,'','',NULL,NULL,NULL),(117,4,'10',NULL,NULL,NULL,NULL,NULL,NULL,NULL,NULL,NULL,NULL,NULL,NULL,122,124,10,100,NULL,NULL,NULL,NULL,NULL,NULL,'','',NULL,NULL,NULL),(118,4,'45',NULL,NULL,NULL,NULL,NULL,NULL,NULL,NULL,NULL,NULL,NULL,NULL,123,125,10,100,NULL,NULL,NULL,NULL,NULL,NULL,'','',NULL,NULL,NULL),(119,4,'12',NULL,NULL,NULL,NULL,NULL,NULL,NULL,NULL,NULL,NULL,NULL,NULL,124,126,10,100,NULL,NULL,NULL,NULL,NULL,NULL,'','',NULL,NULL,NULL),(120,4,'51',NULL,NULL,NULL,NULL,NULL,NULL,NULL,NULL,NULL,NULL,NULL,NULL,125,127,10,100,NULL,NULL,NULL,NULL,NULL,NULL,'','',NULL,NULL,NULL),(121,4,'13',NULL,NULL,NULL,NULL,NULL,NULL,NULL,NULL,NULL,NULL,NULL,NULL,126,128,10,100,NULL,NULL,NULL,NULL,NULL,NULL,'','',NULL,NULL,NULL),(122,4,'14',NULL,NULL,NULL,NULL,NULL,NULL,NULL,NULL,NULL,NULL,NULL,NULL,127,129,10,100,NULL,NULL,NULL,NULL,NULL,NULL,'','',NULL,NULL,NULL),(123,4,'30',NULL,NULL,NULL,NULL,NULL,NULL,NULL,NULL,NULL,NULL,NULL,NULL,128,130,10,100,NULL,NULL,NULL,NULL,NULL,NULL,'','',NULL,NULL,NULL),(124,4,'44',NULL,NULL,NULL,NULL,NULL,NULL,NULL,NULL,NULL,NULL,NULL,NULL,129,131,10,100,NULL,NULL,NULL,NULL,NULL,NULL,'','',NULL,NULL,NULL),(126,4,'20',NULL,NULL,NULL,NULL,NULL,NULL,NULL,NULL,NULL,NULL,NULL,NULL,130,133,10,100,NULL,NULL,NULL,NULL,NULL,NULL,'','',NULL,NULL,NULL),(127,4,'19',NULL,NULL,NULL,NULL,NULL,NULL,NULL,NULL,NULL,NULL,NULL,NULL,131,134,10,100,NULL,NULL,NULL,NULL,NULL,NULL,'','',NULL,NULL,NULL),(128,4,'23',NULL,NULL,NULL,NULL,NULL,NULL,NULL,NULL,NULL,NULL,NULL,NULL,132,135,10,100,NULL,NULL,NULL,NULL,NULL,NULL,'','',NULL,NULL,NULL),(129,4,'29',NULL,NULL,NULL,NULL,NULL,NULL,NULL,NULL,NULL,NULL,NULL,NULL,133,136,10,100,NULL,NULL,NULL,NULL,NULL,NULL,'','',NULL,NULL,NULL),(130,4,'24',NULL,NULL,NULL,NULL,NULL,NULL,NULL,NULL,NULL,NULL,NULL,NULL,134,137,10,100,NULL,NULL,NULL,NULL,NULL,NULL,'','',NULL,NULL,NULL),(131,4,'25',NULL,NULL,NULL,NULL,NULL,NULL,NULL,NULL,NULL,NULL,NULL,NULL,135,138,10,100,NULL,NULL,NULL,NULL,NULL,NULL,'','',NULL,NULL,NULL),(132,4,'17',NULL,NULL,NULL,NULL,NULL,NULL,NULL,NULL,NULL,NULL,NULL,NULL,136,139,10,100,NULL,NULL,NULL,NULL,NULL,NULL,'','',NULL,NULL,NULL),(133,4,'7',NULL,NULL,NULL,NULL,NULL,NULL,NULL,NULL,NULL,NULL,NULL,NULL,137,140,10,100,NULL,NULL,NULL,NULL,NULL,NULL,'','',NULL,NULL,NULL),(134,4,'9',NULL,NULL,NULL,NULL,NULL,NULL,NULL,NULL,NULL,NULL,NULL,NULL,138,141,10,100,NULL,NULL,NULL,NULL,NULL,NULL,'','',NULL,NULL,NULL),(135,4,'8',NULL,NULL,NULL,NULL,NULL,NULL,NULL,NULL,NULL,NULL,NULL,NULL,139,142,10,100,NULL,NULL,NULL,NULL,NULL,NULL,'','',NULL,NULL,NULL),(137,4,'26',NULL,NULL,NULL,NULL,NULL,NULL,NULL,NULL,NULL,NULL,NULL,NULL,141,144,10,100,NULL,NULL,NULL,NULL,NULL,NULL,'','',NULL,NULL,NULL),(138,4,'47',NULL,NULL,NULL,NULL,NULL,NULL,NULL,NULL,NULL,NULL,NULL,NULL,142,145,10,100,NULL,NULL,NULL,NULL,NULL,NULL,'','',NULL,NULL,NULL),(139,5,'46',NULL,NULL,NULL,NULL,NULL,NULL,NULL,NULL,NULL,NULL,NULL,NULL,143,146,10,100,NULL,NULL,NULL,NULL,NULL,NULL,'','',NULL,NULL,NULL),(140,5,'30',NULL,NULL,NULL,NULL,NULL,NULL,NULL,NULL,NULL,NULL,NULL,NULL,144,147,10,100,NULL,NULL,NULL,NULL,NULL,NULL,'','',NULL,NULL,NULL),(141,5,'24',NULL,NULL,NULL,NULL,NULL,NULL,NULL,NULL,NULL,NULL,NULL,NULL,145,148,10,100,NULL,NULL,NULL,NULL,NULL,NULL,'','',NULL,NULL,NULL),(142,5,'44',NULL,NULL,NULL,NULL,NULL,NULL,NULL,NULL,NULL,NULL,NULL,NULL,146,149,10,100,NULL,NULL,NULL,NULL,NULL,NULL,'','',NULL,NULL,NULL),(143,5,'21',NULL,NULL,NULL,NULL,NULL,NULL,NULL,NULL,NULL,NULL,NULL,NULL,147,150,10,100,NULL,NULL,NULL,NULL,NULL,NULL,'','',NULL,NULL,NULL),(144,5,'45',NULL,NULL,NULL,NULL,NULL,NULL,NULL,NULL,NULL,NULL,NULL,NULL,148,151,10,100,NULL,NULL,NULL,NULL,NULL,NULL,'','',NULL,NULL,NULL),(145,5,'35',NULL,NULL,NULL,NULL,NULL,NULL,NULL,NULL,NULL,NULL,NULL,NULL,149,152,10,100,NULL,NULL,NULL,NULL,NULL,NULL,'','',NULL,NULL,NULL),(146,5,'34',NULL,NULL,NULL,NULL,NULL,NULL,NULL,NULL,NULL,NULL,NULL,NULL,150,153,10,100,NULL,NULL,NULL,NULL,NULL,NULL,'','',NULL,NULL,NULL),(147,5,'29',NULL,NULL,NULL,NULL,NULL,NULL,NULL,NULL,NULL,NULL,NULL,NULL,151,154,10,100,NULL,NULL,NULL,NULL,NULL,NULL,'','',NULL,NULL,NULL),(148,5,'25',NULL,NULL,NULL,NULL,NULL,NULL,NULL,NULL,NULL,NULL,NULL,NULL,152,155,10,100,NULL,NULL,NULL,NULL,NULL,NULL,'','',NULL,NULL,NULL),(149,5,'33',NULL,NULL,NULL,NULL,NULL,NULL,NULL,NULL,NULL,NULL,NULL,NULL,153,156,10,100,NULL,NULL,NULL,NULL,NULL,NULL,'','',NULL,NULL,NULL),(150,5,'43',NULL,NULL,NULL,NULL,NULL,NULL,NULL,NULL,NULL,NULL,NULL,NULL,154,157,10,100,NULL,NULL,NULL,NULL,NULL,NULL,'','',NULL,NULL,NULL),(151,5,'27',NULL,NULL,NULL,NULL,NULL,NULL,NULL,NULL,NULL,NULL,NULL,NULL,155,158,10,100,NULL,NULL,NULL,NULL,NULL,NULL,'','',NULL,NULL,NULL),(152,5,'22',NULL,NULL,NULL,NULL,NULL,NULL,NULL,NULL,NULL,NULL,NULL,NULL,156,159,10,100,NULL,NULL,NULL,NULL,NULL,NULL,'','',NULL,NULL,NULL),(153,5,'26',NULL,NULL,NULL,NULL,NULL,NULL,NULL,NULL,NULL,NULL,NULL,NULL,157,160,10,100,NULL,NULL,NULL,NULL,NULL,NULL,'','',NULL,NULL,NULL),(154,5,'42',NULL,NULL,NULL,NULL,NULL,NULL,NULL,NULL,NULL,NULL,NULL,NULL,158,161,10,100,NULL,NULL,NULL,NULL,NULL,NULL,'','',NULL,NULL,NULL),(158,5,'18',NULL,NULL,NULL,NULL,NULL,NULL,NULL,NULL,NULL,NULL,NULL,NULL,162,166,10,100,NULL,NULL,NULL,NULL,NULL,NULL,'','',NULL,NULL,NULL),(159,5,'20',NULL,NULL,NULL,NULL,NULL,NULL,NULL,NULL,NULL,NULL,NULL,NULL,163,167,10,100,NULL,NULL,NULL,NULL,NULL,NULL,'','',NULL,NULL,NULL),(160,5,'28',NULL,NULL,NULL,NULL,NULL,NULL,NULL,NULL,NULL,NULL,NULL,NULL,164,168,10,100,NULL,NULL,NULL,NULL,NULL,NULL,'','',NULL,NULL,NULL),(161,5,'16',NULL,NULL,NULL,NULL,NULL,NULL,NULL,NULL,NULL,NULL,NULL,NULL,165,169,10,100,NULL,NULL,NULL,NULL,NULL,NULL,'','',NULL,NULL,NULL),(162,5,'32',NULL,NULL,NULL,NULL,NULL,NULL,NULL,NULL,NULL,NULL,NULL,NULL,166,170,10,100,NULL,NULL,NULL,NULL,NULL,NULL,'','',NULL,NULL,NULL),(163,2,'2',NULL,NULL,'asset_item163.jpg',NULL,NULL,NULL,NULL,NULL,NULL,NULL,NULL,NULL,167,171,10,100,NULL,NULL,NULL,NULL,NULL,NULL,'','',NULL,NULL,NULL),(164,2,'86',NULL,NULL,'asset_item164.jpg',NULL,NULL,NULL,NULL,NULL,NULL,NULL,NULL,NULL,168,172,10,100,NULL,NULL,NULL,NULL,NULL,NULL,'','',NULL,NULL,NULL),(165,6,'37',NULL,NULL,NULL,NULL,NULL,NULL,NULL,NULL,NULL,NULL,NULL,NULL,169,173,10,100,NULL,NULL,NULL,NULL,NULL,NULL,'','',NULL,NULL,NULL),(166,6,'36',NULL,NULL,NULL,NULL,NULL,NULL,NULL,NULL,NULL,NULL,NULL,NULL,170,174,10,100,NULL,NULL,NULL,NULL,NULL,NULL,'','',NULL,NULL,NULL),(167,6,'38',NULL,NULL,NULL,NULL,NULL,NULL,NULL,NULL,NULL,NULL,NULL,NULL,171,175,10,100,NULL,NULL,NULL,NULL,NULL,NULL,'','',NULL,NULL,NULL),(168,6,'35',NULL,NULL,NULL,NULL,NULL,NULL,NULL,NULL,NULL,NULL,NULL,NULL,172,176,10,100,NULL,NULL,NULL,NULL,NULL,NULL,'','',NULL,NULL,NULL),(169,7,'94',NULL,NULL,NULL,NULL,NULL,NULL,NULL,NULL,NULL,NULL,NULL,NULL,173,177,10,100,NULL,NULL,NULL,NULL,NULL,NULL,'','',NULL,NULL,NULL),(170,4,'185',NULL,NULL,NULL,NULL,NULL,NULL,NULL,NULL,NULL,NULL,NULL,NULL,174,178,10,100,NULL,NULL,NULL,NULL,NULL,NULL,'','',NULL,NULL,NULL),(171,4,'211','',NULL,NULL,NULL,NULL,NULL,NULL,NULL,NULL,NULL,NULL,NULL,175,179,10,100,NULL,NULL,NULL,NULL,NULL,NULL,'Terdapat Batas dengan adanya Patok BBWS','',NULL,NULL,NULL),(172,4,'182','',NULL,NULL,NULL,NULL,NULL,NULL,NULL,NULL,NULL,NULL,NULL,176,180,10,100,NULL,NULL,NULL,NULL,NULL,NULL,'Terdapat Batas dengan adanya Patok PJT I','',NULL,NULL,NULL),(174,5,'17','71',NULL,NULL,NULL,NULL,NULL,NULL,NULL,NULL,NULL,NULL,NULL,178,182,10,100,NULL,NULL,NULL,NULL,NULL,NULL,'','',NULL,NULL,NULL),(175,2,'243','441',NULL,NULL,NULL,NULL,NULL,NULL,NULL,NULL,NULL,NULL,NULL,179,183,10,100,NULL,NULL,NULL,NULL,NULL,NULL,'','',NULL,NULL,NULL),(176,2,'244','442',NULL,NULL,NULL,NULL,NULL,NULL,NULL,NULL,NULL,NULL,NULL,180,184,10,100,NULL,NULL,NULL,NULL,NULL,NULL,'','',NULL,NULL,NULL),(177,2,'245','443',NULL,NULL,NULL,NULL,NULL,NULL,NULL,NULL,NULL,NULL,NULL,181,185,10,100,NULL,NULL,NULL,NULL,NULL,NULL,'','',NULL,NULL,NULL),(178,2,'246','444',NULL,NULL,NULL,NULL,NULL,NULL,NULL,NULL,NULL,NULL,NULL,182,186,10,100,NULL,NULL,NULL,NULL,NULL,NULL,'','',NULL,NULL,NULL),(179,2,'247','445',NULL,NULL,NULL,NULL,NULL,NULL,NULL,NULL,NULL,NULL,NULL,183,187,10,100,NULL,NULL,NULL,NULL,NULL,NULL,'','',NULL,NULL,NULL),(180,2,'70','448',NULL,NULL,NULL,NULL,NULL,NULL,NULL,NULL,NULL,NULL,NULL,184,188,10,100,NULL,NULL,NULL,'file_asset_180.pdf',NULL,NULL,'','',NULL,NULL,NULL),(181,2,'71','449',NULL,NULL,NULL,NULL,NULL,NULL,NULL,NULL,NULL,NULL,NULL,185,189,10,100,NULL,NULL,NULL,'file_asset_181.pdf',NULL,NULL,'','',NULL,NULL,NULL),(182,2,'69','450',NULL,NULL,NULL,NULL,NULL,NULL,NULL,NULL,NULL,NULL,NULL,186,190,10,100,NULL,NULL,NULL,NULL,NULL,NULL,'','',NULL,NULL,NULL),(183,2,'44','452',NULL,NULL,NULL,NULL,NULL,NULL,NULL,NULL,NULL,NULL,NULL,187,191,10,100,NULL,NULL,NULL,NULL,NULL,NULL,'','',NULL,NULL,NULL),(184,2,'68','453',NULL,NULL,NULL,NULL,NULL,NULL,NULL,NULL,NULL,NULL,NULL,188,192,10,100,NULL,NULL,NULL,'file_asset_184.pdf',NULL,NULL,'','',NULL,NULL,NULL),(185,2,'16','454',NULL,NULL,NULL,NULL,NULL,NULL,NULL,NULL,NULL,NULL,NULL,189,193,10,100,NULL,NULL,NULL,'file_asset_185.pdf',NULL,NULL,'','',NULL,NULL,NULL),(186,2,'17','455',NULL,NULL,NULL,NULL,NULL,NULL,NULL,NULL,NULL,NULL,NULL,190,194,10,100,NULL,NULL,NULL,NULL,NULL,NULL,'','',NULL,NULL,NULL),(187,2,'66','456',NULL,NULL,NULL,NULL,NULL,NULL,NULL,NULL,NULL,NULL,NULL,191,195,10,100,NULL,NULL,NULL,'file_asset_187.pdf',NULL,NULL,'','',NULL,NULL,NULL),(188,2,'67','457',NULL,NULL,NULL,NULL,NULL,NULL,NULL,NULL,NULL,NULL,NULL,192,196,10,100,NULL,NULL,NULL,'file_asset_188.pdf',NULL,NULL,'','',NULL,NULL,NULL),(189,2,'31','458',NULL,NULL,NULL,NULL,NULL,NULL,NULL,NULL,NULL,NULL,NULL,193,197,10,100,NULL,NULL,NULL,NULL,NULL,NULL,'','',NULL,NULL,NULL),(190,2,'42','460',NULL,NULL,NULL,NULL,NULL,NULL,NULL,NULL,NULL,NULL,NULL,194,198,10,100,NULL,NULL,NULL,NULL,NULL,NULL,'','',NULL,NULL,NULL),(191,2,'33','461',NULL,NULL,NULL,NULL,NULL,NULL,NULL,NULL,NULL,NULL,NULL,195,199,10,100,NULL,NULL,NULL,'file_asset_191.pdf',NULL,NULL,'','',NULL,NULL,NULL),(192,2,'21','462',NULL,NULL,NULL,NULL,NULL,NULL,NULL,NULL,NULL,NULL,NULL,196,200,10,100,NULL,NULL,NULL,NULL,NULL,NULL,'','',NULL,NULL,NULL),(193,2,'45','464',NULL,NULL,NULL,NULL,NULL,NULL,NULL,NULL,NULL,NULL,NULL,197,201,10,100,NULL,NULL,NULL,NULL,NULL,NULL,'','',NULL,NULL,NULL),(194,2,'36','465',NULL,NULL,NULL,NULL,NULL,NULL,NULL,NULL,NULL,NULL,NULL,198,202,10,100,NULL,NULL,NULL,'file_asset_194.pdf',NULL,NULL,'','',NULL,NULL,NULL),(195,2,'23','466',NULL,NULL,NULL,NULL,NULL,NULL,NULL,NULL,NULL,NULL,NULL,199,203,10,100,NULL,NULL,NULL,NULL,NULL,NULL,'','',NULL,NULL,NULL),(196,2,'19','467',NULL,NULL,NULL,NULL,NULL,NULL,NULL,NULL,NULL,NULL,NULL,200,204,10,100,NULL,NULL,NULL,NULL,NULL,NULL,'','',NULL,NULL,NULL),(197,2,'20','468',NULL,NULL,NULL,NULL,NULL,NULL,NULL,NULL,NULL,NULL,NULL,201,205,10,100,NULL,NULL,NULL,NULL,NULL,NULL,'','',NULL,NULL,NULL),(198,2,'29','469',NULL,NULL,NULL,NULL,NULL,NULL,NULL,NULL,NULL,NULL,NULL,202,206,10,100,NULL,NULL,NULL,NULL,NULL,NULL,'','',NULL,NULL,NULL),(199,2,'39','471',NULL,NULL,NULL,NULL,NULL,NULL,NULL,NULL,NULL,NULL,NULL,203,207,10,100,NULL,NULL,NULL,'file_asset_199.pdf',NULL,NULL,'','',NULL,NULL,NULL),(200,2,'37','472',NULL,NULL,NULL,NULL,NULL,NULL,NULL,NULL,NULL,NULL,NULL,204,208,10,100,NULL,NULL,NULL,'file_asset_200.pdf',NULL,NULL,'','',NULL,NULL,NULL),(201,2,'22','473',NULL,NULL,NULL,NULL,NULL,NULL,NULL,NULL,NULL,NULL,NULL,205,209,10,100,NULL,NULL,NULL,'file_asset_201.pdf',NULL,NULL,'','',NULL,NULL,NULL),(202,2,'26','474',NULL,NULL,NULL,NULL,NULL,NULL,NULL,NULL,NULL,NULL,NULL,206,210,10,100,NULL,NULL,NULL,'file_asset_202.pdf',NULL,NULL,'','',NULL,NULL,NULL),(203,2,'35','475',NULL,NULL,NULL,NULL,NULL,NULL,NULL,NULL,NULL,NULL,NULL,207,211,10,100,NULL,NULL,NULL,NULL,NULL,NULL,'','',NULL,NULL,NULL),(204,2,'61','477',NULL,NULL,NULL,NULL,NULL,NULL,NULL,NULL,NULL,NULL,NULL,208,212,10,100,NULL,NULL,NULL,NULL,NULL,NULL,'','',NULL,NULL,NULL),(205,2,'27','478',NULL,NULL,NULL,NULL,NULL,NULL,NULL,NULL,NULL,NULL,NULL,209,213,10,100,NULL,NULL,NULL,NULL,NULL,NULL,'','',NULL,NULL,NULL),(206,2,'40','479',NULL,NULL,NULL,NULL,NULL,NULL,NULL,NULL,NULL,NULL,NULL,210,214,10,100,NULL,NULL,NULL,NULL,NULL,NULL,'','',NULL,NULL,NULL),(207,2,'30','480',NULL,NULL,NULL,NULL,NULL,NULL,NULL,NULL,NULL,NULL,NULL,211,215,10,100,NULL,NULL,NULL,NULL,NULL,NULL,'','',NULL,NULL,NULL),(208,2,'43','463',NULL,NULL,NULL,NULL,NULL,NULL,NULL,NULL,NULL,NULL,NULL,212,216,10,100,NULL,NULL,NULL,NULL,NULL,NULL,'','',NULL,NULL,NULL),(209,2,'38','470',NULL,NULL,NULL,NULL,NULL,NULL,NULL,NULL,NULL,NULL,NULL,213,217,10,100,NULL,NULL,NULL,NULL,NULL,NULL,'','',NULL,NULL,NULL),(210,2,'25','481',NULL,NULL,NULL,NULL,NULL,NULL,NULL,NULL,NULL,NULL,NULL,214,218,10,100,NULL,NULL,NULL,NULL,NULL,NULL,'','',NULL,NULL,NULL),(211,2,'24','482',NULL,NULL,NULL,NULL,NULL,NULL,NULL,NULL,NULL,NULL,NULL,215,219,10,100,NULL,NULL,NULL,NULL,NULL,NULL,'','',NULL,NULL,NULL),(212,2,'18','484',NULL,NULL,NULL,NULL,NULL,NULL,NULL,NULL,NULL,NULL,NULL,216,220,10,100,NULL,NULL,NULL,NULL,NULL,NULL,'','',NULL,NULL,NULL),(213,2,'55','485',NULL,NULL,NULL,NULL,NULL,NULL,NULL,NULL,NULL,NULL,NULL,217,221,10,100,NULL,NULL,NULL,NULL,NULL,NULL,'','',NULL,NULL,NULL),(214,2,'51','486',NULL,NULL,NULL,NULL,NULL,NULL,NULL,NULL,NULL,NULL,NULL,218,222,10,100,NULL,NULL,NULL,NULL,NULL,NULL,'','',NULL,NULL,NULL),(215,2,'54','487',NULL,NULL,NULL,NULL,NULL,NULL,NULL,NULL,NULL,NULL,NULL,219,223,10,100,NULL,NULL,NULL,NULL,NULL,NULL,'','',NULL,NULL,NULL),(216,2,'59','488',NULL,NULL,NULL,NULL,NULL,NULL,NULL,NULL,NULL,NULL,NULL,220,224,10,100,NULL,NULL,NULL,NULL,NULL,NULL,'','',NULL,NULL,NULL),(217,2,'56','489',NULL,NULL,NULL,NULL,NULL,NULL,NULL,NULL,NULL,NULL,NULL,221,225,10,100,NULL,NULL,NULL,NULL,NULL,NULL,'','',NULL,NULL,NULL),(218,2,'50','490',NULL,NULL,NULL,NULL,NULL,NULL,NULL,NULL,NULL,NULL,NULL,222,226,10,100,NULL,NULL,NULL,NULL,NULL,NULL,'','',NULL,NULL,NULL),(219,2,'60','491',NULL,NULL,NULL,NULL,NULL,NULL,NULL,NULL,NULL,NULL,NULL,223,227,10,100,NULL,NULL,NULL,NULL,NULL,NULL,'','',NULL,NULL,NULL),(220,2,'58','492',NULL,NULL,NULL,NULL,NULL,NULL,NULL,NULL,NULL,NULL,NULL,224,228,10,100,NULL,NULL,NULL,NULL,NULL,NULL,'','',NULL,NULL,NULL),(221,2,'49','493',NULL,NULL,NULL,NULL,NULL,NULL,NULL,NULL,NULL,NULL,NULL,225,229,10,100,NULL,NULL,NULL,NULL,NULL,NULL,'','',NULL,NULL,NULL),(222,2,'53','494',NULL,NULL,NULL,NULL,NULL,NULL,NULL,NULL,NULL,NULL,NULL,226,230,10,100,NULL,NULL,NULL,NULL,NULL,NULL,'','',NULL,NULL,NULL),(223,2,'57','495',NULL,NULL,NULL,NULL,NULL,NULL,NULL,NULL,NULL,NULL,NULL,227,231,10,100,NULL,NULL,NULL,NULL,NULL,NULL,'','',NULL,NULL,NULL),(224,2,'52','496',NULL,NULL,NULL,NULL,NULL,NULL,NULL,NULL,NULL,NULL,NULL,228,232,10,100,NULL,NULL,NULL,NULL,NULL,NULL,'','',NULL,NULL,NULL),(225,2,'72','497',NULL,NULL,NULL,NULL,NULL,NULL,NULL,NULL,NULL,NULL,NULL,229,233,10,100,NULL,NULL,NULL,NULL,NULL,NULL,'','',NULL,NULL,NULL),(226,2,'48','498',NULL,NULL,NULL,NULL,NULL,NULL,NULL,NULL,NULL,NULL,NULL,230,234,10,100,NULL,NULL,NULL,NULL,NULL,NULL,'','',NULL,NULL,NULL),(227,2,'46','499',NULL,NULL,NULL,NULL,NULL,NULL,NULL,NULL,NULL,NULL,NULL,231,235,10,100,NULL,NULL,NULL,NULL,NULL,NULL,'','',NULL,NULL,NULL),(228,2,'47','500',NULL,NULL,NULL,NULL,NULL,NULL,NULL,NULL,NULL,NULL,NULL,232,236,10,100,NULL,NULL,NULL,NULL,NULL,NULL,'','',NULL,NULL,NULL),(229,2,'65','501',NULL,NULL,NULL,NULL,NULL,NULL,NULL,NULL,NULL,NULL,NULL,233,237,10,100,NULL,NULL,NULL,'file_asset_229.pdf',NULL,NULL,'','',NULL,NULL,NULL),(230,2,'63','502',NULL,NULL,NULL,NULL,NULL,NULL,NULL,NULL,NULL,NULL,NULL,234,238,10,100,NULL,NULL,NULL,'file_asset_230.pdf',NULL,NULL,'','',NULL,NULL,NULL),(231,2,'62','503',NULL,NULL,NULL,NULL,NULL,NULL,NULL,NULL,NULL,NULL,NULL,235,239,10,100,NULL,NULL,NULL,'file_asset_231.pdf',NULL,NULL,'','',NULL,NULL,NULL),(232,2,'64','504',NULL,NULL,NULL,NULL,NULL,NULL,NULL,NULL,NULL,NULL,NULL,236,240,10,100,NULL,NULL,NULL,'file_asset_232.pdf',NULL,NULL,'','',NULL,NULL,NULL),(233,2,'27','505',NULL,NULL,NULL,NULL,NULL,NULL,NULL,NULL,NULL,NULL,NULL,237,241,10,100,NULL,NULL,NULL,NULL,NULL,NULL,'','',NULL,NULL,NULL),(234,2,'28','506',NULL,NULL,NULL,NULL,NULL,NULL,NULL,NULL,NULL,NULL,NULL,238,242,10,100,NULL,NULL,NULL,NULL,NULL,NULL,'','',NULL,NULL,NULL),(235,2,'29','507',NULL,NULL,NULL,NULL,NULL,NULL,NULL,NULL,NULL,NULL,NULL,239,243,10,100,NULL,NULL,NULL,NULL,NULL,NULL,'','',NULL,NULL,NULL),(236,2,'30','508',NULL,NULL,NULL,NULL,NULL,NULL,NULL,NULL,NULL,NULL,NULL,240,244,10,100,NULL,NULL,NULL,NULL,NULL,NULL,'','',NULL,NULL,NULL),(237,5,'31','72',NULL,NULL,NULL,NULL,NULL,NULL,NULL,NULL,NULL,NULL,NULL,241,245,10,100,NULL,NULL,NULL,NULL,NULL,NULL,'','',NULL,NULL,NULL),(238,2,'32','476',NULL,NULL,NULL,NULL,NULL,NULL,NULL,NULL,NULL,NULL,NULL,242,246,10,100,NULL,NULL,NULL,NULL,NULL,NULL,'','',NULL,NULL,NULL),(239,2,'28','483',NULL,NULL,NULL,NULL,NULL,NULL,NULL,NULL,NULL,NULL,NULL,243,247,10,100,NULL,NULL,NULL,NULL,NULL,NULL,'','',NULL,NULL,NULL),(240,2,'31','509',NULL,NULL,NULL,NULL,NULL,NULL,NULL,NULL,NULL,NULL,NULL,244,248,10,100,NULL,NULL,NULL,NULL,NULL,NULL,'','',NULL,NULL,NULL),(241,2,'41','510',NULL,NULL,NULL,NULL,NULL,NULL,NULL,NULL,NULL,NULL,NULL,245,249,10,100,NULL,NULL,NULL,NULL,NULL,NULL,'','',NULL,NULL,NULL),(242,2,'42','511',NULL,NULL,NULL,NULL,NULL,NULL,NULL,NULL,NULL,NULL,NULL,246,250,10,100,NULL,NULL,NULL,NULL,NULL,NULL,'','',NULL,NULL,NULL),(243,5,'19','73',NULL,NULL,NULL,NULL,NULL,NULL,NULL,NULL,NULL,NULL,NULL,247,251,10,100,NULL,NULL,NULL,NULL,NULL,NULL,'','',NULL,NULL,NULL),(244,2,'43','512',NULL,NULL,NULL,NULL,NULL,NULL,NULL,NULL,NULL,NULL,NULL,248,252,10,100,NULL,NULL,NULL,NULL,NULL,NULL,'','',NULL,NULL,NULL),(245,6,'30','74',NULL,NULL,NULL,NULL,NULL,NULL,NULL,NULL,NULL,NULL,NULL,249,253,10,100,NULL,NULL,NULL,NULL,NULL,NULL,'','',NULL,NULL,NULL),(246,2,'44','513',NULL,NULL,NULL,NULL,NULL,NULL,NULL,NULL,NULL,NULL,NULL,250,254,10,100,NULL,NULL,NULL,NULL,NULL,NULL,'','',NULL,NULL,NULL),(247,6,'27','75',NULL,NULL,NULL,NULL,NULL,NULL,NULL,NULL,NULL,NULL,NULL,251,255,10,100,NULL,NULL,NULL,NULL,NULL,NULL,'','',NULL,NULL,NULL),(248,2,'45','514',NULL,NULL,NULL,NULL,NULL,NULL,NULL,NULL,NULL,NULL,NULL,252,256,10,100,NULL,NULL,NULL,NULL,NULL,NULL,'','',NULL,NULL,NULL),(249,6,'31','76',NULL,NULL,NULL,NULL,NULL,NULL,NULL,NULL,NULL,NULL,NULL,253,257,10,100,NULL,NULL,NULL,NULL,NULL,NULL,'','',NULL,NULL,NULL),(250,6,'34','77',NULL,NULL,NULL,NULL,NULL,NULL,NULL,NULL,NULL,NULL,NULL,254,258,10,100,NULL,NULL,NULL,NULL,NULL,NULL,'','',NULL,NULL,NULL),(251,6,'33','78',NULL,NULL,NULL,NULL,NULL,NULL,NULL,NULL,NULL,NULL,NULL,255,259,10,100,NULL,NULL,NULL,NULL,NULL,NULL,'','',NULL,NULL,NULL),(252,6,'28','79',NULL,NULL,NULL,NULL,NULL,NULL,NULL,NULL,NULL,NULL,NULL,256,260,10,100,NULL,NULL,NULL,NULL,NULL,NULL,'','',NULL,NULL,NULL),(253,3,'19','520',NULL,NULL,NULL,NULL,NULL,NULL,NULL,NULL,NULL,NULL,NULL,257,261,20,100,NULL,NULL,NULL,NULL,NULL,NULL,'','',NULL,NULL,NULL),(254,6,'32','80',NULL,NULL,NULL,NULL,NULL,NULL,NULL,NULL,NULL,NULL,NULL,258,262,10,100,NULL,NULL,NULL,NULL,NULL,NULL,'','',NULL,NULL,NULL),(255,6,'29','81',NULL,NULL,NULL,NULL,NULL,NULL,NULL,NULL,NULL,NULL,NULL,259,263,10,100,NULL,NULL,NULL,NULL,NULL,NULL,'','',NULL,NULL,NULL),(256,3,'21','521',NULL,NULL,NULL,NULL,NULL,NULL,NULL,NULL,NULL,NULL,NULL,260,264,20,100,NULL,NULL,NULL,NULL,NULL,NULL,'','',NULL,NULL,NULL),(257,7,'115','82',NULL,NULL,NULL,NULL,NULL,NULL,NULL,NULL,NULL,NULL,NULL,261,265,10,100,NULL,NULL,NULL,NULL,NULL,NULL,'','',NULL,NULL,NULL),(258,3,'18','522',NULL,NULL,NULL,NULL,NULL,NULL,NULL,NULL,NULL,NULL,NULL,262,266,20,100,NULL,NULL,NULL,NULL,NULL,NULL,'','',NULL,NULL,NULL),(259,2,'69','83',NULL,NULL,NULL,NULL,NULL,NULL,NULL,NULL,NULL,NULL,NULL,263,267,10,100,NULL,NULL,NULL,NULL,NULL,NULL,'','',NULL,NULL,NULL),(260,2,'70','84',NULL,NULL,NULL,NULL,NULL,NULL,NULL,NULL,NULL,NULL,NULL,264,268,10,100,NULL,NULL,NULL,NULL,NULL,NULL,'','',NULL,NULL,NULL),(261,2,'71','85',NULL,NULL,NULL,NULL,NULL,NULL,NULL,NULL,NULL,NULL,NULL,265,269,10,100,NULL,NULL,NULL,NULL,NULL,NULL,'','',NULL,NULL,NULL),(262,2,'1189','523',NULL,NULL,NULL,NULL,NULL,NULL,NULL,NULL,NULL,NULL,NULL,266,270,20,100,NULL,NULL,NULL,NULL,NULL,NULL,'','',NULL,NULL,NULL),(263,2,'74','86',NULL,NULL,NULL,NULL,NULL,NULL,NULL,NULL,NULL,NULL,NULL,267,271,10,100,NULL,NULL,NULL,NULL,NULL,NULL,'','',NULL,NULL,NULL),(264,2,'75','87',NULL,NULL,NULL,NULL,NULL,NULL,NULL,NULL,NULL,NULL,NULL,268,272,10,100,NULL,NULL,NULL,NULL,NULL,NULL,'','',NULL,NULL,NULL),(265,7,'595','524',NULL,NULL,NULL,NULL,NULL,NULL,NULL,NULL,NULL,NULL,NULL,269,273,20,100,NULL,NULL,NULL,NULL,NULL,NULL,'','',NULL,NULL,NULL),(266,3,'15','525',NULL,NULL,NULL,NULL,NULL,NULL,NULL,NULL,NULL,NULL,NULL,270,274,20,100,NULL,NULL,NULL,NULL,NULL,NULL,'','',NULL,NULL,NULL),(267,2,'76','88',NULL,NULL,NULL,NULL,NULL,NULL,NULL,NULL,NULL,NULL,NULL,271,275,10,100,NULL,NULL,NULL,NULL,NULL,NULL,'','',NULL,NULL,NULL),(268,2,'81','89',NULL,NULL,NULL,NULL,NULL,NULL,NULL,NULL,NULL,NULL,NULL,272,276,10,100,NULL,NULL,NULL,NULL,NULL,NULL,'','',NULL,NULL,NULL),(269,2,'82','90',NULL,NULL,NULL,NULL,NULL,NULL,NULL,NULL,NULL,NULL,NULL,273,277,10,100,NULL,NULL,NULL,NULL,NULL,NULL,'','',NULL,NULL,NULL),(270,2,'83','91',NULL,NULL,NULL,NULL,NULL,NULL,NULL,NULL,NULL,NULL,NULL,274,278,10,100,NULL,NULL,NULL,NULL,NULL,NULL,'','',NULL,NULL,NULL),(271,2,'87','92',NULL,NULL,NULL,NULL,NULL,NULL,NULL,NULL,NULL,NULL,NULL,275,279,10,100,NULL,NULL,NULL,NULL,NULL,NULL,'','',NULL,NULL,NULL),(272,2,'93','93',NULL,NULL,NULL,NULL,NULL,NULL,NULL,NULL,NULL,NULL,NULL,276,280,10,100,NULL,NULL,NULL,NULL,NULL,NULL,'','',NULL,NULL,NULL),(273,2,'103','94',NULL,NULL,NULL,NULL,NULL,NULL,NULL,NULL,NULL,NULL,NULL,277,281,10,100,NULL,NULL,NULL,NULL,NULL,NULL,'','',NULL,NULL,NULL),(274,2,'269','95',NULL,NULL,NULL,NULL,NULL,NULL,NULL,NULL,NULL,NULL,NULL,278,282,10,100,NULL,NULL,NULL,NULL,NULL,NULL,'','',NULL,NULL,NULL),(275,2,'270','96',NULL,NULL,NULL,NULL,NULL,NULL,NULL,NULL,NULL,NULL,NULL,279,283,10,100,NULL,NULL,NULL,NULL,NULL,NULL,'','',NULL,NULL,NULL),(276,2,'271','97',NULL,NULL,NULL,NULL,NULL,NULL,NULL,NULL,NULL,NULL,NULL,280,284,10,100,NULL,NULL,NULL,NULL,NULL,NULL,'','',NULL,NULL,NULL),(277,3,'12','526',NULL,NULL,NULL,NULL,NULL,NULL,NULL,NULL,NULL,NULL,NULL,281,285,20,100,NULL,NULL,NULL,NULL,NULL,NULL,'','',NULL,NULL,NULL),(278,2,'272','98',NULL,NULL,NULL,NULL,NULL,NULL,NULL,NULL,NULL,NULL,NULL,282,286,10,100,NULL,NULL,NULL,NULL,NULL,NULL,'','',NULL,NULL,NULL),(279,3,'30','527',NULL,NULL,NULL,NULL,NULL,NULL,NULL,NULL,NULL,NULL,NULL,283,287,20,100,NULL,NULL,NULL,NULL,NULL,NULL,'','',NULL,NULL,NULL),(280,2,'273','99',NULL,NULL,NULL,NULL,NULL,NULL,NULL,NULL,NULL,NULL,NULL,284,288,10,100,NULL,NULL,NULL,NULL,NULL,NULL,'','',NULL,NULL,NULL),(281,2,'72','100',NULL,NULL,NULL,NULL,NULL,NULL,NULL,NULL,NULL,NULL,NULL,285,289,10,100,NULL,NULL,NULL,NULL,NULL,NULL,'','',NULL,NULL,NULL),(282,4,'79','181',NULL,NULL,NULL,NULL,NULL,NULL,NULL,NULL,NULL,NULL,NULL,286,290,10,100,NULL,NULL,NULL,NULL,NULL,NULL,'','',NULL,NULL,NULL),(283,4,'181','182',NULL,NULL,NULL,NULL,NULL,NULL,NULL,NULL,NULL,NULL,NULL,287,291,10,100,NULL,NULL,NULL,NULL,NULL,NULL,'','',NULL,NULL,NULL),(284,3,'154','528',NULL,'asset_item_picture1_284.jpg',NULL,NULL,NULL,NULL,'','','','','',288,292,20,100,NULL,NULL,NULL,'file_asset_284.pdf',NULL,NULL,'','',NULL,NULL,NULL),(285,4,'63','183',NULL,NULL,NULL,NULL,NULL,NULL,NULL,NULL,NULL,NULL,NULL,289,293,10,100,NULL,NULL,NULL,NULL,NULL,NULL,'','',NULL,NULL,NULL),(286,3,'155','529',NULL,'asset_item_picture1_286.jpg',NULL,NULL,NULL,NULL,'','','','','',290,294,20,100,NULL,NULL,NULL,'file_asset_286.pdf',NULL,NULL,'','',NULL,NULL,NULL),(287,4,'159','184',NULL,NULL,NULL,NULL,NULL,NULL,NULL,NULL,NULL,NULL,NULL,291,295,10,100,NULL,NULL,NULL,NULL,NULL,NULL,'Terdapat Batas dengan adanya Patok PJT I','',NULL,NULL,NULL),(288,3,'156','530',NULL,'asset_item_picture1_288.jpg',NULL,NULL,NULL,NULL,'','','','','',292,296,20,100,NULL,NULL,NULL,'file_asset_288.pdf',NULL,NULL,'','',NULL,NULL,NULL),(289,4,'64','185',NULL,NULL,NULL,NULL,NULL,NULL,NULL,NULL,NULL,NULL,NULL,293,297,10,100,NULL,NULL,NULL,NULL,NULL,NULL,'','',NULL,NULL,NULL),(290,4,'61','186',NULL,NULL,NULL,NULL,NULL,NULL,NULL,NULL,NULL,NULL,NULL,294,298,10,100,NULL,NULL,NULL,NULL,NULL,NULL,'','',NULL,NULL,NULL),(291,3,'157','531',NULL,'asset_item_picture1_291.jpg',NULL,NULL,NULL,NULL,'','','','','',295,299,20,100,NULL,NULL,NULL,'file_asset_291.pdf',NULL,NULL,'','',NULL,NULL,NULL),(292,4,'180','187',NULL,NULL,NULL,NULL,NULL,NULL,NULL,NULL,NULL,NULL,NULL,296,300,10,100,NULL,NULL,NULL,NULL,NULL,NULL,'','',NULL,NULL,NULL),(293,4,'62','188',NULL,NULL,NULL,NULL,NULL,NULL,NULL,NULL,NULL,NULL,NULL,297,301,10,100,NULL,NULL,NULL,NULL,NULL,NULL,'','',NULL,NULL,NULL),(294,3,'158','532',NULL,'asset_item_picture1_294.jpg',NULL,NULL,NULL,NULL,'','','','','',298,302,20,100,NULL,NULL,NULL,'file_asset_294.pdf',NULL,NULL,'','',NULL,NULL,NULL),(295,4,'179','189',NULL,NULL,NULL,NULL,NULL,NULL,NULL,NULL,NULL,NULL,NULL,299,303,10,100,NULL,NULL,NULL,NULL,NULL,NULL,'','',NULL,NULL,NULL),(296,3,'159','533',NULL,'asset_item_picture1_296.jpg',NULL,NULL,NULL,NULL,'','','','','',300,304,20,100,NULL,NULL,NULL,'file_asset_296.pdf',NULL,NULL,'','',NULL,NULL,NULL),(297,4,'235','190',NULL,NULL,NULL,NULL,NULL,NULL,NULL,NULL,NULL,NULL,NULL,301,305,10,100,NULL,NULL,NULL,NULL,NULL,NULL,'','',NULL,NULL,NULL),(298,4,'239','191',NULL,NULL,NULL,NULL,NULL,NULL,NULL,NULL,NULL,NULL,NULL,302,306,10,100,NULL,NULL,NULL,NULL,NULL,NULL,'','',NULL,NULL,NULL),(299,3,'160','534',NULL,'asset_item_picture1_299.jpg',NULL,NULL,NULL,NULL,'','','','','',303,307,20,100,NULL,NULL,NULL,'file_asset_299.pdf',NULL,NULL,'','',NULL,NULL,NULL),(300,4,'237','192',NULL,NULL,NULL,NULL,NULL,NULL,NULL,NULL,NULL,NULL,NULL,304,308,10,100,NULL,NULL,NULL,NULL,NULL,NULL,'','',NULL,NULL,NULL),(301,3,'161','535',NULL,'asset_item_picture1_301.jpg',NULL,NULL,NULL,NULL,'','','','','',305,309,20,100,NULL,NULL,NULL,'file_asset_301.pdf',NULL,NULL,'','',NULL,NULL,NULL),(302,4,'228','194',NULL,NULL,NULL,NULL,NULL,NULL,NULL,NULL,NULL,NULL,NULL,306,310,10,NULL,NULL,NULL,NULL,NULL,NULL,NULL,'','',NULL,NULL,NULL),(303,4,'223','195',NULL,NULL,NULL,NULL,NULL,NULL,NULL,NULL,NULL,NULL,NULL,307,311,10,100,NULL,NULL,NULL,NULL,NULL,NULL,'','',NULL,NULL,NULL),(304,3,'162','536',NULL,'asset_item_picture1_304.jpg',NULL,NULL,NULL,NULL,'','','','','',308,312,20,100,NULL,NULL,NULL,'file_asset_304.pdf',NULL,NULL,'','',NULL,NULL,NULL),(305,3,'163','537',NULL,'asset_item_picture1_305.jpg',NULL,NULL,NULL,NULL,'','','','','',309,313,20,100,NULL,NULL,NULL,'file_asset_305.pdf',NULL,NULL,'','',NULL,NULL,NULL),(306,4,'216','196',NULL,NULL,NULL,NULL,NULL,NULL,NULL,NULL,NULL,NULL,NULL,310,314,10,100,NULL,NULL,NULL,NULL,NULL,NULL,'','',NULL,NULL,NULL),(307,4,'214','197',NULL,NULL,NULL,NULL,NULL,NULL,NULL,NULL,NULL,NULL,NULL,311,315,10,100,NULL,NULL,NULL,NULL,NULL,NULL,'','',NULL,NULL,NULL),(308,3,'164','538',NULL,'asset_item_picture1_308.jpg',NULL,NULL,NULL,NULL,'','','','','',312,316,20,100,NULL,NULL,NULL,'file_asset_308.pdf',NULL,NULL,'','',NULL,NULL,NULL),(309,3,'165','539',NULL,'asset_item_picture1_309.jpg',NULL,NULL,NULL,NULL,'','','','','',313,317,20,100,NULL,NULL,NULL,'file_asset_309.pdf',NULL,NULL,'','',NULL,NULL,NULL),(310,4,'229','198',NULL,NULL,NULL,NULL,NULL,NULL,NULL,NULL,NULL,NULL,NULL,314,318,10,100,NULL,NULL,NULL,NULL,NULL,NULL,'','',NULL,NULL,NULL),(311,4,'230','199',NULL,NULL,NULL,NULL,NULL,NULL,NULL,NULL,NULL,NULL,NULL,315,319,10,100,NULL,NULL,NULL,NULL,NULL,NULL,'','',NULL,NULL,NULL),(312,3,'166','540',NULL,'asset_item_picture1_312.jpg',NULL,NULL,NULL,NULL,'','','','','',316,320,20,100,NULL,NULL,NULL,'file_asset_312.pdf',NULL,NULL,'','',NULL,NULL,NULL),(313,4,'231','200',NULL,NULL,NULL,NULL,NULL,NULL,NULL,NULL,NULL,NULL,NULL,317,321,10,100,NULL,NULL,NULL,NULL,NULL,NULL,'','',NULL,NULL,NULL),(314,4,'232','201',NULL,NULL,NULL,NULL,NULL,NULL,NULL,NULL,NULL,NULL,NULL,318,322,10,100,NULL,NULL,NULL,NULL,NULL,NULL,'','',NULL,NULL,NULL),(315,3,'167','541',NULL,'asset_item_picture1_315.jpg',NULL,NULL,NULL,NULL,'','','','','',319,323,20,100,NULL,NULL,NULL,'file_asset_315.pdf',NULL,NULL,'','',NULL,NULL,NULL),(316,4,'233','202',NULL,NULL,NULL,NULL,NULL,NULL,NULL,NULL,NULL,NULL,NULL,320,324,10,100,NULL,NULL,NULL,NULL,NULL,NULL,'','',NULL,NULL,NULL),(317,3,'168','542',NULL,'asset_item_picture1_317.jpg',NULL,NULL,NULL,NULL,'','','','','',321,325,20,100,NULL,NULL,NULL,'file_asset_317.pdf',NULL,NULL,'','',NULL,NULL,NULL),(318,4,'234','203',NULL,NULL,NULL,NULL,NULL,NULL,NULL,NULL,NULL,NULL,NULL,322,326,10,100,NULL,NULL,NULL,NULL,NULL,NULL,'','',NULL,NULL,NULL),(319,4,'240','204',NULL,NULL,NULL,NULL,NULL,NULL,NULL,NULL,NULL,NULL,NULL,323,327,10,100,NULL,NULL,NULL,NULL,NULL,NULL,'','',NULL,NULL,NULL),(320,3,'169','543',NULL,'asset_item_picture1_320.jpg',NULL,NULL,NULL,NULL,'','','','','',324,328,20,100,NULL,NULL,NULL,'file_asset_320.pdf',NULL,NULL,'','',NULL,NULL,NULL),(321,4,'241','205',NULL,NULL,NULL,NULL,NULL,NULL,NULL,NULL,NULL,NULL,NULL,325,329,10,100,NULL,NULL,NULL,NULL,NULL,NULL,'','',NULL,NULL,NULL),(322,3,'170','544',NULL,'asset_item_picture1_322.jpg',NULL,NULL,NULL,NULL,'','','','','',326,330,20,100,NULL,NULL,NULL,'file_asset_322.pdf',NULL,NULL,'','',NULL,NULL,NULL),(323,1,'139','721',NULL,'asset_item_picture1_323.jpg',NULL,NULL,NULL,NULL,'','','','','',327,331,20,100,NULL,NULL,NULL,'file_asset_323.pdf',NULL,NULL,'','',NULL,NULL,NULL),(324,4,'221','206',NULL,NULL,NULL,NULL,NULL,NULL,NULL,NULL,NULL,NULL,NULL,328,332,10,100,NULL,NULL,NULL,NULL,NULL,NULL,'','',NULL,NULL,NULL),(325,4,'222','207',NULL,NULL,NULL,NULL,NULL,NULL,NULL,NULL,NULL,NULL,NULL,329,333,10,100,NULL,NULL,NULL,NULL,NULL,NULL,'','',NULL,NULL,NULL),(326,3,'171','545',NULL,'asset_item_picture1_326.jpg',NULL,NULL,NULL,NULL,'','','','','',330,334,20,100,NULL,NULL,NULL,'file_asset_326.pdf',NULL,NULL,'','',NULL,NULL,NULL),(327,4,'238','208',NULL,NULL,NULL,NULL,NULL,NULL,NULL,NULL,NULL,NULL,NULL,331,335,10,100,NULL,NULL,NULL,NULL,NULL,NULL,'','',NULL,NULL,NULL),(328,3,'172','546',NULL,'asset_item_picture1_328.jpg',NULL,NULL,NULL,NULL,'','','','','',332,336,20,100,NULL,NULL,NULL,'file_asset_328.pdf',NULL,NULL,'','',NULL,NULL,NULL),(329,4,'242','209',NULL,NULL,NULL,NULL,NULL,NULL,NULL,NULL,NULL,NULL,NULL,333,337,10,100,NULL,NULL,NULL,NULL,NULL,NULL,'','',NULL,NULL,NULL),(330,4,'184','210',NULL,NULL,NULL,NULL,NULL,NULL,NULL,NULL,NULL,NULL,NULL,334,338,10,100,NULL,NULL,NULL,NULL,NULL,NULL,'','',NULL,NULL,NULL),(331,3,'173','547',NULL,'asset_item_picture1_331.jpg',NULL,NULL,NULL,NULL,'','','','','',335,339,20,100,NULL,NULL,NULL,'file_asset_331.pdf',NULL,NULL,'','',NULL,NULL,NULL),(332,4,'205','211',NULL,NULL,NULL,NULL,NULL,NULL,NULL,NULL,NULL,NULL,NULL,336,340,10,100,NULL,NULL,NULL,NULL,NULL,NULL,'','',NULL,NULL,NULL),(333,3,'174','548',NULL,'asset_item_picture1_333.jpg',NULL,NULL,NULL,NULL,'','','','','',337,341,20,100,NULL,NULL,NULL,'file_asset_333.pdf',NULL,NULL,'','',NULL,NULL,NULL),(334,4,'196','215',NULL,NULL,NULL,NULL,NULL,NULL,NULL,NULL,NULL,NULL,NULL,338,342,10,100,NULL,NULL,NULL,NULL,NULL,NULL,'Terdapat Batas dengan adanya Patok BBWS Dan PJT I','',NULL,NULL,NULL),(335,3,'175','549',NULL,'asset_item_picture1_335.jpg',NULL,NULL,NULL,NULL,'','','','','',339,343,20,100,NULL,NULL,NULL,'file_asset_335.pdf',NULL,NULL,'','',NULL,NULL,NULL),(336,1,'140','722',NULL,'asset_item_picture1_336.jpg',NULL,NULL,NULL,NULL,'','','','','',340,344,20,100,NULL,NULL,NULL,'file_asset_336.pdf',NULL,NULL,'','',NULL,NULL,NULL),(337,4,'210','216',NULL,NULL,NULL,NULL,NULL,NULL,NULL,NULL,NULL,NULL,NULL,341,345,10,100,NULL,NULL,NULL,NULL,NULL,NULL,'','',NULL,NULL,NULL),(338,3,'176','550',NULL,'asset_item_picture1_338.jpg',NULL,NULL,NULL,NULL,'','','','','',342,346,20,100,NULL,NULL,NULL,'file_asset_338.pdf',NULL,NULL,'','',NULL,NULL,NULL),(339,3,'177','551',NULL,'asset_item_picture1_339.jpg',NULL,NULL,NULL,NULL,'','','','','',343,347,20,100,NULL,NULL,NULL,'file_asset_339.pdf',NULL,NULL,'','',NULL,NULL,NULL),(340,1,'141','723',NULL,'asset_item_picture1_340.jpg',NULL,NULL,NULL,NULL,'','','','','',344,348,20,100,NULL,NULL,NULL,'file_asset_340.pdf',NULL,NULL,'','',NULL,NULL,NULL),(341,3,'178','552',NULL,'asset_item_picture1_341.jpg',NULL,NULL,NULL,NULL,'','','','','',345,349,20,100,NULL,NULL,NULL,'file_asset_341.pdf',NULL,NULL,'','',NULL,NULL,NULL),(342,1,'142','724',NULL,'asset_item_picture1_342.jpg',NULL,NULL,NULL,NULL,'','','','','',346,350,20,100,NULL,NULL,NULL,'file_asset_342.pdf',NULL,NULL,'','',NULL,NULL,NULL),(343,3,'179','553',NULL,'asset_item_picture1_343.jpg',NULL,NULL,NULL,NULL,'','','','','',347,351,20,100,NULL,NULL,NULL,'file_asset_343.pdf',NULL,NULL,'','',NULL,NULL,NULL),(344,3,'180','554',NULL,'asset_item_picture1_344.jpg',NULL,NULL,NULL,NULL,'','','','','',348,352,20,100,NULL,NULL,NULL,'file_asset_344.pdf',NULL,NULL,'','',NULL,NULL,NULL),(345,3,'181','555',NULL,'asset_item_picture1_345.jpg',NULL,NULL,NULL,NULL,'','','','','',349,353,20,100,NULL,NULL,NULL,'file_asset_345.pdf',NULL,NULL,'','',NULL,NULL,NULL),(346,1,'143','725',NULL,'asset_item_picture1_346.jpg',NULL,NULL,NULL,NULL,'','','','','',350,354,20,100,NULL,NULL,NULL,'file_asset_346.pdf',NULL,NULL,'','',NULL,NULL,NULL),(347,3,'182','556',NULL,'asset_item_picture1_347.jpg',NULL,NULL,NULL,NULL,'','','','','',351,355,20,100,NULL,NULL,NULL,'file_asset_347.pdf',NULL,NULL,'','',NULL,NULL,NULL),(348,3,'183','557',NULL,'asset_item_picture1_348.jpg',NULL,NULL,NULL,NULL,'','','','','',352,356,20,100,NULL,NULL,NULL,'file_asset_348.pdf',NULL,NULL,'','',NULL,NULL,NULL),(349,4,'208','217',NULL,NULL,NULL,NULL,NULL,NULL,NULL,NULL,NULL,NULL,NULL,353,357,10,100,NULL,NULL,NULL,NULL,NULL,NULL,'','',NULL,NULL,NULL),(350,3,'184','558',NULL,'asset_item_picture1_350.jpg',NULL,NULL,NULL,NULL,'','','','','',354,358,20,100,NULL,NULL,NULL,'file_asset_350.pdf',NULL,NULL,'','',NULL,NULL,NULL),(351,4,'191','218',NULL,NULL,NULL,NULL,NULL,NULL,NULL,NULL,NULL,NULL,NULL,355,359,10,100,NULL,NULL,NULL,NULL,NULL,NULL,'','',NULL,NULL,NULL),(352,1,'144','726',NULL,'asset_item_picture1_352.jpg',NULL,NULL,NULL,NULL,'','','','','',356,360,20,100,NULL,NULL,NULL,'file_asset_352.pdf',NULL,NULL,'','',NULL,NULL,NULL),(353,3,'185','559',NULL,'asset_item_picture1_353.jpg',NULL,NULL,NULL,NULL,'','','','','',357,361,20,100,NULL,NULL,NULL,'file_asset_353.pdf',NULL,NULL,'','',NULL,NULL,NULL),(354,4,'203','219',NULL,NULL,NULL,NULL,NULL,NULL,NULL,NULL,NULL,NULL,NULL,358,362,10,100,NULL,NULL,NULL,NULL,NULL,NULL,'','',NULL,NULL,NULL),(355,4,'207','220',NULL,NULL,NULL,NULL,NULL,NULL,NULL,NULL,NULL,NULL,NULL,359,363,10,100,NULL,NULL,NULL,NULL,NULL,NULL,'','',NULL,NULL,NULL),(356,3,'186','560',NULL,'asset_item_picture1_356.jpg',NULL,NULL,NULL,NULL,'','','','','',360,364,20,100,NULL,NULL,NULL,'file_asset_356.pdf',NULL,NULL,'','',NULL,NULL,NULL),(357,1,'45','727',NULL,'asset_item_picture1_357.jpg',NULL,NULL,NULL,NULL,'','','','','',361,365,20,100,NULL,NULL,NULL,'file_asset_357.pdf',NULL,NULL,'','',NULL,NULL,NULL),(358,4,'190','221',NULL,NULL,NULL,NULL,NULL,NULL,NULL,NULL,NULL,NULL,NULL,362,366,10,100,NULL,NULL,NULL,NULL,NULL,NULL,'','',NULL,NULL,NULL),(359,4,'189','222',NULL,NULL,NULL,NULL,NULL,NULL,NULL,NULL,NULL,NULL,NULL,363,367,10,100,NULL,NULL,NULL,NULL,NULL,NULL,'','',NULL,NULL,NULL),(360,3,'187','561',NULL,'asset_item_picture1_360.jpg',NULL,NULL,NULL,NULL,'','','','','',364,368,20,100,NULL,NULL,NULL,'file_asset_360.pdf',NULL,NULL,'','',NULL,NULL,NULL),(361,3,'188','562',NULL,'asset_item_picture1_361.jpg',NULL,NULL,NULL,NULL,'','','','','',365,369,20,100,NULL,NULL,NULL,'file_asset_361.pdf',NULL,NULL,'','',NULL,NULL,NULL),(362,4,'200','223',NULL,NULL,NULL,NULL,NULL,NULL,NULL,NULL,NULL,NULL,NULL,366,370,10,100,NULL,NULL,NULL,NULL,NULL,NULL,'','',NULL,NULL,NULL),(363,3,'189','563',NULL,'asset_item_picture1_363.jpg',NULL,NULL,NULL,NULL,'','','','','',367,371,20,100,NULL,NULL,NULL,'file_asset_363.pdf',NULL,NULL,'','',NULL,NULL,NULL),(364,1,'158','728',NULL,'asset_item_picture1_364.jpg',NULL,NULL,NULL,NULL,'','','','','',368,372,20,100,NULL,NULL,NULL,'file_asset_364.pdf',NULL,NULL,'','',NULL,NULL,NULL),(365,3,'190','564',NULL,'asset_item_picture1_365.jpg',NULL,NULL,NULL,NULL,'','','','','',369,373,20,100,NULL,NULL,NULL,'file_asset_365.pdf',NULL,NULL,'','',NULL,NULL,NULL),(366,4,'202','224',NULL,NULL,NULL,NULL,NULL,NULL,NULL,NULL,NULL,NULL,NULL,370,374,10,100,NULL,NULL,NULL,NULL,NULL,NULL,'','',NULL,NULL,NULL),(367,3,'191','565',NULL,'asset_item_picture1_367.jpg',NULL,NULL,NULL,NULL,'','','','','',371,375,20,100,NULL,NULL,NULL,'file_asset_367.pdf',NULL,NULL,'','',NULL,NULL,NULL),(368,4,'201','225',NULL,NULL,NULL,NULL,NULL,NULL,NULL,NULL,NULL,NULL,NULL,372,376,10,100,NULL,NULL,NULL,NULL,NULL,NULL,'','',NULL,NULL,NULL),(369,1,'159','729',NULL,'asset_item_picture1_369.jpg',NULL,NULL,NULL,NULL,'','','','','',373,377,20,100,NULL,NULL,NULL,'file_asset_369.pdf',NULL,NULL,'','',NULL,NULL,NULL),(370,3,'192','566',NULL,'asset_item_picture1_370.jpg',NULL,NULL,NULL,NULL,'','','','','',374,378,20,100,NULL,NULL,NULL,'file_asset_370.pdf',NULL,NULL,'','',NULL,NULL,NULL),(371,4,'164','226',NULL,NULL,NULL,NULL,NULL,NULL,NULL,NULL,NULL,NULL,NULL,375,379,10,100,NULL,NULL,NULL,NULL,NULL,NULL,'','',NULL,NULL,NULL),(372,3,'193','567',NULL,'asset_item_picture1_372.jpg',NULL,NULL,NULL,NULL,'','','','','',376,380,20,100,NULL,NULL,NULL,'file_asset_372.pdf',NULL,NULL,'','',NULL,NULL,NULL),(373,1,'160','730',NULL,'asset_item_picture1_373.jpg',NULL,NULL,NULL,NULL,'','','','','',377,381,20,100,NULL,NULL,NULL,'file_asset_373.pdf',NULL,NULL,'','',NULL,NULL,NULL),(374,1,'13','731',NULL,'asset_item_picture1_374.jpg',NULL,NULL,NULL,NULL,'','','','','',378,382,20,100,NULL,NULL,NULL,'file_asset_374.pdf',NULL,NULL,'','',NULL,NULL,NULL),(375,2,'1361','568',NULL,'asset_item_picture1_375.jpg',NULL,NULL,NULL,NULL,'','','','','',379,383,20,100,NULL,NULL,NULL,'file_asset_375.pdf',NULL,NULL,'','',NULL,NULL,NULL),(376,4,'204','227',NULL,NULL,NULL,NULL,NULL,NULL,NULL,NULL,NULL,NULL,NULL,380,384,10,100,NULL,NULL,NULL,NULL,NULL,NULL,'','',NULL,NULL,NULL),(377,4,'186','228',NULL,NULL,NULL,NULL,NULL,NULL,NULL,NULL,NULL,NULL,NULL,381,385,10,100,NULL,NULL,NULL,NULL,NULL,NULL,'Terdapat Batas dengan adanya Patok PJT I','',NULL,NULL,NULL),(378,2,'1363','569',NULL,'asset_item_picture1_378.jpg',NULL,NULL,NULL,NULL,'','','','','',382,386,20,100,NULL,NULL,NULL,'file_asset_378.pdf',NULL,NULL,'','',NULL,NULL,NULL),(379,1,'145','732',NULL,NULL,NULL,NULL,NULL,NULL,NULL,NULL,NULL,NULL,NULL,383,387,20,200,NULL,NULL,NULL,NULL,NULL,NULL,'','',NULL,NULL,NULL),(380,4,'162','229',NULL,NULL,NULL,NULL,NULL,NULL,NULL,NULL,NULL,NULL,NULL,384,388,10,100,NULL,NULL,NULL,NULL,NULL,NULL,'','',NULL,NULL,NULL),(381,4,'212','230',NULL,NULL,NULL,NULL,NULL,NULL,NULL,NULL,NULL,NULL,NULL,385,389,10,100,NULL,NULL,NULL,NULL,NULL,NULL,'','',NULL,NULL,NULL),(382,1,'44','733',NULL,'asset_item_picture1_382.jpg',NULL,NULL,NULL,NULL,'','','','','',386,390,20,100,NULL,NULL,NULL,'file_asset_382.pdf',NULL,NULL,'','',NULL,NULL,NULL),(383,2,'1266','570',NULL,'asset_item_picture1_383.jpg',NULL,NULL,NULL,NULL,'','','','','',387,391,20,100,NULL,NULL,NULL,'file_asset_383.pdf',NULL,NULL,'','',NULL,NULL,NULL),(384,2,'1212','571',NULL,'asset_item_picture1_384.jpg',NULL,NULL,NULL,NULL,'','','','','',388,392,20,100,NULL,NULL,NULL,'file_asset_384.pdf',NULL,NULL,'','',NULL,NULL,NULL),(385,1,'43','734',NULL,'asset_item_picture1_385.jpg',NULL,NULL,NULL,NULL,'','','','','',389,393,20,100,NULL,NULL,NULL,'file_asset_385.pdf',NULL,NULL,'','',NULL,NULL,NULL),(386,2,'1213','572',NULL,'asset_item_picture1_386.jpg',NULL,NULL,NULL,NULL,'','','','','',390,394,20,100,NULL,NULL,NULL,'file_asset_386.pdf',NULL,NULL,'','',NULL,NULL,NULL),(387,2,'1214','573',NULL,'asset_item_picture1_387.jpg',NULL,NULL,NULL,NULL,'','','','','',391,395,20,100,NULL,NULL,NULL,'file_asset_387.pdf',NULL,NULL,'','',NULL,NULL,NULL),(388,1,'42','735',NULL,'asset_item_picture1_388.jpg',NULL,NULL,NULL,NULL,'','','','','',392,396,20,100,NULL,NULL,NULL,'file_asset_388.pdf',NULL,NULL,'','',NULL,NULL,NULL),(389,2,'1215','574',NULL,'asset_item_picture1_389.jpg',NULL,NULL,NULL,NULL,'','','','','',393,397,20,100,NULL,NULL,NULL,'file_asset_389.pdf',NULL,NULL,'','',NULL,NULL,NULL),(390,2,'1217','575',NULL,'asset_item_picture1_390.jpg',NULL,NULL,NULL,NULL,'','','','','',394,398,20,100,NULL,NULL,NULL,'file_asset_390.pdf',NULL,NULL,'','',NULL,NULL,NULL),(391,1,'12','736',NULL,'asset_item_picture1_391.jpg',NULL,NULL,NULL,NULL,'','','','','',395,399,20,100,NULL,NULL,NULL,'file_asset_391.pdf',NULL,NULL,'','',NULL,NULL,NULL),(392,2,'1216','576',NULL,'asset_item_picture1_392.jpg',NULL,NULL,NULL,NULL,'','','','','',396,400,20,100,NULL,NULL,NULL,'file_asset_392.pdf',NULL,NULL,'','',NULL,NULL,NULL),(393,2,'1264','577',NULL,'asset_item_picture1_393.jpg',NULL,NULL,NULL,NULL,'','','','','',397,401,20,100,NULL,NULL,NULL,'file_asset_393.pdf',NULL,NULL,'','',NULL,NULL,NULL),(394,2,'1274','578',NULL,'asset_item_picture1_394.jpg',NULL,NULL,NULL,NULL,'','','','','',398,402,20,100,NULL,NULL,NULL,'file_asset_394.pdf',NULL,NULL,'Terdapat Batas dengan adanya Patok BBWS','',NULL,NULL,NULL),(395,1,'2','737',NULL,NULL,NULL,NULL,NULL,NULL,NULL,NULL,NULL,NULL,NULL,399,403,20,100,NULL,NULL,NULL,NULL,NULL,NULL,'','',NULL,NULL,NULL),(396,4,'187','231',NULL,NULL,NULL,NULL,NULL,NULL,NULL,NULL,NULL,NULL,NULL,400,404,10,100,NULL,NULL,NULL,NULL,NULL,NULL,'','',NULL,NULL,NULL),(397,2,'1267','579',NULL,'asset_item_picture1_397.jpg',NULL,NULL,NULL,NULL,'','','','','',401,405,20,100,NULL,NULL,NULL,'file_asset_397.pdf',NULL,NULL,'','',NULL,NULL,NULL),(398,5,'3','232',NULL,NULL,NULL,NULL,NULL,NULL,NULL,NULL,NULL,NULL,NULL,402,406,10,100,NULL,NULL,NULL,NULL,NULL,NULL,'','',NULL,NULL,NULL),(399,2,'1276','580',NULL,'asset_item_picture1_399.jpg',NULL,NULL,NULL,NULL,'','','','','',403,407,20,100,NULL,NULL,NULL,'file_asset_399.pdf',NULL,NULL,'','',NULL,NULL,NULL),(400,5,'1','233',NULL,NULL,NULL,NULL,NULL,NULL,NULL,NULL,NULL,NULL,NULL,404,408,10,100,NULL,NULL,NULL,NULL,NULL,NULL,'','',NULL,NULL,NULL),(401,2,'1265','581',NULL,'asset_item_picture1_401.jpg',NULL,NULL,NULL,NULL,'','','','','',405,409,20,100,NULL,NULL,NULL,'file_asset_401.pdf',NULL,NULL,'','',NULL,NULL,NULL),(402,5,'12','234',NULL,NULL,NULL,NULL,NULL,NULL,NULL,NULL,NULL,NULL,NULL,406,410,10,100,NULL,NULL,NULL,NULL,NULL,NULL,'','',NULL,NULL,NULL),(403,5,'4','235',NULL,NULL,NULL,NULL,NULL,NULL,NULL,NULL,NULL,NULL,NULL,407,411,10,100,NULL,NULL,NULL,NULL,NULL,NULL,'','',NULL,NULL,NULL),(404,2,'1275','582',NULL,'asset_item_picture1_404.jpg',NULL,NULL,NULL,NULL,'','','','','',408,412,20,100,NULL,NULL,NULL,'file_asset_404.pdf',NULL,NULL,'','',NULL,NULL,NULL),(405,5,'2','236',NULL,NULL,NULL,NULL,NULL,NULL,NULL,NULL,NULL,NULL,NULL,409,413,10,100,NULL,NULL,NULL,NULL,NULL,NULL,'','',NULL,NULL,NULL),(406,5,'15','237',NULL,NULL,NULL,NULL,NULL,NULL,NULL,NULL,NULL,NULL,NULL,410,414,10,100,NULL,NULL,NULL,NULL,NULL,NULL,'','',NULL,NULL,NULL),(407,2,'1273','583',NULL,'asset_item_picture1_407.jpg',NULL,NULL,NULL,NULL,'','','','','',411,415,20,100,NULL,NULL,NULL,'file_asset_407.pdf',NULL,NULL,'','',NULL,NULL,NULL),(408,5,'14','238',NULL,NULL,NULL,NULL,NULL,NULL,NULL,NULL,NULL,NULL,NULL,412,416,10,100,NULL,NULL,NULL,NULL,NULL,NULL,'','',NULL,NULL,NULL),(409,5,'8','239',NULL,NULL,NULL,NULL,NULL,NULL,NULL,NULL,NULL,NULL,NULL,413,417,10,100,NULL,NULL,NULL,NULL,NULL,NULL,'','',NULL,NULL,NULL),(410,5,'10','240',NULL,NULL,NULL,NULL,NULL,NULL,NULL,NULL,NULL,NULL,NULL,414,418,10,100,NULL,NULL,NULL,NULL,NULL,NULL,'','',NULL,NULL,NULL),(411,5,'11','241',NULL,NULL,NULL,NULL,NULL,NULL,NULL,NULL,NULL,NULL,NULL,415,419,10,100,NULL,NULL,NULL,NULL,NULL,NULL,'','',NULL,NULL,NULL),(412,5,'7','242',NULL,NULL,NULL,NULL,NULL,NULL,NULL,NULL,NULL,NULL,NULL,416,420,10,100,NULL,NULL,NULL,NULL,NULL,NULL,'','',NULL,NULL,NULL),(413,5,'9','243',NULL,NULL,NULL,NULL,NULL,NULL,NULL,NULL,NULL,NULL,NULL,417,421,10,100,NULL,NULL,NULL,NULL,NULL,NULL,'','',NULL,NULL,NULL),(414,5,'6','244',NULL,NULL,NULL,NULL,NULL,NULL,NULL,NULL,NULL,NULL,NULL,418,422,10,100,NULL,NULL,NULL,NULL,NULL,NULL,'','',NULL,NULL,NULL),(415,5,'13','245',NULL,NULL,NULL,NULL,NULL,NULL,NULL,NULL,NULL,NULL,NULL,419,423,10,100,NULL,NULL,NULL,NULL,NULL,NULL,'','',NULL,NULL,NULL),(416,5,'49','246',NULL,NULL,NULL,NULL,NULL,NULL,NULL,NULL,NULL,NULL,NULL,420,424,10,100,NULL,NULL,NULL,NULL,NULL,NULL,'','',NULL,NULL,NULL),(417,1,'145','738',NULL,'asset_item_picture1_417.jpg',NULL,NULL,NULL,NULL,'','','','','',421,425,20,100,NULL,NULL,NULL,'file_asset_417.pdf',NULL,NULL,'','',NULL,NULL,NULL),(418,5,'50','247',NULL,NULL,NULL,NULL,NULL,NULL,NULL,NULL,NULL,NULL,NULL,422,426,10,100,NULL,NULL,NULL,NULL,NULL,NULL,'','',NULL,NULL,NULL),(419,5,'51','248',NULL,NULL,NULL,NULL,NULL,NULL,NULL,NULL,NULL,NULL,NULL,423,427,10,100,NULL,NULL,NULL,NULL,NULL,NULL,'','',NULL,NULL,NULL),(420,5,'52','249',NULL,NULL,NULL,NULL,NULL,NULL,NULL,NULL,NULL,NULL,NULL,424,428,10,100,NULL,NULL,NULL,NULL,NULL,NULL,'','',NULL,NULL,NULL),(421,5,'38','250',NULL,NULL,NULL,NULL,NULL,NULL,NULL,NULL,NULL,NULL,NULL,425,429,10,100,NULL,NULL,NULL,NULL,NULL,NULL,'','',NULL,NULL,NULL),(422,5,'40','251',NULL,NULL,NULL,NULL,NULL,NULL,NULL,NULL,NULL,NULL,NULL,426,430,10,100,NULL,NULL,NULL,NULL,NULL,NULL,'','',NULL,NULL,NULL),(423,1,'277','739',NULL,'asset_item_picture1_423.jpg',NULL,NULL,NULL,NULL,'','','','','',427,431,20,100,NULL,NULL,NULL,'file_asset_423.pdf',NULL,NULL,'','',NULL,NULL,NULL),(424,5,'5','252',NULL,NULL,NULL,NULL,NULL,NULL,NULL,NULL,NULL,NULL,NULL,428,432,10,100,NULL,NULL,NULL,NULL,NULL,NULL,'','',NULL,NULL,NULL),(425,5,'48','235',NULL,NULL,NULL,NULL,NULL,NULL,NULL,NULL,NULL,NULL,NULL,429,433,10,100,NULL,NULL,NULL,NULL,NULL,NULL,'','',NULL,NULL,NULL),(426,5,'41','245',NULL,NULL,NULL,NULL,NULL,NULL,NULL,NULL,NULL,NULL,NULL,430,434,10,100,NULL,NULL,NULL,NULL,NULL,NULL,'','',NULL,NULL,NULL),(427,5,'47','255',NULL,NULL,NULL,NULL,NULL,NULL,NULL,NULL,NULL,NULL,NULL,431,435,10,100,NULL,NULL,NULL,NULL,NULL,NULL,'','',NULL,NULL,NULL),(428,6,'41','256',NULL,NULL,NULL,NULL,NULL,NULL,NULL,NULL,NULL,NULL,NULL,432,436,10,100,NULL,NULL,NULL,NULL,NULL,NULL,'','',NULL,NULL,NULL),(429,1,'278','740',NULL,NULL,NULL,NULL,NULL,NULL,NULL,NULL,NULL,NULL,NULL,433,437,20,100,NULL,NULL,NULL,'file_asset_429.pdf',NULL,NULL,'','',NULL,NULL,NULL),(430,6,'42','257',NULL,NULL,NULL,NULL,NULL,NULL,NULL,NULL,NULL,NULL,NULL,434,438,10,100,NULL,NULL,NULL,NULL,NULL,NULL,'','',NULL,NULL,NULL),(431,6,'43','258',NULL,NULL,NULL,NULL,NULL,NULL,NULL,NULL,NULL,NULL,NULL,435,439,10,100,NULL,NULL,NULL,NULL,NULL,NULL,'','',NULL,NULL,NULL),(432,6,'44','259',NULL,NULL,NULL,NULL,NULL,NULL,NULL,NULL,NULL,NULL,NULL,436,440,10,100,NULL,NULL,NULL,NULL,NULL,NULL,'','',NULL,NULL,NULL),(433,6,'49','260',NULL,NULL,NULL,NULL,NULL,NULL,NULL,NULL,NULL,NULL,NULL,437,441,10,100,NULL,NULL,NULL,NULL,NULL,NULL,'','',NULL,NULL,NULL),(434,6,'50','261',NULL,NULL,NULL,NULL,NULL,NULL,NULL,NULL,NULL,NULL,NULL,438,442,10,100,NULL,NULL,NULL,NULL,NULL,NULL,'','',NULL,NULL,NULL),(435,1,'47','744',NULL,'asset_item_picture1_435.jpg',NULL,NULL,NULL,NULL,'','','','','',439,443,20,100,NULL,NULL,NULL,'file_asset_435.pdf',NULL,NULL,'','',NULL,NULL,NULL),(436,6,'45','262',NULL,NULL,NULL,NULL,NULL,NULL,NULL,NULL,NULL,NULL,NULL,440,444,10,100,NULL,NULL,NULL,NULL,NULL,NULL,'','',NULL,NULL,NULL),(437,6,'46','263',NULL,NULL,NULL,NULL,NULL,NULL,NULL,NULL,NULL,NULL,NULL,441,445,10,100,NULL,NULL,NULL,NULL,NULL,NULL,'','',NULL,NULL,NULL),(438,6,'47','264',NULL,NULL,NULL,NULL,NULL,NULL,NULL,NULL,NULL,NULL,NULL,442,446,10,100,NULL,NULL,NULL,NULL,NULL,NULL,'','',NULL,NULL,NULL),(439,6,'48','265',NULL,NULL,NULL,NULL,NULL,NULL,NULL,NULL,NULL,NULL,NULL,443,447,10,100,NULL,NULL,NULL,NULL,NULL,NULL,'','',NULL,NULL,NULL),(440,1,'48','745',NULL,'asset_item_picture1_440.jpg',NULL,NULL,NULL,NULL,'','','','','',444,448,20,100,NULL,NULL,NULL,'file_asset_440.pdf',NULL,NULL,'','',NULL,NULL,NULL),(441,7,'99','270',NULL,NULL,NULL,NULL,NULL,NULL,NULL,NULL,NULL,NULL,NULL,445,449,10,100,NULL,NULL,NULL,NULL,NULL,NULL,'','',NULL,NULL,NULL),(442,7,'108','271',NULL,NULL,NULL,NULL,NULL,NULL,NULL,NULL,NULL,NULL,NULL,446,450,10,100,NULL,NULL,NULL,NULL,NULL,NULL,'','',NULL,NULL,NULL),(443,1,'236','746',NULL,'asset_item_picture1_443.jpg',NULL,NULL,NULL,NULL,'','','','','',447,451,20,100,NULL,NULL,NULL,'file_asset_443.pdf',NULL,NULL,'','',NULL,NULL,NULL),(444,1,'286','747',NULL,'asset_item_picture1_444.jpg',NULL,NULL,NULL,NULL,'','','','','',448,452,20,100,NULL,NULL,NULL,'file_asset_444.pdf',NULL,NULL,'','',NULL,NULL,NULL),(445,1,'287','748',NULL,'asset_item_picture1_445.jpg',NULL,NULL,NULL,NULL,'','','','','',449,453,20,100,NULL,NULL,NULL,'file_asset_445.pdf',NULL,NULL,'','',NULL,NULL,NULL),(446,2,'5','292',NULL,'asset_item_picture1_446.jpg',NULL,NULL,NULL,NULL,'','','','','',450,454,10,100,NULL,NULL,NULL,'file_asset_446.pdf',NULL,NULL,'','',NULL,NULL,NULL),(447,2,'6','293',NULL,'asset_item_picture1_447.jpg',NULL,NULL,NULL,NULL,'','','','','',451,455,10,100,NULL,NULL,NULL,'file_asset_447.pdf',NULL,NULL,'','',NULL,NULL,NULL),(448,2,'34','294',NULL,'asset_item_picture1_448.jpg',NULL,NULL,NULL,NULL,'','','','','',452,456,10,100,NULL,NULL,NULL,'file_asset_448.pdf',NULL,NULL,'','',NULL,NULL,NULL),(449,2,'35','295',NULL,'asset_item_picture1_449.jpg',NULL,NULL,NULL,NULL,'','','','','',453,457,10,100,NULL,NULL,NULL,'file_asset_449.pdf',NULL,NULL,'','',NULL,NULL,NULL),(450,2,'36','296',NULL,'asset_item_picture1_450.jpg',NULL,NULL,NULL,NULL,'','','','','',454,458,10,100,NULL,NULL,NULL,'file_asset_450.pdf',NULL,NULL,'','',NULL,NULL,NULL),(451,2,'37','297',NULL,'asset_item_picture1_451.jpg',NULL,NULL,NULL,NULL,'','','','','',455,459,10,100,NULL,NULL,NULL,'file_asset_451.pdf',NULL,NULL,'','',NULL,NULL,NULL),(452,2,'38','298',NULL,'asset_item_picture1_452.jpg',NULL,NULL,NULL,NULL,'','','','','',456,460,10,100,NULL,NULL,NULL,'file_asset_452.pdf',NULL,NULL,'','',NULL,NULL,NULL),(453,1,'288','749',NULL,'asset_item_picture1_453.jpg',NULL,NULL,NULL,NULL,'','','','','',457,461,20,100,NULL,NULL,NULL,'file_asset_453.pdf',NULL,NULL,'','',NULL,NULL,NULL),(454,2,'39','299',NULL,'asset_item_picture1_454.jpg',NULL,NULL,NULL,NULL,'','','','','',458,462,10,100,NULL,NULL,NULL,'file_asset_454.pdf',NULL,NULL,'','',NULL,NULL,NULL),(455,2,'40','300',NULL,'asset_item_picture1_455.jpg',NULL,NULL,NULL,NULL,'','','','','',459,463,10,100,NULL,NULL,NULL,'file_asset_455.pdf',NULL,NULL,'','',NULL,NULL,NULL),(456,1,'290','750',NULL,'asset_item_picture1_456.jpg',NULL,NULL,NULL,NULL,'','','','','',460,464,20,100,NULL,NULL,NULL,'file_asset_456.pdf',NULL,NULL,'','',NULL,NULL,NULL),(457,1,'291','751',NULL,'asset_item_picture1_457.jpg',NULL,NULL,NULL,NULL,'','','','','',461,465,20,100,NULL,NULL,NULL,'file_asset_457.pdf',NULL,NULL,'','',NULL,NULL,NULL),(458,1,'289','752',NULL,'asset_item_picture1_458.jpg',NULL,NULL,NULL,NULL,'','','','','',462,466,20,100,NULL,NULL,NULL,'file_asset_458.pdf',NULL,NULL,'','',NULL,NULL,NULL),(459,1,'292','753',NULL,'asset_item_picture1_459.jpg',NULL,NULL,NULL,NULL,'','','','','',463,467,20,100,NULL,NULL,NULL,'file_asset_459.pdf',NULL,NULL,'','',NULL,NULL,NULL),(460,1,'285','754',NULL,'asset_item_picture1_460.jpg',NULL,NULL,NULL,NULL,'','','','','',464,468,20,100,NULL,NULL,NULL,'file_asset_460.pdf',NULL,NULL,'','',NULL,NULL,NULL),(461,1,'23','584',NULL,'asset_item_picture1_461.jpg',NULL,NULL,NULL,NULL,'','','','','',465,469,20,100,NULL,NULL,NULL,'file_asset_461.pdf',NULL,NULL,'','',NULL,NULL,NULL),(462,1,'38','755',NULL,'asset_item_picture1_462.jpg',NULL,NULL,NULL,NULL,'','','','','',466,470,20,100,NULL,NULL,NULL,'file_asset_462.pdf',NULL,NULL,'','',NULL,NULL,NULL),(463,1,'8','585',NULL,'asset_item_picture1_463.jpg',NULL,NULL,NULL,NULL,'','','','','',467,471,20,100,NULL,NULL,NULL,'file_asset_463.pdf',NULL,NULL,'','',NULL,NULL,NULL),(464,1,'36','757',NULL,'asset_item_picture1_464.jpg',NULL,NULL,NULL,NULL,'','','','','',468,472,20,100,NULL,NULL,NULL,'file_asset_464.pdf',NULL,NULL,'','',NULL,NULL,NULL),(465,1,'26','586',NULL,'asset_item_picture1_465.jpg',NULL,NULL,NULL,NULL,'','','','','',469,473,20,100,NULL,NULL,NULL,'file_asset_465.pdf',NULL,NULL,'','',NULL,NULL,NULL),(466,1,'6','587',NULL,'asset_item_picture1_466.jpg',NULL,NULL,NULL,NULL,'','','','','',470,474,20,100,NULL,NULL,NULL,'file_asset_466.pdf',NULL,NULL,'','',NULL,NULL,NULL),(467,1,'11','758',NULL,'asset_item_picture1_467.jpg',NULL,NULL,NULL,NULL,'','','','','',471,475,20,100,NULL,NULL,NULL,'file_asset_467.pdf',NULL,NULL,'','',NULL,NULL,NULL),(468,1,'100','588',NULL,'asset_item_picture1_468.jpg',NULL,NULL,NULL,NULL,'','','','','',472,476,20,100,NULL,NULL,NULL,'file_asset_468.pdf',NULL,NULL,'','',NULL,NULL,NULL),(469,1,'7','589',NULL,'asset_item_picture1_469.jpg',NULL,NULL,NULL,NULL,'','','','','',473,477,20,100,NULL,NULL,NULL,'file_asset_469.pdf',NULL,NULL,'','',NULL,NULL,NULL),(470,1,'266','759',NULL,'asset_item_picture1_470.jpg',NULL,NULL,NULL,NULL,'','','','','',474,478,20,100,NULL,NULL,NULL,'file_asset_470.pdf',NULL,NULL,'','',NULL,NULL,NULL),(471,1,'267','760',NULL,'asset_item_picture1_471.jpg',NULL,NULL,NULL,NULL,'','','','','',475,479,20,100,NULL,NULL,NULL,'file_asset_471.pdf',NULL,NULL,'','',NULL,NULL,NULL),(472,1,'27','590',NULL,'asset_item_picture1_472.jpg',NULL,NULL,NULL,NULL,'','','','','',476,480,20,100,NULL,NULL,NULL,'file_asset_472.pdf',NULL,NULL,'','',NULL,NULL,NULL),(473,1,'93','591',NULL,'asset_item_picture1_473.jpg',NULL,NULL,NULL,NULL,'','','','','',477,481,20,100,NULL,NULL,NULL,'file_asset_473.pdf',NULL,NULL,'','',NULL,NULL,NULL),(474,1,'268','761',NULL,'asset_item_picture1_474.jpg',NULL,NULL,NULL,NULL,'','','','','',478,482,20,100,NULL,NULL,NULL,'file_asset_474.pdf',NULL,NULL,'','',NULL,NULL,NULL),(475,1,'94','592',NULL,'asset_item_picture1_475.jpg',NULL,NULL,NULL,NULL,'','','','','',479,483,20,100,NULL,NULL,NULL,'file_asset_475.pdf',NULL,NULL,'','',NULL,NULL,NULL),(476,1,'269','762',NULL,'asset_item_picture1_476.jpg',NULL,NULL,NULL,NULL,'','','','','',480,484,20,100,NULL,NULL,NULL,'file_asset_476.pdf',NULL,NULL,'','',NULL,NULL,NULL),(477,1,'95','593',NULL,'asset_item_picture1_477.jpg',NULL,NULL,NULL,NULL,'','','','','',481,485,20,100,NULL,NULL,NULL,'file_asset_477.pdf',NULL,NULL,'','',NULL,NULL,NULL),(478,1,'37','763',NULL,'asset_item_picture1_478.jpg',NULL,NULL,NULL,NULL,'','','','','',482,486,20,100,NULL,NULL,NULL,'file_asset_478.pdf',NULL,NULL,'','',NULL,NULL,NULL),(479,1,'96','594',NULL,NULL,NULL,NULL,NULL,NULL,NULL,NULL,NULL,NULL,NULL,483,487,20,100,NULL,NULL,NULL,NULL,NULL,NULL,'','',NULL,NULL,NULL),(480,1,'97','595',NULL,'asset_item_picture1_480.jpg',NULL,NULL,NULL,NULL,'','','','','',484,488,20,100,NULL,NULL,NULL,'file_asset_480.pdf',NULL,NULL,'','',NULL,NULL,NULL),(481,1,'31','764',NULL,'asset_item_picture1_481.jpg',NULL,NULL,NULL,NULL,'','','','','',485,489,20,100,NULL,NULL,NULL,'file_asset_481.pdf',NULL,NULL,'','',NULL,NULL,NULL),(482,1,'98','596',NULL,'asset_item_picture1_482.jpg',NULL,NULL,NULL,NULL,'','','','','',486,490,20,100,NULL,NULL,NULL,'file_asset_482.pdf',NULL,NULL,'','',NULL,NULL,NULL),(483,1,'99','597',NULL,'asset_item_picture1_483.jpg',NULL,NULL,NULL,NULL,'','','','','',487,491,20,100,NULL,NULL,NULL,'file_asset_483.pdf',NULL,NULL,'','',NULL,NULL,NULL),(484,1,'101','598',NULL,'asset_item_picture1_484.jpg',NULL,NULL,NULL,NULL,'','','','','',488,492,20,100,NULL,NULL,NULL,'file_asset_484.pdf',NULL,NULL,'','',NULL,NULL,NULL),(485,1,'102','599',NULL,'asset_item_picture1_485.jpg',NULL,NULL,NULL,NULL,'','','','','',489,493,20,100,NULL,NULL,NULL,'file_asset_485.pdf',NULL,NULL,'','',NULL,NULL,NULL),(486,1,'103','600',NULL,'asset_item_picture1_486.jpg',NULL,NULL,NULL,NULL,'','','','','',490,494,20,100,NULL,NULL,NULL,'file_asset_486.pdf',NULL,NULL,'','',NULL,NULL,NULL),(487,1,'104','601',NULL,'asset_item_picture1_487.jpg',NULL,NULL,NULL,NULL,'','','','','',491,495,20,100,NULL,NULL,NULL,'file_asset_487.pdf',NULL,NULL,'','',NULL,NULL,NULL),(488,1,'105','602',NULL,'asset_item_picture1_488.jpg',NULL,NULL,NULL,NULL,'','','','','',492,496,20,100,NULL,NULL,NULL,'file_asset_488.pdf',NULL,NULL,'','',NULL,NULL,NULL),(489,1,'134','765',NULL,'asset_item_picture1_489.jpg',NULL,NULL,NULL,NULL,'','','','','',493,497,20,100,NULL,NULL,NULL,'file_asset_489.pdf',NULL,NULL,'','',NULL,NULL,NULL),(490,1,'106','603',NULL,'asset_item_picture1_490.jpg',NULL,NULL,NULL,NULL,'','','','','',494,498,20,100,NULL,NULL,NULL,'file_asset_490.pdf',NULL,NULL,'','',NULL,NULL,NULL),(491,1,'107','604',NULL,'asset_item_picture1_491.jpg',NULL,NULL,NULL,NULL,'','','','','',495,499,20,100,NULL,NULL,NULL,'file_asset_491.pdf',NULL,NULL,'','',NULL,NULL,NULL),(492,1,'108','605',NULL,'asset_item_picture1_492.jpg',NULL,NULL,NULL,NULL,'','','','','',496,500,20,100,NULL,NULL,NULL,'file_asset_492.pdf',NULL,NULL,'','',NULL,NULL,NULL),(493,1,'29','606',NULL,'asset_item_picture1_493.jpg',NULL,NULL,NULL,NULL,'','','','','',497,501,20,100,NULL,NULL,NULL,'file_asset_493.pdf',NULL,NULL,'','',NULL,NULL,NULL),(494,1,'204','607',NULL,'asset_item_picture1_494.jpg',NULL,NULL,NULL,NULL,'','','','','',498,502,20,100,NULL,NULL,NULL,'file_asset_494.pdf',NULL,NULL,'','',NULL,NULL,NULL),(495,1,'205','608',NULL,'asset_item_picture1_495.jpg',NULL,NULL,NULL,NULL,'','','','','',499,503,20,100,NULL,NULL,NULL,'file_asset_495.pdf',NULL,NULL,'','',NULL,NULL,NULL),(496,1,'206','609',NULL,'asset_item_picture1_496.jpg',NULL,NULL,NULL,NULL,'','','','','',500,504,20,100,NULL,NULL,NULL,'file_asset_496.pdf',NULL,NULL,'','',NULL,NULL,NULL),(497,1,'30','766',NULL,'asset_item_picture1_497.jpg',NULL,NULL,NULL,NULL,'','','','','',501,505,20,100,NULL,NULL,NULL,'file_asset_497.pdf',NULL,NULL,'','',NULL,NULL,NULL),(498,1,'207','610',NULL,'asset_item_picture1_498.jpg',NULL,NULL,NULL,NULL,'','','','','',502,506,20,100,NULL,NULL,NULL,'file_asset_498.pdf',NULL,NULL,'','',NULL,NULL,NULL),(499,1,'208','611',NULL,'asset_item_picture1_499.jpg',NULL,NULL,NULL,NULL,'','','','','',503,507,20,100,NULL,NULL,NULL,'file_asset_499.pdf',NULL,NULL,'','',NULL,NULL,NULL),(500,1,'209','612',NULL,'asset_item_picture1_500.jpg',NULL,NULL,NULL,NULL,'','','','','',504,508,20,100,NULL,NULL,NULL,'file_asset_500.pdf',NULL,NULL,'','',NULL,NULL,NULL),(501,1,'120','767',NULL,'asset_item_picture1_501.jpg',NULL,NULL,NULL,NULL,'','','','','',505,509,20,100,NULL,NULL,NULL,'file_asset_501.pdf',NULL,NULL,'','',NULL,NULL,NULL),(502,1,'210','613',NULL,'asset_item_picture1_502.jpg',NULL,NULL,NULL,NULL,'','','','','',506,510,20,100,NULL,NULL,NULL,'file_asset_502.pdf',NULL,NULL,'','',NULL,NULL,NULL),(503,1,'211','614',NULL,'asset_item_picture1_503.jpg',NULL,NULL,NULL,NULL,'','','','','',507,511,20,100,NULL,NULL,NULL,'file_asset_503.pdf',NULL,NULL,'','',NULL,NULL,NULL),(504,1,'121','768',NULL,'asset_item_picture1_504.jpg',NULL,NULL,NULL,NULL,'','','','','',508,512,20,100,NULL,NULL,NULL,'file_asset_504.pdf',NULL,NULL,'','',NULL,NULL,NULL),(505,1,'212','615',NULL,'asset_item_picture1_505.jpg',NULL,NULL,NULL,NULL,'','','','','',509,513,20,100,NULL,NULL,NULL,'file_asset_505.pdf',NULL,NULL,'','',NULL,NULL,NULL),(506,1,'22','616',NULL,'asset_item_picture1_506.jpg',NULL,NULL,NULL,NULL,'','','','','',510,514,20,100,NULL,NULL,NULL,'file_asset_506.pdf',NULL,NULL,'','',NULL,NULL,NULL),(507,1,'122','769',NULL,'asset_item_picture1_507.jpg',NULL,NULL,NULL,NULL,'','','','','',511,515,20,100,NULL,NULL,NULL,'file_asset_507.pdf',NULL,NULL,'','',NULL,NULL,NULL),(508,1,'196','617',NULL,'asset_item_picture1_508.jpg',NULL,NULL,NULL,NULL,'','','','','',512,516,20,100,NULL,NULL,NULL,'file_asset_508.pdf',NULL,NULL,'','',NULL,NULL,NULL),(509,1,'197','618',NULL,'asset_item_picture1_509.jpg',NULL,NULL,NULL,NULL,'','','','','',513,517,20,100,NULL,NULL,NULL,'file_asset_509.pdf',NULL,NULL,'','',NULL,NULL,NULL),(510,1,'123','770',NULL,'asset_item_picture1_510.jpg',NULL,NULL,NULL,NULL,'','','','','',514,518,20,100,NULL,NULL,NULL,'file_asset_510.pdf',NULL,NULL,'','',NULL,NULL,NULL),(511,1,'198','619',NULL,'asset_item_picture1_511.jpg',NULL,NULL,NULL,NULL,'','','','','',515,519,20,100,NULL,NULL,NULL,'file_asset_511.pdf',NULL,NULL,'','',NULL,NULL,NULL),(512,1,'124','771',NULL,'asset_item_picture1_512.jpg',NULL,NULL,NULL,NULL,'','','','','',516,520,20,100,NULL,NULL,NULL,'file_asset_512.pdf',NULL,NULL,'','',NULL,NULL,NULL),(513,1,'199','620',NULL,'asset_item_picture1_513.jpg',NULL,NULL,NULL,NULL,'','','','','',517,521,20,100,NULL,NULL,NULL,'file_asset_513.pdf',NULL,NULL,'','',NULL,NULL,NULL),(514,1,'200','621',NULL,NULL,NULL,NULL,NULL,NULL,NULL,NULL,NULL,NULL,NULL,518,522,20,100,NULL,NULL,NULL,NULL,NULL,NULL,'','',NULL,NULL,NULL),(515,1,'201','622',NULL,'asset_item_picture1_515.jpg',NULL,NULL,NULL,NULL,'','','','','',519,523,20,100,NULL,NULL,NULL,'file_asset_515.pdf',NULL,NULL,'','',NULL,NULL,NULL),(516,1,'202','623',NULL,'asset_item_picture1_516.jpg',NULL,NULL,NULL,NULL,'','','','','',520,524,20,100,NULL,NULL,NULL,'file_asset_516.pdf',NULL,NULL,'','',NULL,NULL,NULL),(517,1,'32','772',NULL,'asset_item_picture1_517.jpg',NULL,NULL,NULL,NULL,'','','','','',521,525,20,100,NULL,NULL,NULL,'file_asset_517.pdf',NULL,NULL,'','',NULL,NULL,NULL),(518,1,'203','624',NULL,'asset_item_picture1_518.jpg',NULL,NULL,NULL,NULL,'','','','','',522,526,20,100,NULL,NULL,NULL,'file_asset_518.pdf',NULL,NULL,'','',NULL,NULL,NULL),(519,1,'24','625',NULL,'asset_item_picture1_519.jpg',NULL,NULL,NULL,NULL,'','','','','',523,527,20,100,NULL,NULL,NULL,'file_asset_519.pdf',NULL,NULL,'','',NULL,NULL,NULL),(520,1,'127','773',NULL,'asset_item_picture1_520.jpg',NULL,NULL,NULL,NULL,'','','','','',524,528,20,100,NULL,NULL,NULL,'file_asset_520.pdf',NULL,NULL,'','',NULL,NULL,NULL),(521,1,'76','626',NULL,'asset_item_picture1_521.jpg',NULL,NULL,NULL,NULL,'','','','','',525,529,20,100,NULL,NULL,NULL,'file_asset_521.pdf',NULL,NULL,'','',NULL,NULL,NULL),(522,1,'128','774',NULL,'asset_item_picture1_522.jpg',NULL,NULL,NULL,NULL,'','','','','',526,530,20,100,NULL,NULL,NULL,'file_asset_522.pdf',NULL,NULL,'','',NULL,NULL,NULL),(523,1,'77','627',NULL,'asset_item_picture1_523.jpg',NULL,NULL,NULL,NULL,'','','','','',527,531,20,100,NULL,NULL,NULL,'file_asset_523.pdf',NULL,NULL,'','',NULL,NULL,NULL),(524,1,'129','775',NULL,'asset_item_picture1_524.jpg',NULL,NULL,NULL,NULL,'','','','','',528,532,20,100,NULL,NULL,NULL,'file_asset_524.pdf',NULL,NULL,'','',NULL,NULL,NULL),(525,1,'78','628',NULL,'asset_item_picture1_525.jpg',NULL,NULL,NULL,NULL,'','','','','',529,533,20,100,NULL,NULL,NULL,'file_asset_525.pdf',NULL,NULL,'','',NULL,NULL,NULL),(526,1,'79','629',NULL,'asset_item_picture1_526.jpg',NULL,NULL,NULL,NULL,'','','','','',530,534,20,100,NULL,NULL,NULL,'file_asset_526.pdf',NULL,NULL,'','',NULL,NULL,NULL),(527,1,'80','630',NULL,'asset_item_picture1_527.jpg',NULL,NULL,NULL,NULL,'','','','','',531,535,20,100,NULL,NULL,NULL,'file_asset_527.pdf',NULL,NULL,'','',NULL,NULL,NULL),(528,1,'81','631',NULL,'asset_item_picture1_528.jpg',NULL,NULL,NULL,NULL,'','','','','',532,536,20,100,NULL,NULL,NULL,'file_asset_528.pdf',NULL,NULL,'','',NULL,NULL,NULL),(529,1,'82','632',NULL,'asset_item_picture1_529.jpg',NULL,NULL,NULL,NULL,'','','','','',533,537,20,100,NULL,NULL,NULL,'file_asset_529.pdf',NULL,NULL,'','',NULL,NULL,NULL),(530,1,'279','741',NULL,'asset_item_picture1_530.jpg',NULL,NULL,NULL,NULL,'','','','','',534,538,20,100,NULL,NULL,NULL,'file_asset_530.pdf',NULL,NULL,'','',NULL,NULL,NULL),(531,1,'280','742',NULL,'asset_item_picture1_531.jpg',NULL,NULL,NULL,NULL,'','','','','',535,539,20,100,NULL,NULL,NULL,'file_asset_531.pdf',NULL,NULL,'','',NULL,NULL,NULL),(532,1,'83','633',NULL,'asset_item_picture1_532.jpg',NULL,NULL,NULL,NULL,'','','','','',536,540,20,100,NULL,NULL,NULL,'file_asset_532.pdf',NULL,NULL,'','',NULL,NULL,NULL),(533,1,'84','634',NULL,'asset_item_picture1_533.jpg',NULL,NULL,NULL,NULL,'','','','','',537,541,20,100,NULL,NULL,NULL,'file_asset_533.pdf',NULL,NULL,'','',NULL,NULL,NULL),(534,1,'281','743',NULL,'asset_item_picture1_534.jpg',NULL,NULL,NULL,NULL,'','','','','',538,542,20,100,NULL,NULL,NULL,'file_asset_534.pdf',NULL,NULL,'','',NULL,NULL,NULL),(535,1,'85','635',NULL,'asset_item_picture1_535.jpg',NULL,NULL,NULL,NULL,'','','','','',539,543,20,100,NULL,NULL,NULL,'file_asset_535.pdf',NULL,NULL,'','',NULL,NULL,NULL),(536,1,'86','636',NULL,'asset_item_picture1_536.jpg',NULL,NULL,NULL,NULL,'','','','','',540,544,20,100,NULL,NULL,NULL,'file_asset_536.pdf',NULL,NULL,'','',NULL,NULL,NULL),(537,1,'25','637',NULL,'asset_item_picture1_537.jpg',NULL,NULL,NULL,NULL,'','','','','',541,545,20,100,NULL,NULL,NULL,'file_asset_537.pdf',NULL,NULL,'','',NULL,NULL,NULL),(538,1,'130','776',NULL,'asset_item_picture1_538.jpg',NULL,NULL,NULL,NULL,'','','','','',542,546,20,100,NULL,NULL,NULL,'file_asset_538.pdf',NULL,NULL,'','',NULL,NULL,NULL),(539,1,'87','638',NULL,'asset_item_picture1_539.jpg',NULL,NULL,NULL,NULL,'','','','','',543,547,20,100,NULL,NULL,NULL,'file_asset_539.pdf',NULL,NULL,'','',NULL,NULL,NULL),(540,1,'88','639',NULL,'asset_item_picture1_540.jpg',NULL,NULL,NULL,NULL,'','','','','',544,548,20,100,NULL,NULL,NULL,'file_asset_540.pdf',NULL,NULL,'','',NULL,NULL,NULL),(541,1,'131','777',NULL,'asset_item_picture1_541.jpg',NULL,NULL,NULL,NULL,'','','','','',545,549,20,100,NULL,NULL,NULL,'file_asset_541.pdf',NULL,NULL,'','',NULL,NULL,NULL),(542,1,'89','640',NULL,'asset_item_picture1_542.jpg',NULL,NULL,NULL,NULL,'','','','','',546,550,20,100,NULL,NULL,NULL,'file_asset_542.pdf',NULL,NULL,'','',NULL,NULL,NULL),(543,1,'125','778',NULL,'asset_item_picture1_543.jpg',NULL,NULL,NULL,NULL,'','','','','',547,551,20,100,NULL,NULL,NULL,'file_asset_543.pdf',NULL,NULL,'','',NULL,NULL,NULL),(544,1,'90','641',NULL,'asset_item_picture1_544.jpg',NULL,NULL,NULL,NULL,'','','','','',548,552,20,100,NULL,NULL,NULL,'file_asset_544.pdf',NULL,NULL,'','',NULL,NULL,NULL),(545,1,'132','779',NULL,'asset_item_picture1_545.jpg',NULL,NULL,NULL,NULL,'','','','','',549,553,20,100,NULL,NULL,NULL,'file_asset_545.pdf',NULL,NULL,'','',NULL,NULL,NULL),(546,1,'91','642',NULL,'asset_item_picture1_546.jpg',NULL,NULL,NULL,NULL,'','','','','',550,554,20,100,NULL,NULL,NULL,'file_asset_546.pdf',NULL,NULL,'','',NULL,NULL,NULL),(547,1,'92','643',NULL,'asset_item_picture1_547.jpg',NULL,NULL,NULL,NULL,'','','','','',551,555,20,100,NULL,NULL,NULL,'file_asset_547.pdf',NULL,NULL,'','',NULL,NULL,NULL),(548,1,'133','780',NULL,'asset_item_picture1_548.jpg',NULL,NULL,NULL,NULL,'','','','','',552,556,20,100,NULL,NULL,NULL,'file_asset_548.pdf',NULL,NULL,'','',NULL,NULL,NULL),(549,1,'28','644',NULL,'asset_item_picture1_549.jpg',NULL,NULL,NULL,NULL,'','','','','',553,557,20,100,NULL,NULL,NULL,'file_asset_549.pdf',NULL,NULL,'','',NULL,NULL,NULL),(550,1,'109','645',NULL,'asset_item_picture1_550.jpg',NULL,NULL,NULL,NULL,'','','','','',554,558,20,100,NULL,NULL,NULL,'file_asset_550.pdf',NULL,NULL,'','',NULL,NULL,NULL),(551,1,'110','646',NULL,'asset_item_picture1_551.jpg',NULL,NULL,NULL,NULL,'','','','','',555,559,20,100,NULL,NULL,NULL,'file_asset_551.pdf',NULL,NULL,'','',NULL,NULL,NULL),(552,1,'35','756',NULL,'asset_item_picture1_552.jpg',NULL,NULL,NULL,NULL,'','','','','',556,560,20,100,NULL,NULL,NULL,'file_asset_552.pdf',NULL,NULL,'','',NULL,NULL,NULL),(553,1,'111','647',NULL,'asset_item_picture1_553.jpg',NULL,NULL,NULL,NULL,'','','','','',557,561,20,100,NULL,NULL,NULL,'file_asset_553.pdf',NULL,NULL,'','',NULL,NULL,NULL),(554,1,'112','648',NULL,'asset_item_picture1_554.jpg',NULL,NULL,NULL,NULL,'','','','','',558,562,20,100,NULL,NULL,NULL,'file_asset_554.pdf',NULL,NULL,'','',NULL,NULL,NULL),(555,1,'113','649',NULL,'asset_item_picture1_555.jpg',NULL,NULL,NULL,NULL,'','','','','',559,563,20,100,NULL,NULL,NULL,'file_asset_555.pdf',NULL,NULL,'','',NULL,NULL,NULL),(556,1,'114','650',NULL,'asset_item_picture1_556.jpg',NULL,NULL,NULL,NULL,'','','','','',560,564,20,100,NULL,NULL,NULL,'file_asset_556.pdf',NULL,NULL,'','',NULL,NULL,NULL),(557,1,'126','781',NULL,'asset_item_picture1_557.jpg',NULL,NULL,NULL,NULL,'','','','','',561,565,20,100,NULL,NULL,NULL,'file_asset_557.pdf',NULL,NULL,'','',NULL,NULL,NULL),(558,1,'34','782',NULL,'asset_item_picture1_558.jpg',NULL,NULL,NULL,NULL,'','','','','',562,566,20,100,NULL,NULL,NULL,'file_asset_558.pdf',NULL,NULL,'','',NULL,NULL,NULL),(559,1,'135','783',NULL,'asset_item_picture1_559.jpg',NULL,NULL,NULL,NULL,'','','','','',563,567,20,100,NULL,NULL,NULL,'file_asset_559.pdf',NULL,NULL,'','',NULL,NULL,NULL),(560,1,'252','784',NULL,'asset_item_picture1_560.jpg',NULL,NULL,NULL,NULL,'','','','','',564,568,20,100,NULL,NULL,NULL,'file_asset_560.pdf',NULL,NULL,'','',NULL,NULL,NULL),(561,1,'264','786',NULL,'asset_item_picture1_561.jpg',NULL,NULL,NULL,NULL,'','','','','',565,569,20,100,NULL,NULL,NULL,'file_asset_561.pdf',NULL,NULL,'','',NULL,NULL,NULL),(562,1,'248','787',NULL,'asset_item_picture1_562.jpg',NULL,NULL,NULL,NULL,'','','','','',566,570,20,100,NULL,NULL,NULL,'file_asset_562.pdf',NULL,NULL,'','',NULL,NULL,NULL),(563,1,'115','651',NULL,'asset_item_picture1_563.jpg',NULL,NULL,NULL,NULL,'','','','','',567,571,20,100,NULL,NULL,NULL,'file_asset_563.pdf',NULL,NULL,'','',NULL,NULL,NULL),(564,1,'116','652',NULL,'asset_item_picture1_564.jpg',NULL,NULL,NULL,NULL,'','','','','',568,572,20,100,NULL,NULL,NULL,'file_asset_564.pdf',NULL,NULL,'','',NULL,NULL,NULL),(565,1,'117','653',NULL,'asset_item_picture1_565.jpg',NULL,NULL,NULL,NULL,'','','','','',569,573,20,100,NULL,NULL,NULL,'file_asset_565.pdf',NULL,NULL,'','',NULL,NULL,NULL),(566,1,'118','654',NULL,'asset_item_picture1_566.jpg',NULL,NULL,NULL,NULL,'','','','','',570,574,20,100,NULL,NULL,NULL,'file_asset_566.pdf',NULL,NULL,'','',NULL,NULL,NULL),(567,1,'119','655',NULL,'asset_item_picture1_567.jpg',NULL,NULL,NULL,NULL,'','','','','',571,575,20,100,NULL,NULL,NULL,'file_asset_567.pdf',NULL,NULL,'','',NULL,NULL,NULL),(568,1,'5','656',NULL,'asset_item_picture1_568.jpg',NULL,NULL,NULL,NULL,'','','','','',572,576,20,100,NULL,NULL,NULL,'file_asset_568.pdf',NULL,NULL,'','',NULL,NULL,NULL),(569,1,'237','657',NULL,'asset_item_picture1_569.jpg',NULL,NULL,NULL,NULL,'','','','','',573,577,20,100,NULL,NULL,NULL,'file_asset_569.pdf',NULL,NULL,'','',NULL,NULL,NULL),(570,1,'238','658',NULL,'asset_item_picture1_570.jpg',NULL,NULL,NULL,NULL,'','','','','',574,578,20,100,NULL,NULL,NULL,'file_asset_570.pdf',NULL,NULL,'','',NULL,NULL,NULL),(571,1,'239','659',NULL,'asset_item_picture1_571.jpg',NULL,NULL,NULL,NULL,'','','','','',575,579,20,100,NULL,NULL,NULL,'file_asset_571.pdf',NULL,NULL,'','',NULL,NULL,NULL),(572,1,'240','660',NULL,'asset_item_picture1_572.jpg',NULL,NULL,NULL,NULL,'','','','','',576,580,20,100,NULL,NULL,NULL,'file_asset_572.pdf',NULL,NULL,'','',NULL,NULL,NULL),(573,1,'243','661',NULL,'asset_item_picture1_573.jpg',NULL,NULL,NULL,NULL,'','','','','',577,581,20,100,NULL,NULL,NULL,'file_asset_573.pdf',NULL,NULL,'','',NULL,NULL,NULL),(574,1,'242','662',NULL,NULL,NULL,NULL,NULL,NULL,NULL,NULL,NULL,NULL,NULL,578,582,20,100,NULL,NULL,NULL,NULL,NULL,NULL,'','',NULL,NULL,NULL),(575,1,'71','664',NULL,'asset_item_picture1_575.jpg',NULL,NULL,NULL,NULL,'','','','','',579,583,20,100,NULL,NULL,NULL,'file_asset_575.pdf',NULL,NULL,'','',NULL,NULL,NULL),(577,1,'247','666',NULL,'asset_item_picture1_577.jpg',NULL,NULL,NULL,NULL,'','','','','',581,585,20,100,NULL,NULL,NULL,'file_asset_577.pdf',NULL,NULL,'','',NULL,NULL,NULL),(578,1,'245','667',NULL,'asset_item_picture1_578.jpg',NULL,NULL,NULL,NULL,'','','','','',582,586,20,100,NULL,NULL,NULL,'file_asset_578.pdf',NULL,NULL,'','',NULL,NULL,NULL),(579,1,'21','668',NULL,'asset_item_picture1_579.jpg',NULL,NULL,NULL,NULL,'','','','','',583,587,20,100,NULL,NULL,NULL,'file_asset_579.pdf',NULL,NULL,'','',NULL,NULL,NULL),(580,1,'53','669',NULL,'asset_item_picture1_580.jpg',NULL,NULL,NULL,NULL,'','','','','',584,588,20,100,NULL,NULL,NULL,'file_asset_580.pdf',NULL,NULL,'','',NULL,NULL,NULL),(581,1,'16','670',NULL,'asset_item_picture1_581.jpg',NULL,NULL,NULL,NULL,'','','','','',585,589,20,100,NULL,NULL,NULL,'file_asset_581.pdf',NULL,NULL,'','',NULL,NULL,NULL),(582,1,'49','671',NULL,'asset_item_picture1_582.jpg',NULL,NULL,NULL,NULL,'','','','','',586,590,20,100,NULL,NULL,NULL,'file_asset_582.pdf',NULL,NULL,'','',NULL,NULL,NULL),(583,1,'15','672',NULL,NULL,NULL,NULL,NULL,NULL,NULL,NULL,NULL,NULL,NULL,587,591,20,100,NULL,NULL,NULL,NULL,NULL,NULL,'','',NULL,NULL,NULL),(584,1,'181','673',NULL,'asset_item_picture1_584.jpg',NULL,NULL,NULL,NULL,'','','','','',588,592,20,100,NULL,NULL,NULL,'file_asset_584.pdf',NULL,NULL,'','',NULL,NULL,NULL),(585,1,'19','674',NULL,'asset_item_picture1_585.jpg',NULL,NULL,NULL,NULL,'','','','','',589,593,20,100,NULL,NULL,NULL,'file_asset_585.pdf',NULL,NULL,'','',NULL,NULL,NULL),(586,1,'18','675',NULL,'asset_item_picture1_586.jpg',NULL,NULL,NULL,NULL,'','','','','',590,594,20,100,NULL,NULL,NULL,'file_asset_586.pdf',NULL,NULL,'','',NULL,NULL,NULL),(587,1,'50','676',NULL,'asset_item_picture1_587.jpg',NULL,NULL,NULL,NULL,'','','','','',591,595,20,100,NULL,NULL,NULL,'file_asset_587.pdf',NULL,NULL,'','',NULL,NULL,NULL),(588,1,'20','677',NULL,'asset_item_picture1_588.jpg',NULL,NULL,NULL,NULL,'','','','','',592,596,20,100,NULL,NULL,NULL,'file_asset_588.pdf',NULL,NULL,'','',NULL,NULL,NULL),(589,1,'52','678',NULL,'asset_item_picture1_589.jpg',NULL,NULL,NULL,NULL,'','','','','',593,597,20,100,NULL,NULL,NULL,'file_asset_589.pdf',NULL,NULL,'','',NULL,NULL,NULL),(590,1,'17','679',NULL,NULL,NULL,NULL,NULL,NULL,NULL,NULL,NULL,NULL,NULL,594,598,20,100,NULL,NULL,NULL,NULL,NULL,NULL,'','',NULL,NULL,NULL),(591,1,'51','680',NULL,'asset_item_picture1_591.jpg',NULL,NULL,NULL,NULL,'','','','','',595,599,20,100,NULL,NULL,NULL,'file_asset_591.pdf',NULL,NULL,'','',NULL,NULL,NULL),(592,1,'177','681',NULL,'asset_item_picture1_592.jpg',NULL,NULL,NULL,NULL,'','','','','',596,600,20,100,NULL,NULL,NULL,'file_asset_592.pdf',NULL,NULL,'','',NULL,NULL,NULL),(593,1,'178','682',NULL,'asset_item_picture1_593.jpg',NULL,NULL,NULL,NULL,'','','','','',597,601,20,100,NULL,NULL,NULL,'file_asset_593.pdf',NULL,NULL,'','',NULL,NULL,NULL),(594,1,'179','683',NULL,'asset_item_picture1_594.jpg',NULL,NULL,NULL,NULL,'','','','','',598,602,20,100,NULL,NULL,NULL,'file_asset_594.pdf',NULL,NULL,'','',NULL,NULL,NULL),(595,1,'180','684',NULL,'asset_item_picture1_595.jpg',NULL,NULL,NULL,NULL,'','','','','',599,603,20,100,NULL,NULL,NULL,'file_asset_595.pdf',NULL,NULL,'','',NULL,NULL,NULL),(596,1,'295','685',NULL,'asset_item_picture1_596.jpg',NULL,NULL,NULL,NULL,'','','','','',600,604,20,100,NULL,NULL,NULL,'file_asset_596.pdf',NULL,NULL,'','',NULL,NULL,NULL),(597,1,'296','686',NULL,'asset_item_picture1_597.jpg',NULL,NULL,NULL,NULL,'','','','','',601,605,20,100,NULL,NULL,NULL,'file_asset_597.pdf',NULL,NULL,'','',NULL,NULL,NULL),(598,1,'297','687',NULL,'asset_item_picture1_598.jpg',NULL,NULL,NULL,NULL,'','','','','',602,606,20,100,NULL,NULL,NULL,'file_asset_598.pdf',NULL,NULL,'','',NULL,NULL,NULL),(599,1,'298','688',NULL,'asset_item_picture1_599.jpg',NULL,NULL,NULL,NULL,'','','','','',603,607,20,100,NULL,NULL,NULL,'file_asset_599.pdf',NULL,NULL,'','',NULL,NULL,NULL),(600,1,'300','689',NULL,'asset_item_picture1_600.jpg',NULL,NULL,NULL,NULL,'','','','','',604,608,20,100,NULL,NULL,NULL,'file_asset_600.pdf',NULL,NULL,'','',NULL,NULL,NULL),(601,1,'301','690',NULL,'asset_item_picture1_601.jpg',NULL,NULL,NULL,NULL,'','','','','',605,609,20,100,NULL,NULL,NULL,'file_asset_601.pdf',NULL,NULL,'','',NULL,NULL,NULL),(602,1,'302','691',NULL,'asset_item_picture1_602.jpg',NULL,NULL,NULL,NULL,'','','','','',606,610,20,100,NULL,NULL,NULL,'file_asset_602.pdf',NULL,NULL,'','',NULL,NULL,NULL),(603,1,'303','692',NULL,'asset_item_picture1_603.jpg',NULL,NULL,NULL,NULL,'','','','','',607,611,20,100,NULL,NULL,NULL,'file_asset_603.pdf',NULL,NULL,'','',NULL,NULL,NULL),(604,1,'293','693',NULL,'asset_item_picture1_604.jpg',NULL,NULL,NULL,NULL,'','','','','',608,612,20,100,NULL,NULL,NULL,'file_asset_604.pdf',NULL,NULL,'','',NULL,NULL,NULL),(605,1,'294','694',NULL,'asset_item_picture1_605.jpg',NULL,NULL,NULL,NULL,'','','','','',609,613,20,100,NULL,NULL,NULL,'file_asset_605.pdf',NULL,NULL,'','',NULL,NULL,NULL),(606,1,'64','695',NULL,NULL,NULL,NULL,NULL,NULL,NULL,NULL,NULL,NULL,NULL,610,614,20,100,NULL,NULL,NULL,NULL,NULL,NULL,'','',NULL,NULL,NULL),(607,1,'251','696',NULL,'asset_item_picture1_607.jpg',NULL,NULL,NULL,NULL,'','','','','',611,615,20,100,NULL,NULL,NULL,'file_asset_607.pdf',NULL,NULL,'','',NULL,NULL,NULL),(608,1,'14','697',NULL,'asset_item_picture1_608.jpg',NULL,NULL,NULL,NULL,'','','','','',612,616,20,100,NULL,NULL,NULL,'file_asset_608.pdf',NULL,NULL,'','',NULL,NULL,NULL),(609,1,'153','698',NULL,'asset_item_picture1_609.jpg',NULL,NULL,NULL,NULL,'','','','','',613,617,20,100,NULL,NULL,NULL,'file_asset_609.pdf',NULL,NULL,'','',NULL,NULL,NULL),(610,1,'154','699',NULL,'asset_item_picture1_610.jpg',NULL,NULL,NULL,NULL,'','','','','',614,618,20,100,NULL,NULL,NULL,'file_asset_610.pdf',NULL,NULL,'','',NULL,NULL,NULL),(611,1,'155','700',NULL,'asset_item_picture1_611.jpg',NULL,NULL,NULL,NULL,'','','','','',615,619,20,100,NULL,NULL,NULL,'file_asset_611.pdf',NULL,NULL,'','',NULL,NULL,NULL),(612,1,'156','701',NULL,'asset_item_picture1_612.jpg',NULL,NULL,NULL,NULL,'','','','','',616,620,20,100,NULL,NULL,NULL,'file_asset_612.pdf',NULL,NULL,'','',NULL,NULL,NULL),(613,1,'157','702',NULL,'asset_item_picture1_613.jpg',NULL,NULL,NULL,NULL,'','','','','',617,621,20,100,NULL,NULL,NULL,'file_asset_613.pdf',NULL,NULL,'','',NULL,NULL,NULL),(614,1,'46','703',NULL,NULL,NULL,NULL,NULL,NULL,NULL,NULL,NULL,NULL,NULL,618,622,20,100,NULL,NULL,NULL,NULL,NULL,NULL,'','',NULL,NULL,NULL),(615,7,'111','273',NULL,NULL,NULL,NULL,NULL,NULL,NULL,NULL,NULL,NULL,NULL,619,623,10,100,NULL,NULL,NULL,NULL,NULL,NULL,'','',NULL,NULL,NULL),(616,7,'110','274',NULL,NULL,NULL,NULL,NULL,NULL,NULL,NULL,NULL,NULL,NULL,620,624,10,100,NULL,NULL,NULL,NULL,NULL,NULL,'','',NULL,NULL,NULL),(617,1,'161','704',NULL,'asset_item_picture1_617.jpg',NULL,NULL,NULL,NULL,'','','','','',621,625,20,100,NULL,NULL,NULL,'file_asset_617.pdf',NULL,NULL,'','',NULL,NULL,NULL),(618,7,'113','275',NULL,NULL,NULL,NULL,NULL,NULL,NULL,NULL,NULL,NULL,NULL,622,626,10,100,NULL,NULL,NULL,NULL,NULL,NULL,'','',NULL,NULL,NULL),(619,1,'162','705',NULL,'asset_item_picture1_619.jpg',NULL,NULL,NULL,NULL,'','','','','',623,627,20,100,NULL,NULL,NULL,'file_asset_619.pdf',NULL,NULL,'','',NULL,NULL,NULL),(620,7,'112','276',NULL,NULL,NULL,NULL,NULL,NULL,NULL,NULL,NULL,NULL,NULL,624,628,10,100,NULL,NULL,NULL,NULL,NULL,NULL,'','',NULL,NULL,NULL),(621,7,'109','277',NULL,NULL,NULL,NULL,NULL,NULL,NULL,NULL,NULL,NULL,NULL,625,629,10,100,NULL,NULL,NULL,NULL,NULL,NULL,'','',NULL,NULL,NULL),(622,1,'41','706',NULL,'asset_item_picture1_622.jpg',NULL,NULL,NULL,NULL,'','','','','',626,630,20,100,NULL,NULL,NULL,'file_asset_622.pdf',NULL,NULL,'','',NULL,NULL,NULL),(623,7,'107','278',NULL,NULL,NULL,NULL,NULL,NULL,NULL,NULL,NULL,NULL,NULL,627,631,10,100,NULL,NULL,NULL,NULL,NULL,NULL,'','',NULL,NULL,NULL),(624,1,'146','707',NULL,'asset_item_picture1_624.jpg',NULL,NULL,NULL,NULL,'','','','','',628,632,20,100,NULL,NULL,NULL,'file_asset_624.pdf',NULL,NULL,'','',NULL,NULL,NULL),(625,7,'104','279',NULL,NULL,NULL,NULL,NULL,NULL,NULL,NULL,NULL,NULL,NULL,629,633,NULL,NULL,NULL,NULL,NULL,NULL,NULL,NULL,'','',NULL,NULL,NULL),(626,1,'147','708',NULL,'asset_item_picture1_626.jpg',NULL,NULL,NULL,NULL,'','','','','',630,634,20,100,NULL,NULL,NULL,'file_asset_626.pdf',NULL,NULL,'','',NULL,NULL,NULL),(627,7,'101','280',NULL,NULL,NULL,NULL,NULL,NULL,NULL,NULL,NULL,NULL,NULL,631,635,10,100,NULL,NULL,NULL,NULL,NULL,NULL,'','',NULL,NULL,NULL),(628,1,'148','709',NULL,'asset_item_picture1_628.jpg',NULL,NULL,NULL,NULL,'','','','','',632,636,20,100,NULL,NULL,NULL,'file_asset_628.pdf',NULL,NULL,'','',NULL,NULL,NULL),(629,7,'98','281',NULL,NULL,NULL,NULL,NULL,NULL,NULL,NULL,NULL,NULL,NULL,633,637,10,100,NULL,NULL,NULL,NULL,NULL,NULL,'','',NULL,NULL,NULL),(630,1,'149','710',NULL,'asset_item_picture1_630.jpg',NULL,NULL,NULL,NULL,'','','','','',634,638,20,100,NULL,NULL,NULL,'file_asset_630.pdf',NULL,NULL,'','',NULL,NULL,NULL),(631,1,'150','711',NULL,'asset_item_picture1_631.jpg',NULL,NULL,NULL,NULL,'','','','','',635,639,20,100,NULL,NULL,NULL,'file_asset_631.pdf',NULL,NULL,'','',NULL,NULL,NULL),(632,1,'151','712',NULL,'asset_item_picture1_632.jpg',NULL,NULL,NULL,NULL,'','','','','',636,640,20,100,NULL,NULL,NULL,'file_asset_632.pdf',NULL,NULL,'','',NULL,NULL,NULL),(633,1,'152','713',NULL,'asset_item_picture1_633.jpg',NULL,NULL,NULL,NULL,'','','','','',637,641,20,100,NULL,NULL,NULL,'file_asset_633.pdf',NULL,NULL,'','',NULL,NULL,NULL),(634,1,'233','714',NULL,NULL,NULL,NULL,NULL,NULL,NULL,NULL,NULL,NULL,NULL,638,642,20,100,NULL,NULL,NULL,NULL,NULL,NULL,'','',NULL,NULL,NULL),(635,1,'224','715',NULL,'asset_item_picture1_635.jpg',NULL,NULL,NULL,NULL,'','','','','',639,643,20,100,NULL,NULL,NULL,'file_asset_635.pdf',NULL,NULL,'','',NULL,NULL,NULL),(636,1,'225','716',NULL,'asset_item_picture1_636.jpg',NULL,NULL,NULL,NULL,'','','','','',640,644,20,100,NULL,NULL,NULL,'file_asset_636.pdf',NULL,NULL,'','',NULL,NULL,NULL),(637,7,'106','282',NULL,NULL,NULL,NULL,NULL,NULL,NULL,NULL,NULL,NULL,NULL,641,645,10,100,NULL,NULL,NULL,NULL,NULL,NULL,'','',NULL,NULL,NULL),(638,1,'39','717',NULL,'asset_item_picture1_638.jpg',NULL,NULL,NULL,NULL,'','','','','',642,646,20,100,NULL,NULL,NULL,'file_asset_638.pdf',NULL,NULL,'','',NULL,NULL,NULL),(639,7,'97','283',NULL,NULL,NULL,NULL,NULL,NULL,NULL,NULL,NULL,NULL,NULL,643,647,10,100,NULL,NULL,NULL,NULL,NULL,NULL,'','',NULL,NULL,NULL),(640,1,'136','718',NULL,'asset_item_picture1_640.jpg',NULL,NULL,NULL,NULL,'','','','','',644,648,20,100,NULL,NULL,NULL,'file_asset_640.pdf',NULL,NULL,'','',NULL,NULL,NULL),(641,1,'137','719',NULL,'asset_item_picture1_641.jpg',NULL,NULL,NULL,NULL,'','','','','',645,649,20,100,NULL,NULL,NULL,'file_asset_641.pdf',NULL,NULL,'','',NULL,NULL,NULL),(642,7,'96','284',NULL,NULL,NULL,NULL,NULL,NULL,NULL,NULL,NULL,NULL,NULL,646,650,10,100,NULL,NULL,NULL,NULL,NULL,NULL,'','',NULL,NULL,NULL),(643,1,'138','720',NULL,'asset_item_picture1_643.jpg',NULL,NULL,NULL,NULL,'','','','','',647,651,20,100,NULL,NULL,NULL,'file_asset_643.pdf',NULL,NULL,'','',NULL,NULL,NULL),(644,7,'105','285',NULL,NULL,NULL,NULL,NULL,NULL,NULL,NULL,NULL,NULL,NULL,648,652,10,100,NULL,NULL,NULL,NULL,NULL,NULL,'','',NULL,NULL,NULL),(645,7,'102','286',NULL,NULL,NULL,NULL,NULL,NULL,NULL,NULL,NULL,NULL,NULL,649,653,10,100,NULL,NULL,NULL,NULL,NULL,NULL,'','',NULL,NULL,NULL),(646,7,'100','287',NULL,NULL,NULL,NULL,NULL,NULL,NULL,NULL,NULL,NULL,NULL,650,654,10,100,NULL,NULL,NULL,NULL,NULL,NULL,'','',NULL,NULL,NULL),(647,7,'103','288',NULL,NULL,NULL,NULL,NULL,NULL,NULL,NULL,NULL,NULL,NULL,651,655,10,100,NULL,NULL,NULL,NULL,NULL,NULL,'','',NULL,NULL,NULL),(648,2,'47','516',NULL,NULL,NULL,NULL,NULL,NULL,NULL,NULL,NULL,NULL,NULL,652,656,10,100,NULL,NULL,NULL,NULL,NULL,NULL,'','',NULL,NULL,NULL),(649,7,'95','289',NULL,NULL,NULL,NULL,NULL,NULL,NULL,NULL,NULL,NULL,NULL,653,657,10,100,NULL,NULL,NULL,NULL,NULL,NULL,'','',NULL,NULL,NULL),(650,2,'48','517',NULL,NULL,NULL,NULL,NULL,NULL,NULL,NULL,NULL,NULL,NULL,654,658,10,100,NULL,NULL,NULL,NULL,NULL,NULL,'','',NULL,NULL,NULL),(651,1,'73','518',NULL,NULL,NULL,NULL,NULL,NULL,NULL,NULL,NULL,NULL,NULL,655,659,20,100,NULL,NULL,NULL,NULL,NULL,NULL,'','',NULL,NULL,NULL),(652,1,'74','519',NULL,NULL,NULL,NULL,NULL,NULL,NULL,NULL,NULL,NULL,NULL,656,660,20,100,NULL,NULL,NULL,NULL,NULL,NULL,'','',NULL,NULL,NULL),(653,1,'244','663',NULL,'asset_item_picture1_653.jpg',NULL,NULL,NULL,NULL,'','','','','',657,661,20,100,NULL,NULL,NULL,'file_asset_653.pdf',NULL,NULL,'','',NULL,NULL,NULL),(654,2,'46','515',NULL,NULL,NULL,NULL,NULL,NULL,NULL,NULL,NULL,NULL,NULL,658,662,10,100,NULL,NULL,NULL,NULL,NULL,NULL,'','',NULL,NULL,NULL),(655,20,'3','290',NULL,NULL,NULL,NULL,NULL,NULL,NULL,NULL,NULL,NULL,NULL,659,663,10,100,NULL,NULL,NULL,NULL,NULL,NULL,'','',NULL,NULL,NULL),(656,2,'77','302',NULL,'asset_item_picture1_656.jpg',NULL,NULL,NULL,NULL,'','','','','',660,664,10,100,NULL,NULL,NULL,'file_asset_656.pdf',NULL,NULL,'','',NULL,NULL,NULL),(657,2,'78','303',NULL,'asset_item_picture1_657.jpg',NULL,NULL,NULL,NULL,'','','','','',661,665,10,100,NULL,NULL,NULL,'file_asset_657.pdf',NULL,NULL,'','',NULL,NULL,NULL),(658,2,'90','304',NULL,'asset_item_picture1_658.jpg',NULL,NULL,NULL,NULL,'','','','','',662,666,10,100,NULL,NULL,NULL,'file_asset_658.pdf',NULL,NULL,'','',NULL,NULL,NULL),(659,2,'41','451',NULL,NULL,NULL,NULL,NULL,NULL,NULL,NULL,NULL,NULL,NULL,663,667,10,100,NULL,NULL,NULL,NULL,NULL,NULL,'','',NULL,NULL,NULL),(660,2,'91','305',NULL,'asset_item_picture1_660.jpg',NULL,NULL,NULL,NULL,'','','','','',664,668,10,100,NULL,NULL,NULL,'file_asset_660.pdf',NULL,NULL,'','',NULL,NULL,NULL),(661,2,'92','306',NULL,'asset_item_picture1_661.jpg',NULL,NULL,NULL,NULL,'','','','','',665,669,10,100,NULL,NULL,NULL,'file_asset_661.pdf',NULL,NULL,'','',NULL,NULL,NULL),(662,2,'34','459',NULL,NULL,NULL,NULL,NULL,NULL,NULL,NULL,NULL,NULL,NULL,666,670,10,100,NULL,NULL,NULL,NULL,NULL,NULL,'','',NULL,NULL,NULL),(663,2,'94','307',NULL,'asset_item_picture1_663.jpg',NULL,NULL,NULL,NULL,'','','','','',667,671,10,100,NULL,NULL,NULL,'file_asset_663.pdf',NULL,NULL,'','',NULL,NULL,NULL),(664,2,'95','308',NULL,'asset_item_picture1_664.jpg',NULL,NULL,NULL,NULL,'','','','','',668,672,10,100,NULL,NULL,NULL,'file_asset_664.pdf',NULL,NULL,'','',NULL,NULL,NULL),(665,2,'96','309',NULL,'asset_item_picture1_665.jpg',NULL,NULL,NULL,NULL,'','','','','',669,673,10,100,NULL,NULL,NULL,'file_asset_665.pdf',NULL,NULL,'','',NULL,NULL,NULL),(666,2,'97','310',NULL,'asset_item_picture1_666.jpg',NULL,NULL,NULL,NULL,'','','','','',670,674,10,100,NULL,NULL,NULL,'file_asset_666.pdf',NULL,NULL,'','',NULL,NULL,NULL),(667,2,'99','311',NULL,'asset_item_picture1_667.jpg',NULL,NULL,NULL,NULL,'','','','','',671,675,10,100,NULL,NULL,NULL,'file_asset_667.pdf',NULL,NULL,'','',NULL,NULL,NULL),(668,2,'100','312',NULL,'asset_item_picture1_668.jpg',NULL,NULL,NULL,NULL,'','','','','',672,676,10,100,NULL,NULL,NULL,'file_asset_668.pdf',NULL,NULL,'','',NULL,NULL,NULL),(669,2,'104','313',NULL,'asset_item_picture1_669.jpg',NULL,NULL,NULL,NULL,'','','','','',673,677,10,100,NULL,NULL,NULL,'file_asset_669.pdf',NULL,NULL,'','',NULL,NULL,NULL),(670,2,'114','314',NULL,'asset_item_picture1_670.jpg',NULL,NULL,NULL,NULL,'','','','','',674,678,10,100,NULL,NULL,NULL,'file_asset_670.pdf',NULL,NULL,'','',NULL,NULL,NULL),(671,2,'115','315',NULL,'asset_item_picture1_671.jpg',NULL,NULL,NULL,NULL,'','','','','',675,679,10,100,NULL,NULL,NULL,'file_asset_671.pdf',NULL,NULL,'','',NULL,NULL,NULL),(672,2,'118','316',NULL,'asset_item_picture1_672.jpg',NULL,NULL,NULL,NULL,'','','','','',676,680,10,100,NULL,NULL,NULL,'file_asset_672.pdf',NULL,NULL,'','',NULL,NULL,NULL),(673,2,'121','317',NULL,NULL,NULL,NULL,NULL,NULL,NULL,NULL,NULL,NULL,NULL,677,681,10,100,NULL,NULL,NULL,NULL,NULL,NULL,'','',NULL,NULL,NULL),(674,2,'122','318',NULL,NULL,NULL,NULL,NULL,NULL,NULL,NULL,NULL,NULL,NULL,678,682,10,100,NULL,NULL,NULL,NULL,NULL,NULL,'','',NULL,NULL,NULL),(675,2,'123','319',NULL,'asset_item_picture1_675.jpg',NULL,NULL,NULL,NULL,'','','','','',679,683,10,100,NULL,NULL,NULL,'file_asset_675.pdf',NULL,NULL,'','',NULL,NULL,NULL),(676,2,'124','320',NULL,'asset_item_picture1_676.jpg',NULL,NULL,NULL,NULL,'','','','','',680,684,10,100,NULL,NULL,NULL,'file_asset_676.pdf',NULL,NULL,'','',NULL,NULL,NULL),(677,2,'125','321',NULL,'asset_item_picture1_677.jpg',NULL,NULL,NULL,NULL,'','','','','',681,685,10,100,NULL,NULL,NULL,'file_asset_677.pdf',NULL,NULL,'','',NULL,NULL,NULL),(678,2,'126','322',NULL,NULL,NULL,NULL,NULL,NULL,NULL,NULL,NULL,NULL,NULL,682,686,10,100,NULL,NULL,NULL,NULL,NULL,NULL,'','',NULL,NULL,NULL),(679,2,'127','323',NULL,'asset_item_picture1_679.jpg',NULL,NULL,NULL,NULL,'','','','','',683,687,10,100,NULL,NULL,NULL,'file_asset_679.pdf',NULL,NULL,'','',NULL,NULL,NULL),(680,2,'128','324',NULL,'asset_item_picture1_680.jpg',NULL,NULL,NULL,NULL,'','','','','',684,688,10,100,NULL,NULL,NULL,'file_asset_680.pdf',NULL,NULL,'','',NULL,NULL,NULL),(681,2,'129','325',NULL,'asset_item_picture1_681.jpg',NULL,NULL,NULL,NULL,'','','','','',685,689,10,100,NULL,NULL,NULL,'file_asset_681.pdf',NULL,NULL,'','',NULL,NULL,NULL),(682,2,'130','326',NULL,'asset_item_picture1_682.jpg',NULL,NULL,NULL,NULL,'','','','','',686,690,10,100,NULL,NULL,NULL,'file_asset_682.pdf',NULL,NULL,'','',NULL,NULL,NULL),(683,2,'313','327',NULL,'asset_item_picture1_683.jpg',NULL,NULL,NULL,NULL,'','','','','',687,691,10,100,NULL,NULL,NULL,'file_asset_683.pdf',NULL,NULL,'','',NULL,NULL,NULL),(684,2,'132','328',NULL,'asset_item_picture1_684.jpg',NULL,NULL,NULL,NULL,'','','','','',688,692,10,100,NULL,NULL,NULL,'file_asset_684.pdf',NULL,NULL,'','',NULL,NULL,NULL),(685,2,'133','329',NULL,'asset_item_picture1_685.jpg',NULL,NULL,NULL,NULL,'','','','','',689,693,10,100,NULL,NULL,NULL,'file_asset_685.pdf',NULL,NULL,'','',NULL,NULL,NULL),(686,2,'134','330',NULL,'asset_item_picture1_686.jpg',NULL,NULL,NULL,NULL,'','','','','',690,694,10,100,NULL,NULL,NULL,'file_asset_686.pdf',NULL,NULL,'','',NULL,NULL,NULL),(687,2,'135','331',NULL,NULL,NULL,NULL,NULL,NULL,NULL,NULL,NULL,NULL,NULL,691,695,10,100,NULL,NULL,NULL,NULL,NULL,NULL,'','',NULL,NULL,NULL),(688,2,'136','332',NULL,'asset_item_picture1_688.jpg',NULL,NULL,NULL,NULL,'','','','','',692,696,10,100,NULL,NULL,NULL,'file_asset_688.pdf',NULL,NULL,'','',NULL,NULL,NULL),(689,2,'137','333',NULL,'asset_item_picture1_689.jpg',NULL,NULL,NULL,NULL,'','','','','',693,697,10,100,NULL,NULL,NULL,'file_asset_689.pdf',NULL,NULL,'','',NULL,NULL,NULL),(690,2,'138','334',NULL,'asset_item_picture1_690.jpg',NULL,NULL,NULL,NULL,'','','','','',694,698,10,100,NULL,NULL,NULL,'file_asset_690.pdf',NULL,NULL,'','',NULL,NULL,NULL),(691,2,'139','335',NULL,'asset_item_picture1_691.jpg',NULL,NULL,NULL,NULL,'','','','','',695,699,10,100,NULL,NULL,NULL,'file_asset_691.pdf',NULL,NULL,'','',NULL,NULL,NULL),(692,2,'140','336',NULL,'asset_item_picture1_692.jpg',NULL,NULL,NULL,NULL,'','','','','',696,700,10,100,NULL,NULL,NULL,'file_asset_692.pdf',NULL,NULL,'','',NULL,NULL,NULL),(693,2,'141','337',NULL,'asset_item_picture1_693.jpg',NULL,NULL,NULL,NULL,'','','','','',697,701,10,100,NULL,NULL,NULL,'file_asset_693.pdf',NULL,NULL,'','',NULL,NULL,NULL),(694,2,'142','338',NULL,'asset_item_picture1_694.jpg',NULL,NULL,NULL,NULL,'','','','','',698,702,10,100,NULL,NULL,NULL,'file_asset_694.pdf',NULL,NULL,'','',NULL,NULL,NULL),(695,2,'143','339',NULL,'asset_item_picture1_695.jpg',NULL,NULL,NULL,NULL,'','','','','',699,703,10,100,NULL,NULL,NULL,'file_asset_695.pdf',NULL,NULL,'','',NULL,NULL,NULL),(696,2,'144','340',NULL,NULL,NULL,NULL,NULL,NULL,NULL,NULL,NULL,NULL,NULL,700,704,10,100,NULL,NULL,NULL,'file_asset_696.pdf',NULL,NULL,'','',NULL,NULL,NULL),(697,2,'145','341',NULL,'asset_item_picture1_697.jpg',NULL,NULL,NULL,NULL,'','','','','',701,705,10,100,NULL,NULL,NULL,'file_asset_697.pdf',NULL,NULL,'','',NULL,NULL,NULL),(698,2,'146','342',NULL,'asset_item_picture1_698.jpg',NULL,NULL,NULL,NULL,'','','','','',702,706,10,100,NULL,NULL,NULL,'file_asset_698.pdf',NULL,NULL,'','',NULL,NULL,NULL),(699,2,'147','343',NULL,NULL,NULL,NULL,NULL,NULL,NULL,NULL,NULL,NULL,NULL,703,707,10,100,NULL,NULL,NULL,'file_asset_699.pdf',NULL,NULL,'','',NULL,NULL,NULL),(700,2,'148','344',NULL,'asset_item_picture1_700.jpg',NULL,NULL,NULL,NULL,'','','','','',704,708,10,100,NULL,NULL,NULL,'file_asset_700.pdf',NULL,NULL,'','',NULL,NULL,NULL),(701,2,'149','345',NULL,'asset_item_picture1_701.jpg',NULL,NULL,NULL,NULL,'','','','','',705,709,10,100,NULL,NULL,NULL,NULL,NULL,NULL,'','',NULL,NULL,NULL),(702,2,'150','346',NULL,'asset_item_picture1_702.jpg',NULL,NULL,NULL,NULL,'','','','','',706,710,10,100,NULL,NULL,NULL,NULL,NULL,NULL,'','',NULL,NULL,NULL),(703,2,'151','347',NULL,'asset_item_picture1_703.jpg',NULL,NULL,NULL,NULL,'','','','','',707,711,10,100,NULL,NULL,NULL,NULL,NULL,NULL,'','',NULL,NULL,NULL),(704,2,'152','348',NULL,'asset_item_picture1_704.jpg',NULL,NULL,NULL,NULL,'','','','','',708,712,10,100,NULL,NULL,NULL,NULL,NULL,NULL,'','',NULL,NULL,NULL),(705,2,'153','349',NULL,'asset_item_picture1_705.jpg',NULL,NULL,NULL,NULL,'','','','','',709,713,10,100,NULL,NULL,NULL,NULL,NULL,NULL,'','',NULL,NULL,NULL),(706,2,'154','350',NULL,'asset_item_picture1_706.jpg',NULL,NULL,NULL,NULL,'','','','','',710,714,10,100,NULL,NULL,NULL,NULL,NULL,NULL,'','',NULL,NULL,NULL),(707,2,'155','351',NULL,'asset_item_picture1_707.jpg',NULL,NULL,NULL,NULL,'','','','','',711,715,10,100,NULL,NULL,NULL,NULL,NULL,NULL,'','',NULL,NULL,NULL),(708,2,'156','352',NULL,'asset_item_picture1_708.jpg',NULL,NULL,NULL,NULL,'','','','','',712,716,10,100,NULL,NULL,NULL,NULL,NULL,NULL,'','',NULL,NULL,NULL),(709,2,'157','353',NULL,'asset_item_picture1_709.jpg',NULL,NULL,NULL,NULL,'','','','','',713,717,10,100,NULL,NULL,NULL,'file_asset_709.pdf',NULL,NULL,'','',NULL,NULL,NULL),(710,2,'158','354',NULL,'asset_item_picture1_710.jpg',NULL,NULL,NULL,NULL,'','','','','',714,718,10,100,NULL,NULL,NULL,'file_asset_710.pdf',NULL,NULL,'','',NULL,NULL,NULL),(711,2,'159','355',NULL,'asset_item_picture1_711.jpg',NULL,NULL,NULL,NULL,'','','','','',715,719,10,100,NULL,NULL,NULL,'file_asset_711.pdf',NULL,NULL,'','',NULL,NULL,NULL),(712,2,'160','356',NULL,'asset_item_picture1_712.jpg',NULL,NULL,NULL,NULL,'','','','','',716,720,10,100,NULL,NULL,NULL,NULL,NULL,NULL,'','',NULL,NULL,NULL),(713,2,'161','357',NULL,'asset_item_picture1_713.jpg',NULL,NULL,NULL,NULL,'','','','','',717,721,10,100,NULL,NULL,NULL,NULL,NULL,NULL,'','',NULL,NULL,NULL),(714,2,'162','358',NULL,'asset_item_picture1_714.jpg',NULL,NULL,NULL,NULL,'','','','','',718,722,10,100,NULL,NULL,NULL,'file_asset_714.pdf',NULL,NULL,'','',NULL,NULL,NULL),(715,2,'163','359',NULL,'asset_item_picture1_715.jpg',NULL,NULL,NULL,NULL,'','','','','',719,723,10,100,NULL,NULL,NULL,'file_asset_715.pdf',NULL,NULL,'','',NULL,NULL,NULL),(716,2,'164','360',NULL,'asset_item_picture1_716.jpg',NULL,NULL,NULL,NULL,'','','','','',720,724,10,100,NULL,NULL,NULL,'file_asset_716.pdf',NULL,NULL,'','',NULL,NULL,NULL),(717,2,'165','361',NULL,'asset_item_picture1_717.jpg',NULL,NULL,NULL,NULL,'','','','','',721,725,10,100,NULL,NULL,NULL,'file_asset_717.pdf',NULL,NULL,'','',NULL,NULL,NULL),(718,2,'166','362',NULL,'asset_item_picture1_718.jpg',NULL,NULL,NULL,NULL,'','','','','',722,726,10,100,NULL,NULL,NULL,'file_asset_718.pdf',NULL,NULL,'','',NULL,NULL,NULL),(719,2,'167','363',NULL,'asset_item_picture1_719.jpg',NULL,NULL,NULL,NULL,'','','','','',723,727,10,100,NULL,NULL,NULL,'file_asset_719.pdf',NULL,NULL,'','',NULL,NULL,NULL),(720,2,'168','364',NULL,'asset_item_picture1_720.jpg',NULL,NULL,NULL,NULL,'','','','','',724,728,10,100,NULL,NULL,NULL,'file_asset_720.pdf',NULL,NULL,'','',NULL,NULL,NULL),(721,2,'169','365',NULL,'asset_item_picture1_721.jpg',NULL,NULL,NULL,NULL,'','','','','',725,729,10,100,NULL,NULL,NULL,'file_asset_721.pdf',NULL,NULL,'','',NULL,NULL,NULL),(722,2,'170','366',NULL,'asset_item_picture1_722.jpg',NULL,NULL,NULL,NULL,'','','','','',726,730,10,100,NULL,NULL,NULL,NULL,NULL,NULL,'','',NULL,NULL,NULL),(723,2,'171','367',NULL,'asset_item_picture1_723.jpg',NULL,NULL,NULL,NULL,'','','','','',727,731,10,100,NULL,NULL,NULL,NULL,NULL,NULL,'','',NULL,NULL,NULL),(724,2,'172','368',NULL,'asset_item_picture1_724.jpg',NULL,NULL,NULL,NULL,'','','','','',728,732,10,100,NULL,NULL,NULL,'file_asset_724.pdf',NULL,NULL,'','',NULL,NULL,NULL),(725,2,'173','369',NULL,'asset_item_picture1_725.jpg',NULL,NULL,NULL,NULL,'','','','','',729,733,10,100,NULL,NULL,NULL,'file_asset_725.pdf',NULL,NULL,'','',NULL,NULL,NULL),(726,2,'174','370',NULL,'asset_item_picture1_726.jpg',NULL,NULL,NULL,NULL,'','','','','',730,734,10,100,NULL,NULL,NULL,'file_asset_726.pdf',NULL,NULL,'','',NULL,NULL,NULL),(727,2,'175','371',NULL,'asset_item_picture1_727.jpg',NULL,NULL,NULL,NULL,'','','','','',731,735,10,100,NULL,NULL,NULL,'file_asset_727.pdf',NULL,NULL,'','',NULL,NULL,NULL),(728,2,'176','372',NULL,'asset_item_picture1_728.jpg',NULL,NULL,NULL,NULL,'','','','','',732,736,10,100,NULL,NULL,NULL,'file_asset_728.pdf',NULL,NULL,'','',NULL,NULL,NULL),(729,2,'177','373',NULL,'asset_item_picture1_729.jpg',NULL,NULL,NULL,NULL,'','','','','',733,737,10,100,NULL,NULL,NULL,'file_asset_729.pdf',NULL,NULL,'','',NULL,NULL,NULL),(730,2,'178','374',NULL,'asset_item_picture1_730.jpg',NULL,NULL,NULL,NULL,'','','','','',734,738,10,100,NULL,NULL,NULL,'file_asset_730.pdf',NULL,NULL,'','',NULL,NULL,NULL),(731,2,'179','375',NULL,'asset_item_picture1_731.jpg',NULL,NULL,NULL,NULL,'','','','','',735,739,10,100,NULL,NULL,NULL,'file_asset_731.pdf',NULL,NULL,'','',NULL,NULL,NULL),(732,2,'180','376',NULL,'asset_item_picture1_732.jpg',NULL,NULL,NULL,NULL,'','','','','',736,740,10,100,NULL,NULL,NULL,'file_asset_732.pdf',NULL,NULL,'','',NULL,NULL,NULL),(733,2,'181','377',NULL,NULL,NULL,NULL,NULL,NULL,NULL,NULL,NULL,NULL,NULL,737,741,10,100,NULL,NULL,NULL,NULL,NULL,NULL,'','',NULL,NULL,NULL),(734,2,'182','378',NULL,NULL,NULL,NULL,NULL,NULL,NULL,NULL,NULL,NULL,NULL,738,742,10,100,NULL,NULL,NULL,NULL,NULL,NULL,'','',NULL,NULL,NULL),(735,2,'183','379',NULL,NULL,NULL,NULL,NULL,NULL,NULL,NULL,NULL,NULL,NULL,739,743,10,100,NULL,NULL,NULL,NULL,NULL,NULL,'','',NULL,NULL,NULL),(736,2,'184','380',NULL,NULL,NULL,NULL,NULL,NULL,NULL,NULL,NULL,NULL,NULL,740,744,10,100,NULL,NULL,NULL,NULL,NULL,NULL,'','',NULL,NULL,NULL),(737,2,'185','381',NULL,NULL,NULL,NULL,NULL,NULL,NULL,NULL,NULL,NULL,NULL,741,745,10,100,NULL,NULL,NULL,NULL,NULL,NULL,'','',NULL,NULL,NULL),(738,2,'186','382',NULL,NULL,NULL,NULL,NULL,NULL,NULL,NULL,NULL,NULL,NULL,742,746,10,100,NULL,NULL,NULL,NULL,NULL,NULL,'','',NULL,NULL,NULL),(739,2,'187','383',NULL,NULL,NULL,NULL,NULL,NULL,NULL,NULL,NULL,NULL,NULL,743,747,10,100,NULL,NULL,NULL,NULL,NULL,NULL,'','',NULL,NULL,NULL),(740,2,'188','384',NULL,'asset_item_picture1_740.jpg',NULL,NULL,NULL,NULL,'','','','','',744,748,10,100,NULL,NULL,NULL,'file_asset_740.pdf',NULL,NULL,'','',NULL,NULL,NULL),(741,2,'189','385',NULL,'asset_item_picture1_741.jpg',NULL,NULL,NULL,NULL,'','','','','',745,749,10,100,NULL,NULL,NULL,NULL,NULL,NULL,'','',NULL,NULL,NULL),(742,2,'190','386',NULL,'asset_item_picture1_742.jpg',NULL,NULL,NULL,NULL,'','','','','',746,750,10,100,NULL,NULL,NULL,NULL,NULL,NULL,'','',NULL,NULL,NULL),(743,2,'191','387',NULL,'asset_item_picture1_743.jpg',NULL,NULL,NULL,NULL,'','','','','',747,751,10,100,NULL,NULL,NULL,NULL,NULL,NULL,'','',NULL,NULL,NULL),(744,2,'192','388',NULL,'asset_item_picture1_744.jpg',NULL,NULL,NULL,NULL,'','','','','',748,752,10,100,NULL,NULL,NULL,NULL,NULL,NULL,'','',NULL,NULL,NULL),(745,2,'193','389',NULL,'asset_item_picture1_745.jpg',NULL,NULL,NULL,NULL,'','','','','',749,753,10,100,NULL,NULL,NULL,NULL,NULL,NULL,'','',NULL,NULL,NULL),(746,2,'194','390',NULL,'asset_item_picture1_746.jpg',NULL,NULL,NULL,NULL,'','','','','',750,754,10,100,NULL,NULL,NULL,'file_asset_746.pdf',NULL,NULL,'','',NULL,NULL,NULL),(747,2,'195','391',NULL,'asset_item_picture1_747.jpg',NULL,NULL,NULL,NULL,'','','','','',751,755,10,100,NULL,NULL,NULL,'file_asset_747.pdf',NULL,NULL,'','',NULL,NULL,NULL),(748,2,'196','392',NULL,'asset_item_picture1_748.jpg',NULL,NULL,NULL,NULL,'','','','','',752,756,10,100,NULL,NULL,NULL,'file_asset_748.pdf',NULL,NULL,'','',NULL,NULL,NULL),(749,2,'197','393',NULL,'asset_item_picture1_749.jpg',NULL,NULL,NULL,NULL,'','','','','',753,757,10,100,NULL,NULL,NULL,'file_asset_749.pdf',NULL,NULL,'','',NULL,NULL,NULL),(750,2,'198','394',NULL,'asset_item_picture1_750.jpg',NULL,NULL,NULL,NULL,'','','','','',754,758,10,100,NULL,NULL,NULL,'file_asset_750.pdf',NULL,NULL,'','',NULL,NULL,NULL),(751,2,'199','395',NULL,'asset_item_picture1_751.jpg',NULL,NULL,NULL,NULL,'','','','','',755,759,10,100,NULL,NULL,NULL,'file_asset_751.pdf',NULL,NULL,'','',NULL,NULL,NULL),(752,1,'200','396',NULL,'asset_item_picture1_752.jpg',NULL,NULL,NULL,NULL,'','','','','',756,760,10,100,NULL,NULL,NULL,'file_asset_752.pdf',NULL,NULL,'','',NULL,NULL,NULL),(753,2,'201','397',NULL,'asset_item_picture1_753.jpg',NULL,NULL,NULL,NULL,'','','','','',757,761,10,100,NULL,NULL,NULL,'file_asset_753.pdf',NULL,NULL,'','',NULL,NULL,NULL),(754,2,'202','398',NULL,'asset_item_picture1_754.jpg',NULL,NULL,NULL,NULL,'','','','','',758,762,10,100,NULL,NULL,NULL,'file_asset_754.pdf',NULL,NULL,'','',NULL,NULL,NULL),(755,2,'203','399',NULL,'asset_item_picture1_755.jpg',NULL,NULL,NULL,NULL,'','','','','',759,763,10,100,NULL,NULL,NULL,'file_asset_755.pdf',NULL,NULL,'','',NULL,NULL,NULL),(756,2,'204','400',NULL,'asset_item_picture1_756.jpg',NULL,NULL,NULL,NULL,'','','','','',760,764,10,100,NULL,NULL,NULL,'file_asset_756.pdf',NULL,NULL,'','',NULL,NULL,NULL),(757,2,'205','401',NULL,'asset_item_picture1_757.jpg',NULL,NULL,NULL,NULL,'','','','','',761,765,10,100,NULL,NULL,NULL,'file_asset_757.pdf',NULL,NULL,'','',NULL,NULL,NULL),(758,2,'206','402',NULL,'asset_item_picture1_758.jpg',NULL,NULL,NULL,NULL,'','','','','',762,766,10,100,NULL,NULL,NULL,'file_asset_758.pdf',NULL,NULL,'','',NULL,NULL,NULL),(759,2,'208','403',NULL,NULL,NULL,NULL,NULL,NULL,NULL,NULL,NULL,NULL,NULL,763,767,10,100,NULL,NULL,NULL,NULL,NULL,NULL,'','',NULL,NULL,NULL),(760,2,'209','404',NULL,NULL,NULL,NULL,NULL,NULL,NULL,NULL,NULL,NULL,NULL,764,768,10,100,NULL,NULL,NULL,NULL,NULL,NULL,'','',NULL,NULL,NULL),(761,2,'210','405',NULL,NULL,NULL,NULL,NULL,NULL,NULL,NULL,NULL,NULL,NULL,765,769,10,100,NULL,NULL,NULL,NULL,NULL,NULL,'','',NULL,NULL,NULL),(762,2,'212','406',NULL,NULL,NULL,NULL,NULL,NULL,NULL,NULL,NULL,NULL,NULL,766,770,10,100,NULL,NULL,NULL,NULL,NULL,NULL,'','',NULL,NULL,NULL),(763,2,'213','407',NULL,NULL,NULL,NULL,NULL,NULL,NULL,NULL,NULL,NULL,NULL,767,771,10,100,NULL,NULL,NULL,NULL,NULL,NULL,'','',NULL,NULL,NULL),(764,2,'214','408',NULL,'asset_item_picture1_764.jpg',NULL,NULL,NULL,NULL,'','','','','',768,772,10,100,NULL,NULL,NULL,'file_asset_764.pdf',NULL,NULL,'','',NULL,NULL,NULL),(765,2,'216','409',NULL,NULL,NULL,NULL,NULL,NULL,NULL,NULL,NULL,NULL,NULL,769,773,10,100,NULL,NULL,NULL,NULL,NULL,NULL,'','',NULL,NULL,NULL),(766,2,'217','410',NULL,NULL,NULL,NULL,NULL,NULL,NULL,NULL,NULL,NULL,NULL,770,774,10,100,NULL,NULL,NULL,NULL,NULL,NULL,'','',NULL,NULL,NULL),(767,2,'218','411',NULL,NULL,NULL,NULL,NULL,NULL,NULL,NULL,NULL,NULL,NULL,771,775,10,100,NULL,NULL,NULL,NULL,NULL,NULL,'','',NULL,NULL,NULL),(768,2,'219','412',NULL,NULL,NULL,NULL,NULL,NULL,NULL,NULL,NULL,NULL,NULL,772,776,10,100,NULL,NULL,NULL,NULL,NULL,NULL,'','',NULL,NULL,NULL),(769,2,'220','413',NULL,'asset_item_picture1_769.jpg',NULL,NULL,NULL,NULL,'','','','','',773,777,10,100,NULL,NULL,NULL,'file_asset_769.pdf',NULL,NULL,'','',NULL,NULL,NULL),(770,2,'221','414',NULL,'asset_item_picture1_770.jpg',NULL,NULL,NULL,NULL,'','','','','',774,778,10,100,NULL,NULL,NULL,'file_asset_770.pdf',NULL,NULL,'','',NULL,NULL,NULL),(771,2,'222','415',NULL,'asset_item_picture1_771.jpg',NULL,NULL,NULL,NULL,'','','','','',775,779,10,100,NULL,NULL,NULL,'file_asset_771.pdf',NULL,NULL,'','',NULL,NULL,NULL),(772,2,'223','416',NULL,'asset_item_picture1_772.jpg',NULL,NULL,NULL,NULL,'','','','','',776,780,10,100,NULL,NULL,NULL,'file_asset_772.pdf',NULL,NULL,'','',NULL,NULL,NULL),(773,2,'224','417',NULL,'asset_item_picture1_773.jpg',NULL,NULL,NULL,NULL,'','','','','',777,781,10,100,NULL,NULL,NULL,'file_asset_773.pdf',NULL,NULL,'','',NULL,NULL,NULL),(774,2,'225','418',NULL,'asset_item_picture1_774.jpg',NULL,NULL,NULL,NULL,'','','','','',778,782,10,100,NULL,NULL,NULL,'file_asset_774.pdf',NULL,NULL,'','',NULL,NULL,NULL),(775,2,'238','419',NULL,NULL,NULL,NULL,NULL,NULL,NULL,NULL,NULL,NULL,NULL,779,783,10,100,NULL,NULL,NULL,NULL,NULL,NULL,'','',NULL,NULL,NULL),(776,2,'238','419',NULL,NULL,NULL,NULL,NULL,NULL,NULL,NULL,NULL,NULL,NULL,780,784,10,100,NULL,NULL,NULL,NULL,NULL,NULL,'','',NULL,NULL,NULL),(777,2,'239','420',NULL,NULL,NULL,NULL,NULL,NULL,NULL,NULL,NULL,NULL,NULL,781,785,10,100,NULL,NULL,NULL,NULL,NULL,NULL,'','',NULL,NULL,NULL),(778,2,'240','421',NULL,'asset_item_picture1_778.jpg',NULL,NULL,NULL,NULL,'','','','','',782,786,10,100,NULL,NULL,NULL,'file_asset_778.pdf',NULL,NULL,'','',NULL,NULL,NULL),(779,2,'7','422',NULL,NULL,NULL,NULL,NULL,NULL,NULL,NULL,NULL,NULL,NULL,783,787,10,100,NULL,NULL,NULL,NULL,NULL,NULL,'','',NULL,NULL,NULL),(780,2,'1','423',NULL,'asset_item_picture1_780.jpg',NULL,NULL,NULL,NULL,'','','','','',784,788,10,100,NULL,NULL,NULL,'file_asset_780.pdf',NULL,NULL,'','',NULL,NULL,NULL),(781,2,'3','424',NULL,'asset_item_picture1_781.jpg',NULL,NULL,NULL,NULL,'','','','','',785,789,10,100,NULL,NULL,NULL,'file_asset_781.pdf',NULL,NULL,'','',NULL,NULL,NULL),(782,2,'4','425',NULL,'asset_item_picture1_782.jpg',NULL,NULL,NULL,NULL,'','','','','',786,790,10,NULL,NULL,NULL,NULL,'file_asset_782.pdf',NULL,NULL,'','',NULL,NULL,NULL),(783,2,'10','426',NULL,'asset_item_picture1_783.jpg',NULL,NULL,NULL,NULL,'','','','','',787,791,10,100,NULL,NULL,NULL,'file_asset_783.pdf',NULL,NULL,'','',NULL,NULL,NULL),(784,2,'11','427',NULL,'asset_item_picture1_784.jpg',NULL,NULL,NULL,NULL,'','','','','',788,792,10,100,NULL,NULL,NULL,'file_asset_784.pdf',NULL,NULL,'','',NULL,NULL,NULL),(785,2,'13','428',NULL,'asset_item_picture1_785.jpg',NULL,NULL,NULL,NULL,'','','','','',789,793,10,100,NULL,NULL,NULL,'file_asset_785.pdf',NULL,NULL,'','',NULL,NULL,NULL),(786,2,'14','429',NULL,'asset_item_picture1_786.jpg',NULL,NULL,NULL,NULL,'','','','','',790,794,10,100,NULL,NULL,NULL,'file_asset_786.pdf',NULL,NULL,'','',NULL,NULL,NULL),(787,2,'15','430',NULL,'asset_item_picture1_787.jpg',NULL,NULL,NULL,NULL,'','','','','',791,795,10,100,NULL,NULL,NULL,'file_asset_787.pdf',NULL,NULL,'','',NULL,NULL,NULL),(788,2,'16','431',NULL,'asset_item_picture1_788.jpg',NULL,NULL,NULL,NULL,'','','','','',792,796,NULL,NULL,NULL,NULL,NULL,'file_asset_788.pdf',NULL,NULL,'','',NULL,NULL,NULL),(789,2,'17','432',NULL,'asset_item_picture1_789.jpg',NULL,NULL,NULL,NULL,'','','','','',793,797,10,100,NULL,NULL,NULL,'file_asset_789.pdf',NULL,NULL,'','',NULL,NULL,NULL),(790,2,'18','433',NULL,'asset_item_picture1_790.jpg',NULL,NULL,NULL,NULL,'','','','','',794,798,10,100,NULL,NULL,NULL,'file_asset_790.pdf',NULL,NULL,'','',NULL,NULL,NULL),(791,2,'19','434',NULL,'asset_item_picture1_791.jpg',NULL,NULL,NULL,NULL,'','','','','',795,799,10,100,NULL,NULL,NULL,'file_asset_791.pdf',NULL,NULL,'','',NULL,NULL,NULL),(792,2,'20','435',NULL,'asset_item_picture1_792.jpg',NULL,NULL,NULL,NULL,'','','','','',796,800,10,100,NULL,NULL,NULL,'file_asset_792.pdf',NULL,NULL,'','',NULL,NULL,NULL),(793,2,'22','436',NULL,'asset_item_picture1_793.jpg',NULL,NULL,NULL,NULL,'','','','','',797,801,10,100,NULL,NULL,NULL,'file_asset_793.pdf',NULL,NULL,'','',NULL,NULL,NULL),(794,2,'23','437',NULL,'asset_item_picture1_794.jpg',NULL,NULL,NULL,NULL,'','','','','',798,802,10,100,NULL,NULL,NULL,'file_asset_794.pdf',NULL,NULL,'','',NULL,NULL,NULL),(796,2,'85','438',NULL,NULL,NULL,NULL,NULL,NULL,NULL,NULL,NULL,NULL,NULL,800,804,10,100,NULL,NULL,NULL,NULL,NULL,NULL,'','',NULL,NULL,NULL),(797,2,'230','439',NULL,NULL,NULL,NULL,NULL,NULL,NULL,NULL,NULL,NULL,NULL,801,805,10,100,NULL,NULL,NULL,NULL,NULL,NULL,'','',NULL,NULL,NULL),(799,2,'242','440',NULL,NULL,NULL,NULL,NULL,NULL,NULL,NULL,NULL,NULL,NULL,803,807,10,100,NULL,NULL,NULL,NULL,NULL,NULL,'','',NULL,NULL,NULL),(800,1,'249','788',NULL,'asset_item_picture1_800.jpg',NULL,NULL,NULL,NULL,'','','','','',804,808,20,100,NULL,NULL,NULL,'file_asset_800.pdf',NULL,NULL,'','',NULL,NULL,NULL),(801,1,'250','789',NULL,'asset_item_picture1_801.jpg',NULL,NULL,NULL,NULL,'','','','','',805,809,20,100,NULL,NULL,NULL,'file_asset_801.pdf',NULL,NULL,'','',NULL,NULL,NULL),(802,1,'265','790',NULL,'asset_item_picture1_802.jpg',NULL,NULL,NULL,NULL,'','','','','',806,810,20,100,NULL,NULL,NULL,'file_asset_802.pdf',NULL,NULL,'','',NULL,NULL,NULL),(803,1,'282','791',NULL,'asset_item_picture1_803.jpg',NULL,NULL,NULL,NULL,'','','','','',807,811,20,100,NULL,NULL,NULL,'file_asset_803.pdf',NULL,NULL,'','',NULL,NULL,NULL),(804,8,'1','796',NULL,NULL,NULL,NULL,NULL,NULL,NULL,NULL,NULL,NULL,NULL,808,812,20,100,NULL,NULL,NULL,NULL,NULL,NULL,'','',NULL,NULL,NULL),(805,6,'6','797',NULL,NULL,NULL,NULL,NULL,NULL,NULL,NULL,NULL,NULL,NULL,809,813,20,100,NULL,NULL,NULL,NULL,NULL,NULL,'','',NULL,NULL,NULL),(806,9,'1','798',NULL,NULL,NULL,NULL,NULL,NULL,NULL,NULL,NULL,NULL,NULL,810,814,20,100,NULL,NULL,NULL,NULL,NULL,NULL,'','',NULL,NULL,NULL),(807,10,'3','799',NULL,NULL,NULL,NULL,NULL,NULL,NULL,NULL,NULL,NULL,NULL,811,815,20,100,NULL,NULL,NULL,NULL,NULL,NULL,'','',NULL,NULL,NULL),(808,1,'253','785',NULL,'asset_item_picture1_808.jpg',NULL,NULL,NULL,NULL,'','','','','',812,816,20,100,NULL,NULL,NULL,'file_asset_808.pdf',NULL,NULL,'','',NULL,NULL,NULL),(809,1,'63','792',NULL,'asset_item_picture1_809.jpg',NULL,NULL,NULL,NULL,'','','','','',813,817,20,100,NULL,NULL,NULL,'file_asset_809.pdf',NULL,NULL,'','',NULL,NULL,NULL),(810,1,'56','793',NULL,'asset_item_picture1_810.jpg',NULL,NULL,NULL,NULL,'','','','','',814,818,20,100,NULL,NULL,NULL,'file_asset_810.pdf',NULL,NULL,'','',NULL,NULL,NULL),(811,1,'62','794',NULL,'asset_item_picture1_811.jpg',NULL,NULL,NULL,NULL,'','','','','',815,819,20,100,NULL,NULL,NULL,'file_asset_811.pdf',NULL,NULL,'','',NULL,NULL,NULL),(812,1,'66','795',NULL,'asset_item_picture1_812.jpg',NULL,NULL,NULL,NULL,'','','','','',816,820,20,100,NULL,NULL,NULL,'file_asset_812.pdf',NULL,NULL,'','',NULL,NULL,NULL),(813,16,'','800',NULL,NULL,NULL,NULL,NULL,NULL,NULL,NULL,NULL,NULL,NULL,817,821,20,200,NULL,NULL,NULL,NULL,NULL,NULL,'','',NULL,NULL,NULL),(814,16,'','801',NULL,NULL,NULL,NULL,NULL,NULL,NULL,NULL,NULL,NULL,NULL,818,822,20,200,NULL,NULL,NULL,NULL,NULL,NULL,'','',NULL,NULL,NULL),(815,16,'','802',NULL,NULL,NULL,NULL,NULL,NULL,NULL,NULL,NULL,NULL,NULL,819,823,20,200,NULL,NULL,NULL,NULL,NULL,NULL,'','',NULL,NULL,NULL),(816,16,'','803',NULL,NULL,NULL,NULL,NULL,NULL,NULL,NULL,NULL,NULL,NULL,820,824,20,200,NULL,NULL,NULL,NULL,NULL,NULL,'','',NULL,NULL,NULL),(817,16,'','804',NULL,NULL,NULL,NULL,NULL,NULL,NULL,NULL,NULL,NULL,NULL,821,825,20,200,NULL,NULL,NULL,NULL,NULL,NULL,'','',NULL,NULL,NULL),(818,16,'','805',NULL,NULL,NULL,NULL,NULL,NULL,NULL,NULL,NULL,NULL,NULL,822,826,20,200,NULL,NULL,NULL,NULL,NULL,NULL,'','',NULL,NULL,NULL),(819,16,'','806',NULL,NULL,NULL,NULL,NULL,NULL,NULL,NULL,NULL,NULL,NULL,823,827,20,200,NULL,NULL,NULL,NULL,NULL,NULL,'','',NULL,NULL,NULL),(820,16,'','808',NULL,NULL,NULL,NULL,NULL,NULL,NULL,NULL,NULL,NULL,NULL,824,828,20,200,NULL,NULL,NULL,NULL,NULL,NULL,'','',NULL,NULL,NULL),(821,16,'','809',NULL,NULL,NULL,NULL,NULL,NULL,NULL,NULL,NULL,NULL,NULL,825,829,20,200,NULL,NULL,NULL,NULL,NULL,NULL,'','',NULL,NULL,NULL),(822,16,'','810',NULL,NULL,NULL,NULL,NULL,NULL,NULL,NULL,NULL,NULL,NULL,826,830,20,200,NULL,NULL,NULL,NULL,NULL,NULL,'','',NULL,NULL,NULL),(823,16,'','811',NULL,NULL,NULL,NULL,NULL,NULL,NULL,NULL,NULL,NULL,NULL,827,831,20,200,NULL,NULL,NULL,NULL,NULL,NULL,'','',NULL,NULL,NULL),(824,16,'','812',NULL,NULL,NULL,NULL,NULL,NULL,NULL,NULL,NULL,NULL,NULL,828,832,20,200,NULL,NULL,NULL,NULL,NULL,NULL,'','',NULL,NULL,NULL),(825,16,'','813',NULL,NULL,NULL,NULL,NULL,NULL,NULL,NULL,NULL,NULL,NULL,829,833,20,200,NULL,NULL,NULL,NULL,NULL,NULL,'','',NULL,NULL,NULL),(826,16,'','814',NULL,NULL,NULL,NULL,NULL,NULL,NULL,NULL,NULL,NULL,NULL,830,834,20,200,NULL,NULL,NULL,NULL,NULL,NULL,'','',NULL,NULL,NULL),(827,16,'','815',NULL,NULL,NULL,NULL,NULL,NULL,NULL,NULL,NULL,NULL,NULL,831,835,20,200,NULL,NULL,NULL,NULL,NULL,NULL,'','',NULL,NULL,NULL),(828,16,'','816',NULL,NULL,NULL,NULL,NULL,NULL,NULL,NULL,NULL,NULL,NULL,832,836,20,200,NULL,NULL,NULL,NULL,NULL,NULL,'','',NULL,NULL,NULL),(829,16,'','817',NULL,NULL,NULL,NULL,NULL,NULL,NULL,NULL,NULL,NULL,NULL,833,837,20,200,NULL,NULL,NULL,NULL,NULL,NULL,'','',NULL,NULL,NULL),(830,16,'','818',NULL,NULL,NULL,NULL,NULL,NULL,NULL,NULL,NULL,NULL,NULL,834,838,20,200,NULL,NULL,NULL,NULL,NULL,NULL,'','',NULL,NULL,NULL),(831,16,'','819',NULL,NULL,NULL,NULL,NULL,NULL,NULL,NULL,NULL,NULL,NULL,835,839,20,200,NULL,NULL,NULL,NULL,NULL,NULL,'','',NULL,NULL,NULL),(832,16,'','820',NULL,NULL,NULL,NULL,NULL,NULL,NULL,NULL,NULL,NULL,NULL,836,840,20,200,NULL,NULL,NULL,NULL,NULL,NULL,'','',NULL,NULL,NULL),(833,16,'','821',NULL,NULL,NULL,NULL,NULL,NULL,NULL,NULL,NULL,NULL,NULL,837,841,20,200,NULL,NULL,NULL,NULL,NULL,NULL,'','',NULL,NULL,NULL),(834,16,'','822',NULL,NULL,NULL,NULL,NULL,NULL,NULL,NULL,NULL,NULL,NULL,838,842,20,200,NULL,NULL,NULL,NULL,NULL,NULL,'','',NULL,NULL,NULL),(835,16,'','823',NULL,NULL,NULL,NULL,NULL,NULL,NULL,NULL,NULL,NULL,NULL,839,843,20,200,NULL,NULL,NULL,NULL,NULL,NULL,'','',NULL,NULL,NULL),(836,16,'','824',NULL,NULL,NULL,NULL,NULL,NULL,NULL,NULL,NULL,NULL,NULL,840,844,20,200,NULL,NULL,NULL,NULL,NULL,NULL,'','',NULL,NULL,NULL),(837,16,'','825',NULL,NULL,NULL,NULL,NULL,NULL,NULL,NULL,NULL,NULL,NULL,841,845,20,200,NULL,NULL,NULL,NULL,NULL,NULL,'','',NULL,NULL,NULL),(838,16,'','826',NULL,NULL,NULL,NULL,NULL,NULL,NULL,NULL,NULL,NULL,NULL,842,846,20,200,NULL,NULL,NULL,NULL,NULL,NULL,'','',NULL,NULL,NULL),(839,16,'','827',NULL,NULL,NULL,NULL,NULL,NULL,NULL,NULL,NULL,NULL,NULL,843,847,20,200,NULL,NULL,NULL,NULL,NULL,NULL,'','',NULL,NULL,NULL),(840,16,'','828',NULL,NULL,NULL,NULL,NULL,NULL,NULL,NULL,NULL,NULL,NULL,844,848,20,200,NULL,NULL,NULL,NULL,NULL,NULL,'','',NULL,NULL,NULL),(841,16,'','829',NULL,NULL,NULL,NULL,NULL,NULL,NULL,NULL,NULL,NULL,NULL,845,849,20,200,NULL,NULL,NULL,NULL,NULL,NULL,'','',NULL,NULL,NULL),(842,16,'','830',NULL,NULL,NULL,NULL,NULL,NULL,NULL,NULL,NULL,NULL,NULL,846,850,20,200,NULL,NULL,NULL,NULL,NULL,NULL,'','',NULL,NULL,NULL),(843,16,'','831',NULL,NULL,NULL,NULL,NULL,NULL,NULL,NULL,NULL,NULL,NULL,847,851,20,200,NULL,NULL,NULL,NULL,NULL,NULL,'','',NULL,NULL,NULL),(844,16,'','832',NULL,NULL,NULL,NULL,NULL,NULL,NULL,NULL,NULL,NULL,NULL,848,852,20,200,NULL,NULL,NULL,NULL,NULL,NULL,'','',NULL,NULL,NULL),(845,16,'','833',NULL,NULL,NULL,NULL,NULL,NULL,NULL,NULL,NULL,NULL,NULL,849,853,20,200,NULL,NULL,NULL,NULL,NULL,NULL,'','',NULL,NULL,NULL),(846,16,'','834',NULL,NULL,NULL,NULL,NULL,NULL,NULL,NULL,NULL,NULL,NULL,850,854,20,200,NULL,NULL,NULL,NULL,NULL,NULL,'','',NULL,NULL,NULL),(847,16,'','835',NULL,NULL,NULL,NULL,NULL,NULL,NULL,NULL,NULL,NULL,NULL,851,855,20,200,NULL,NULL,NULL,NULL,NULL,NULL,'','',NULL,NULL,NULL),(848,16,'','836',NULL,NULL,NULL,NULL,NULL,NULL,NULL,NULL,NULL,NULL,NULL,852,856,20,200,NULL,NULL,NULL,NULL,NULL,NULL,'','',NULL,NULL,NULL),(849,16,'','837',NULL,NULL,NULL,NULL,NULL,NULL,NULL,NULL,NULL,NULL,NULL,853,857,20,200,NULL,NULL,NULL,NULL,NULL,NULL,'','',NULL,NULL,NULL),(850,16,'','838',NULL,NULL,NULL,NULL,NULL,NULL,NULL,NULL,NULL,NULL,NULL,854,858,20,200,NULL,NULL,NULL,NULL,NULL,NULL,'','',NULL,NULL,NULL),(851,16,'','839',NULL,NULL,NULL,NULL,NULL,NULL,NULL,NULL,NULL,NULL,NULL,855,859,20,200,NULL,NULL,NULL,NULL,NULL,NULL,'','',NULL,NULL,NULL),(852,16,'','840',NULL,NULL,NULL,NULL,NULL,NULL,NULL,NULL,NULL,NULL,NULL,856,860,20,200,NULL,NULL,NULL,NULL,NULL,NULL,'','',NULL,NULL,NULL),(853,16,'','841',NULL,NULL,NULL,NULL,NULL,NULL,NULL,NULL,NULL,NULL,NULL,857,861,20,200,NULL,NULL,NULL,NULL,NULL,NULL,'','',NULL,NULL,NULL),(854,16,'','842',NULL,NULL,NULL,NULL,NULL,NULL,NULL,NULL,NULL,NULL,NULL,858,862,20,200,NULL,NULL,NULL,NULL,NULL,NULL,'','',NULL,NULL,NULL),(855,16,'','843',NULL,NULL,NULL,NULL,NULL,NULL,NULL,NULL,NULL,NULL,NULL,859,863,20,200,NULL,NULL,NULL,NULL,NULL,NULL,'','',NULL,NULL,NULL),(856,16,'','844',NULL,NULL,NULL,NULL,NULL,NULL,NULL,NULL,NULL,NULL,NULL,860,864,20,200,NULL,NULL,NULL,NULL,NULL,NULL,'','',NULL,NULL,NULL),(857,16,'','845',NULL,NULL,NULL,NULL,NULL,NULL,NULL,NULL,NULL,NULL,NULL,861,865,20,200,NULL,NULL,NULL,NULL,NULL,NULL,'','',NULL,NULL,NULL),(858,16,'','846',NULL,NULL,NULL,NULL,NULL,NULL,NULL,NULL,NULL,NULL,NULL,862,866,20,200,NULL,NULL,NULL,NULL,NULL,NULL,'','',NULL,NULL,NULL),(859,16,'','847',NULL,NULL,NULL,NULL,NULL,NULL,NULL,NULL,NULL,NULL,NULL,863,867,20,200,NULL,NULL,NULL,NULL,NULL,NULL,'','',NULL,NULL,NULL),(860,16,'','848',NULL,NULL,NULL,NULL,NULL,NULL,NULL,NULL,NULL,NULL,NULL,864,868,20,200,NULL,NULL,NULL,NULL,NULL,NULL,'','',NULL,NULL,NULL),(861,16,'','849',NULL,NULL,NULL,NULL,NULL,NULL,NULL,NULL,NULL,NULL,NULL,865,869,20,200,NULL,NULL,NULL,NULL,NULL,NULL,'','',NULL,NULL,NULL),(862,16,'','850',NULL,NULL,NULL,NULL,NULL,NULL,NULL,NULL,NULL,NULL,NULL,866,870,20,200,NULL,NULL,NULL,NULL,NULL,NULL,'','',NULL,NULL,NULL),(863,16,'','851',NULL,NULL,NULL,NULL,NULL,NULL,NULL,NULL,NULL,NULL,NULL,867,871,20,200,NULL,NULL,NULL,NULL,NULL,NULL,'','',NULL,NULL,NULL),(864,16,'','852',NULL,NULL,NULL,NULL,NULL,NULL,NULL,NULL,NULL,NULL,NULL,868,872,20,200,NULL,NULL,NULL,NULL,NULL,NULL,'','',NULL,NULL,NULL),(865,16,'','853',NULL,NULL,NULL,NULL,NULL,NULL,NULL,NULL,NULL,NULL,NULL,869,873,20,200,NULL,NULL,NULL,NULL,NULL,NULL,'','',NULL,NULL,NULL),(866,16,'','854',NULL,NULL,NULL,NULL,NULL,NULL,NULL,NULL,NULL,NULL,NULL,870,874,20,200,NULL,NULL,NULL,NULL,NULL,NULL,'','',NULL,NULL,NULL),(867,16,'','855',NULL,NULL,NULL,NULL,NULL,NULL,NULL,NULL,NULL,NULL,NULL,871,875,20,200,NULL,NULL,NULL,NULL,NULL,NULL,'','',NULL,NULL,NULL),(868,16,'','856',NULL,NULL,NULL,NULL,NULL,NULL,NULL,NULL,NULL,NULL,NULL,872,876,20,200,NULL,NULL,NULL,NULL,NULL,NULL,'','',NULL,NULL,NULL),(869,16,'','857',NULL,NULL,NULL,NULL,NULL,NULL,NULL,NULL,NULL,NULL,NULL,873,877,20,200,NULL,NULL,NULL,NULL,NULL,NULL,'','',NULL,NULL,NULL),(870,16,'','858',NULL,NULL,NULL,NULL,NULL,NULL,NULL,NULL,NULL,NULL,NULL,874,878,20,200,NULL,NULL,NULL,NULL,NULL,NULL,'','',NULL,NULL,NULL),(871,16,'','859',NULL,NULL,NULL,NULL,NULL,NULL,NULL,NULL,NULL,NULL,NULL,875,879,20,200,NULL,NULL,NULL,NULL,NULL,NULL,'','',NULL,NULL,NULL),(872,16,'','860',NULL,NULL,NULL,NULL,NULL,NULL,NULL,NULL,NULL,NULL,NULL,876,880,20,200,NULL,NULL,NULL,NULL,NULL,NULL,'','',NULL,NULL,NULL),(873,16,'','861',NULL,NULL,NULL,NULL,NULL,NULL,NULL,NULL,NULL,NULL,NULL,877,881,20,200,NULL,NULL,NULL,NULL,NULL,NULL,'','',NULL,NULL,NULL),(874,16,'','862',NULL,NULL,NULL,NULL,NULL,NULL,NULL,NULL,NULL,NULL,NULL,878,882,20,200,NULL,NULL,NULL,NULL,NULL,NULL,'','',NULL,NULL,NULL),(875,16,'','863',NULL,NULL,NULL,NULL,NULL,NULL,NULL,NULL,NULL,NULL,NULL,879,883,20,200,NULL,NULL,NULL,NULL,NULL,NULL,'','',NULL,NULL,NULL),(876,16,'','864',NULL,NULL,NULL,NULL,NULL,NULL,NULL,NULL,NULL,NULL,NULL,880,884,20,200,NULL,NULL,NULL,NULL,NULL,NULL,'','',NULL,NULL,NULL),(877,16,'','865',NULL,NULL,NULL,NULL,NULL,NULL,NULL,NULL,NULL,NULL,NULL,881,885,20,200,NULL,NULL,NULL,NULL,NULL,NULL,'','',NULL,NULL,NULL),(878,16,'','866',NULL,NULL,NULL,NULL,NULL,NULL,NULL,NULL,NULL,NULL,NULL,882,886,20,200,NULL,NULL,NULL,NULL,NULL,NULL,'','',NULL,NULL,NULL),(879,16,'','867',NULL,NULL,NULL,NULL,NULL,NULL,NULL,NULL,NULL,NULL,NULL,883,887,20,200,NULL,NULL,NULL,NULL,NULL,NULL,'','',NULL,NULL,NULL),(880,16,'','868',NULL,NULL,NULL,NULL,NULL,NULL,NULL,NULL,NULL,NULL,NULL,884,888,20,200,NULL,NULL,NULL,NULL,NULL,NULL,'','',NULL,NULL,NULL),(881,16,'','869',NULL,NULL,NULL,NULL,NULL,NULL,NULL,NULL,NULL,NULL,NULL,885,889,20,200,NULL,NULL,NULL,NULL,NULL,NULL,'','',NULL,NULL,NULL),(882,16,'','870',NULL,NULL,NULL,NULL,NULL,NULL,NULL,NULL,NULL,NULL,NULL,886,890,20,200,NULL,NULL,NULL,NULL,NULL,NULL,'','',NULL,NULL,NULL),(883,16,'','871',NULL,NULL,NULL,NULL,NULL,NULL,NULL,NULL,NULL,NULL,NULL,887,891,20,200,NULL,NULL,NULL,NULL,NULL,NULL,'','',NULL,NULL,NULL),(884,16,'','872',NULL,NULL,NULL,NULL,NULL,NULL,NULL,NULL,NULL,NULL,NULL,888,892,20,200,NULL,NULL,NULL,NULL,NULL,NULL,'','',NULL,NULL,NULL),(885,16,'','873',NULL,NULL,NULL,NULL,NULL,NULL,NULL,NULL,NULL,NULL,NULL,889,893,20,200,NULL,NULL,NULL,NULL,NULL,NULL,'','',NULL,NULL,NULL),(886,16,'','874',NULL,NULL,NULL,NULL,NULL,NULL,NULL,NULL,NULL,NULL,NULL,890,894,20,200,NULL,NULL,NULL,NULL,NULL,NULL,'','',NULL,NULL,NULL),(887,16,'','876',NULL,NULL,NULL,NULL,NULL,NULL,NULL,NULL,NULL,NULL,NULL,891,895,20,200,NULL,NULL,NULL,NULL,NULL,NULL,'','',NULL,NULL,NULL),(888,17,'','877',NULL,NULL,NULL,NULL,NULL,NULL,NULL,NULL,NULL,NULL,NULL,892,896,20,200,NULL,NULL,NULL,NULL,NULL,NULL,'','',NULL,NULL,NULL),(889,17,'','878',NULL,NULL,NULL,NULL,NULL,NULL,NULL,NULL,NULL,NULL,NULL,893,897,20,200,NULL,NULL,NULL,NULL,NULL,NULL,'','',NULL,NULL,NULL),(890,17,'','879',NULL,NULL,NULL,NULL,NULL,NULL,NULL,NULL,NULL,NULL,NULL,894,898,20,200,NULL,NULL,NULL,NULL,NULL,NULL,'','',NULL,NULL,NULL),(891,17,'','880',NULL,NULL,NULL,NULL,NULL,NULL,NULL,NULL,NULL,NULL,NULL,895,899,20,200,NULL,NULL,NULL,NULL,NULL,NULL,'','',NULL,NULL,NULL),(892,17,'','881',NULL,NULL,NULL,NULL,NULL,NULL,NULL,NULL,NULL,NULL,NULL,896,900,20,200,NULL,NULL,NULL,NULL,NULL,NULL,'','',NULL,NULL,NULL),(893,17,'','882',NULL,NULL,NULL,NULL,NULL,NULL,NULL,NULL,NULL,NULL,NULL,897,901,20,200,NULL,NULL,NULL,NULL,NULL,NULL,'','',NULL,NULL,NULL),(894,17,'','884',NULL,NULL,NULL,NULL,NULL,NULL,NULL,NULL,NULL,NULL,NULL,898,902,20,200,NULL,NULL,NULL,NULL,NULL,NULL,'','',NULL,NULL,NULL),(895,17,'','885',NULL,NULL,NULL,NULL,NULL,NULL,NULL,NULL,NULL,NULL,NULL,899,903,20,200,NULL,NULL,NULL,NULL,NULL,NULL,'','',NULL,NULL,NULL),(896,17,'','886',NULL,NULL,NULL,NULL,NULL,NULL,NULL,NULL,NULL,NULL,NULL,900,904,20,200,NULL,NULL,NULL,NULL,NULL,NULL,'','',NULL,NULL,NULL),(897,19,'','888',NULL,NULL,NULL,NULL,NULL,NULL,NULL,NULL,NULL,NULL,NULL,901,905,20,200,NULL,NULL,NULL,NULL,NULL,NULL,'','',NULL,NULL,NULL),(898,17,'','889',NULL,NULL,NULL,NULL,NULL,NULL,NULL,NULL,NULL,NULL,NULL,902,906,20,200,NULL,NULL,NULL,NULL,NULL,NULL,'Terdapat Batas dengan adanya Patok BBWS','',NULL,NULL,NULL),(899,17,'','890',NULL,NULL,NULL,NULL,NULL,NULL,NULL,NULL,NULL,NULL,NULL,903,907,20,200,NULL,NULL,NULL,NULL,NULL,NULL,'','',NULL,NULL,NULL),(900,17,'','891',NULL,NULL,NULL,NULL,NULL,NULL,NULL,NULL,NULL,NULL,NULL,904,908,20,200,NULL,NULL,NULL,NULL,NULL,NULL,'Terdapat Batas dengan adanya Patok BBWS','',NULL,NULL,NULL),(901,17,'','892',NULL,NULL,NULL,NULL,NULL,NULL,NULL,NULL,NULL,NULL,NULL,905,909,20,200,NULL,NULL,NULL,NULL,NULL,NULL,'','',NULL,NULL,NULL),(902,17,'','893',NULL,NULL,NULL,NULL,NULL,NULL,NULL,NULL,NULL,NULL,NULL,906,910,20,200,NULL,NULL,NULL,NULL,NULL,NULL,'','',NULL,NULL,NULL),(903,17,'','894',NULL,NULL,NULL,NULL,NULL,NULL,NULL,NULL,NULL,NULL,NULL,907,911,20,200,NULL,NULL,NULL,NULL,NULL,NULL,'','',NULL,NULL,NULL),(904,17,'','895',NULL,NULL,NULL,NULL,NULL,NULL,NULL,NULL,NULL,NULL,NULL,908,912,20,200,NULL,NULL,NULL,NULL,NULL,NULL,'','',NULL,NULL,NULL),(905,17,'','896',NULL,NULL,NULL,NULL,NULL,NULL,NULL,NULL,NULL,NULL,NULL,909,913,20,200,NULL,NULL,NULL,NULL,NULL,NULL,'','',NULL,NULL,NULL),(906,17,'','897',NULL,NULL,NULL,NULL,NULL,NULL,NULL,NULL,NULL,NULL,NULL,910,914,20,200,NULL,NULL,NULL,NULL,NULL,NULL,'','',NULL,NULL,NULL),(907,17,'','898',NULL,NULL,NULL,NULL,NULL,NULL,NULL,NULL,NULL,NULL,NULL,911,915,20,200,NULL,NULL,NULL,NULL,NULL,NULL,'','',NULL,NULL,NULL),(908,17,'','899',NULL,NULL,NULL,NULL,NULL,NULL,NULL,NULL,NULL,NULL,NULL,912,916,20,200,NULL,NULL,NULL,NULL,NULL,NULL,'','',NULL,NULL,NULL),(909,17,'','900',NULL,NULL,NULL,NULL,NULL,NULL,NULL,NULL,NULL,NULL,NULL,913,917,20,200,NULL,NULL,NULL,NULL,NULL,NULL,'','',NULL,NULL,NULL),(910,17,'','901',NULL,NULL,NULL,NULL,NULL,NULL,NULL,NULL,NULL,NULL,NULL,914,918,20,200,NULL,NULL,NULL,NULL,NULL,NULL,'','',NULL,NULL,NULL),(911,17,'','902',NULL,NULL,NULL,NULL,NULL,NULL,NULL,NULL,NULL,NULL,NULL,915,919,20,200,NULL,NULL,NULL,NULL,NULL,NULL,'','',NULL,NULL,NULL),(912,18,'','903',NULL,NULL,NULL,NULL,NULL,NULL,NULL,NULL,NULL,NULL,NULL,916,920,20,200,NULL,NULL,NULL,NULL,NULL,NULL,'','',NULL,NULL,NULL),(913,14,'','904',NULL,NULL,NULL,NULL,NULL,NULL,NULL,NULL,NULL,NULL,NULL,917,921,20,200,NULL,NULL,NULL,NULL,NULL,NULL,'','',NULL,NULL,NULL),(914,16,'','905',NULL,NULL,NULL,NULL,NULL,NULL,NULL,NULL,NULL,NULL,NULL,918,922,20,200,NULL,NULL,NULL,NULL,NULL,NULL,'','',NULL,NULL,NULL),(915,16,'','906',NULL,NULL,NULL,NULL,NULL,NULL,NULL,NULL,NULL,NULL,NULL,919,923,20,200,NULL,NULL,NULL,NULL,NULL,NULL,'','',NULL,NULL,NULL),(916,16,'','907',NULL,NULL,NULL,NULL,NULL,NULL,NULL,NULL,NULL,NULL,NULL,920,924,20,200,NULL,NULL,NULL,NULL,NULL,NULL,'','',NULL,NULL,NULL),(917,16,'','908',NULL,NULL,NULL,NULL,NULL,NULL,NULL,NULL,NULL,NULL,NULL,921,925,20,200,NULL,NULL,NULL,NULL,NULL,NULL,'','',NULL,NULL,NULL),(918,16,'','909',NULL,NULL,NULL,NULL,NULL,NULL,NULL,NULL,NULL,NULL,NULL,922,926,20,200,NULL,NULL,NULL,NULL,NULL,NULL,'','',NULL,NULL,NULL),(919,16,'','910',NULL,NULL,NULL,NULL,NULL,NULL,NULL,NULL,NULL,NULL,NULL,923,927,20,200,NULL,NULL,NULL,NULL,NULL,NULL,'','',NULL,NULL,NULL),(920,16,'','911',NULL,NULL,NULL,NULL,NULL,NULL,NULL,NULL,NULL,NULL,NULL,924,928,20,200,NULL,NULL,NULL,NULL,NULL,NULL,'','',NULL,NULL,NULL),(921,16,'','912',NULL,NULL,NULL,NULL,NULL,NULL,NULL,NULL,NULL,NULL,NULL,925,929,20,200,NULL,NULL,NULL,NULL,NULL,NULL,'','',NULL,NULL,NULL),(922,16,'','913',NULL,NULL,NULL,NULL,NULL,NULL,NULL,NULL,NULL,NULL,NULL,926,930,20,200,NULL,NULL,NULL,NULL,NULL,NULL,'','',NULL,NULL,NULL),(923,16,'','914',NULL,NULL,NULL,NULL,NULL,NULL,NULL,NULL,NULL,NULL,NULL,927,931,20,200,NULL,NULL,NULL,NULL,NULL,NULL,'','',NULL,NULL,NULL),(924,16,'','915',NULL,NULL,NULL,NULL,NULL,NULL,NULL,NULL,NULL,NULL,NULL,928,932,20,200,NULL,NULL,NULL,NULL,NULL,NULL,'','',NULL,NULL,NULL),(925,16,'','916',NULL,NULL,NULL,NULL,NULL,NULL,NULL,NULL,NULL,NULL,NULL,929,933,20,200,NULL,NULL,NULL,NULL,NULL,NULL,'','',NULL,NULL,NULL),(926,16,'','917',NULL,NULL,NULL,NULL,NULL,NULL,NULL,NULL,NULL,NULL,NULL,930,934,20,200,NULL,NULL,NULL,NULL,NULL,NULL,'','',NULL,NULL,NULL),(927,16,'','918',NULL,NULL,NULL,NULL,NULL,NULL,NULL,NULL,NULL,NULL,NULL,931,935,20,200,NULL,NULL,NULL,NULL,NULL,NULL,'','',NULL,NULL,NULL),(928,16,'','919',NULL,NULL,NULL,NULL,NULL,NULL,NULL,NULL,NULL,NULL,NULL,932,936,20,200,NULL,NULL,NULL,NULL,NULL,NULL,'','',NULL,NULL,NULL),(929,16,'','920',NULL,NULL,NULL,NULL,NULL,NULL,NULL,NULL,NULL,NULL,NULL,933,937,20,200,NULL,NULL,NULL,NULL,NULL,NULL,'','',NULL,NULL,NULL),(930,16,'','921',NULL,NULL,NULL,NULL,NULL,NULL,NULL,NULL,NULL,NULL,NULL,934,938,20,200,NULL,NULL,NULL,NULL,NULL,NULL,'','',NULL,NULL,NULL),(931,16,'','922',NULL,NULL,NULL,NULL,NULL,NULL,NULL,NULL,NULL,NULL,NULL,935,939,20,200,NULL,NULL,NULL,NULL,NULL,NULL,'','',NULL,NULL,NULL),(932,16,'','923',NULL,NULL,NULL,NULL,NULL,NULL,NULL,NULL,NULL,NULL,NULL,936,940,20,200,NULL,NULL,NULL,NULL,NULL,NULL,'','',NULL,NULL,NULL),(933,16,'','924',NULL,NULL,NULL,NULL,NULL,NULL,NULL,NULL,NULL,NULL,NULL,937,941,20,200,NULL,NULL,NULL,NULL,NULL,NULL,'','',NULL,NULL,NULL),(934,16,'','925',NULL,NULL,NULL,NULL,NULL,NULL,NULL,NULL,NULL,NULL,NULL,938,942,20,200,NULL,NULL,NULL,NULL,NULL,NULL,'','',NULL,NULL,NULL),(935,16,'','926',NULL,NULL,NULL,NULL,NULL,NULL,NULL,NULL,NULL,NULL,NULL,939,943,20,200,NULL,NULL,NULL,NULL,NULL,NULL,'','',NULL,NULL,NULL),(936,17,'','927',NULL,NULL,NULL,NULL,NULL,NULL,NULL,NULL,NULL,NULL,NULL,940,944,20,200,NULL,NULL,NULL,NULL,NULL,NULL,'','',NULL,NULL,NULL),(937,17,'','928',NULL,NULL,NULL,NULL,NULL,NULL,NULL,NULL,NULL,NULL,NULL,941,945,20,200,NULL,NULL,NULL,NULL,NULL,NULL,'','',NULL,NULL,NULL),(938,17,'','929',NULL,NULL,NULL,NULL,NULL,NULL,NULL,NULL,NULL,NULL,NULL,942,946,20,200,NULL,NULL,NULL,NULL,NULL,NULL,'','',NULL,NULL,NULL),(939,17,'','930',NULL,NULL,NULL,NULL,NULL,NULL,NULL,NULL,NULL,NULL,NULL,943,947,20,200,NULL,NULL,NULL,NULL,NULL,NULL,'','',NULL,NULL,NULL),(940,17,'','931',NULL,NULL,NULL,NULL,NULL,NULL,NULL,NULL,NULL,NULL,NULL,944,948,20,200,NULL,NULL,NULL,NULL,NULL,NULL,'','',NULL,NULL,NULL),(941,17,'','932',NULL,NULL,NULL,NULL,NULL,NULL,NULL,NULL,NULL,NULL,NULL,945,949,20,200,NULL,NULL,NULL,NULL,NULL,NULL,'','',NULL,NULL,NULL),(942,17,'','933',NULL,NULL,NULL,NULL,NULL,NULL,NULL,NULL,NULL,NULL,NULL,946,950,20,200,NULL,NULL,NULL,NULL,NULL,NULL,'','',NULL,NULL,NULL),(943,17,'','934',NULL,NULL,NULL,NULL,NULL,NULL,NULL,NULL,NULL,NULL,NULL,947,951,20,200,NULL,NULL,NULL,NULL,NULL,NULL,'','',NULL,NULL,NULL),(944,17,'','935',NULL,NULL,NULL,NULL,NULL,NULL,NULL,NULL,NULL,NULL,NULL,948,952,20,200,NULL,NULL,NULL,NULL,NULL,NULL,'','',NULL,NULL,NULL),(945,17,'','936',NULL,NULL,NULL,NULL,NULL,NULL,NULL,NULL,NULL,NULL,NULL,949,953,20,200,NULL,NULL,NULL,NULL,NULL,NULL,'','',NULL,NULL,NULL),(946,17,'','937',NULL,NULL,NULL,NULL,NULL,NULL,NULL,NULL,NULL,NULL,NULL,950,954,20,200,NULL,NULL,NULL,NULL,NULL,NULL,'','',NULL,NULL,NULL),(947,16,'','938',NULL,NULL,NULL,NULL,NULL,NULL,NULL,NULL,NULL,NULL,NULL,951,955,20,200,NULL,NULL,NULL,NULL,NULL,NULL,'','',NULL,NULL,NULL),(948,17,'','941',NULL,NULL,NULL,NULL,NULL,NULL,NULL,NULL,NULL,NULL,NULL,952,956,20,200,NULL,NULL,NULL,NULL,NULL,NULL,'','',NULL,NULL,NULL),(949,17,'','942',NULL,NULL,NULL,NULL,NULL,NULL,NULL,NULL,NULL,NULL,NULL,953,957,20,200,NULL,NULL,NULL,NULL,NULL,NULL,'','',NULL,NULL,NULL),(950,17,'','943',NULL,NULL,NULL,NULL,NULL,NULL,NULL,NULL,NULL,NULL,NULL,954,958,20,200,NULL,NULL,NULL,NULL,NULL,NULL,'','',NULL,NULL,NULL),(951,17,'','944',NULL,NULL,NULL,NULL,NULL,NULL,NULL,NULL,NULL,NULL,NULL,955,959,20,200,NULL,NULL,NULL,NULL,NULL,NULL,'','',NULL,NULL,NULL),(952,17,'','945',NULL,NULL,NULL,NULL,NULL,NULL,NULL,NULL,NULL,NULL,NULL,956,960,20,200,NULL,NULL,NULL,NULL,NULL,NULL,'','',NULL,NULL,NULL),(953,17,'','946',NULL,NULL,NULL,NULL,NULL,NULL,NULL,NULL,NULL,NULL,NULL,957,961,20,200,NULL,NULL,NULL,NULL,NULL,NULL,'','',NULL,NULL,NULL),(954,17,'','947',NULL,NULL,NULL,NULL,NULL,NULL,NULL,NULL,NULL,NULL,NULL,958,962,20,200,NULL,NULL,NULL,NULL,NULL,NULL,'','',NULL,NULL,NULL),(955,17,'','948',NULL,NULL,NULL,NULL,NULL,NULL,NULL,NULL,NULL,NULL,NULL,959,963,20,200,NULL,NULL,NULL,NULL,NULL,NULL,'','',NULL,NULL,NULL),(956,17,'','949',NULL,NULL,NULL,NULL,NULL,NULL,NULL,NULL,NULL,NULL,NULL,960,964,20,200,NULL,NULL,NULL,NULL,NULL,NULL,'','',NULL,NULL,NULL),(957,17,'','950',NULL,NULL,NULL,NULL,NULL,NULL,NULL,NULL,NULL,NULL,NULL,961,965,20,200,NULL,NULL,NULL,NULL,NULL,NULL,'','',NULL,NULL,NULL),(958,17,'','951',NULL,NULL,NULL,NULL,NULL,NULL,NULL,NULL,NULL,NULL,NULL,962,966,20,200,NULL,NULL,NULL,NULL,NULL,NULL,'','',NULL,NULL,NULL),(959,17,'','952',NULL,NULL,NULL,NULL,NULL,NULL,NULL,NULL,NULL,NULL,NULL,963,967,20,200,NULL,NULL,NULL,NULL,NULL,NULL,'','',NULL,NULL,NULL),(960,17,'','953',NULL,NULL,NULL,NULL,NULL,NULL,NULL,NULL,NULL,NULL,NULL,964,968,20,200,NULL,NULL,NULL,NULL,NULL,NULL,'','',NULL,NULL,NULL),(961,17,'','954',NULL,NULL,NULL,NULL,NULL,NULL,NULL,NULL,NULL,NULL,NULL,965,969,20,200,NULL,NULL,NULL,NULL,NULL,NULL,'','',NULL,NULL,NULL),(962,17,'','955',NULL,NULL,NULL,NULL,NULL,NULL,NULL,NULL,NULL,NULL,NULL,966,970,20,200,NULL,NULL,NULL,NULL,NULL,NULL,'','',NULL,NULL,NULL),(963,17,'','956',NULL,NULL,NULL,NULL,NULL,NULL,NULL,NULL,NULL,NULL,NULL,967,971,20,200,NULL,NULL,NULL,NULL,NULL,NULL,'','',NULL,NULL,NULL),(964,17,'','957',NULL,NULL,NULL,NULL,NULL,NULL,NULL,NULL,NULL,NULL,NULL,968,972,20,200,NULL,NULL,NULL,NULL,NULL,NULL,'','',NULL,NULL,NULL),(965,15,'','958',NULL,NULL,NULL,NULL,NULL,NULL,NULL,NULL,NULL,NULL,NULL,969,973,20,200,NULL,NULL,NULL,NULL,NULL,NULL,'','',NULL,NULL,NULL),(966,15,'','959',NULL,NULL,NULL,NULL,NULL,NULL,NULL,NULL,NULL,NULL,NULL,970,974,20,200,NULL,NULL,NULL,NULL,NULL,NULL,'','',NULL,NULL,NULL),(967,15,'','960',NULL,NULL,NULL,NULL,NULL,NULL,NULL,NULL,NULL,NULL,NULL,971,975,20,200,NULL,NULL,NULL,NULL,NULL,NULL,'','',NULL,NULL,NULL),(968,15,'','961',NULL,NULL,NULL,NULL,NULL,NULL,NULL,NULL,NULL,NULL,NULL,972,976,20,200,NULL,NULL,NULL,NULL,NULL,NULL,'','',NULL,NULL,NULL),(969,14,'','962',NULL,NULL,NULL,NULL,NULL,NULL,NULL,NULL,NULL,NULL,NULL,973,977,20,200,NULL,NULL,NULL,NULL,NULL,NULL,'','',NULL,NULL,NULL),(970,15,'','963',NULL,NULL,NULL,NULL,NULL,NULL,NULL,NULL,NULL,NULL,NULL,974,978,20,200,NULL,NULL,NULL,NULL,NULL,NULL,'','',NULL,NULL,NULL),(971,15,'','964',NULL,NULL,NULL,NULL,NULL,NULL,NULL,NULL,NULL,NULL,NULL,975,979,20,200,NULL,NULL,NULL,NULL,NULL,NULL,'','',NULL,NULL,NULL),(972,15,'','965',NULL,NULL,NULL,NULL,NULL,NULL,NULL,NULL,NULL,NULL,NULL,976,980,20,200,NULL,NULL,NULL,NULL,NULL,NULL,'','',NULL,NULL,NULL),(973,13,'','966',NULL,NULL,NULL,NULL,NULL,NULL,NULL,NULL,NULL,NULL,NULL,977,981,20,200,NULL,NULL,NULL,NULL,NULL,NULL,'','',NULL,NULL,NULL),(974,13,'','967',NULL,NULL,NULL,NULL,NULL,NULL,NULL,NULL,NULL,NULL,NULL,978,982,20,200,NULL,NULL,NULL,NULL,NULL,NULL,'','',NULL,NULL,NULL),(975,14,'','968',NULL,NULL,NULL,NULL,NULL,NULL,NULL,NULL,NULL,NULL,NULL,979,983,20,200,NULL,NULL,NULL,NULL,NULL,NULL,'','',NULL,NULL,NULL),(976,14,'','969',NULL,NULL,NULL,NULL,NULL,NULL,NULL,NULL,NULL,NULL,NULL,980,984,20,200,NULL,NULL,NULL,NULL,NULL,NULL,'','',NULL,NULL,NULL),(977,14,'','970',NULL,NULL,NULL,NULL,NULL,NULL,NULL,NULL,NULL,NULL,NULL,981,985,20,200,NULL,NULL,NULL,NULL,NULL,NULL,'','',NULL,NULL,NULL),(978,14,'','971',NULL,NULL,NULL,NULL,NULL,NULL,NULL,NULL,NULL,NULL,NULL,982,986,20,200,NULL,NULL,NULL,NULL,NULL,NULL,'','',NULL,NULL,NULL),(979,14,'','972',NULL,NULL,NULL,NULL,NULL,NULL,NULL,NULL,NULL,NULL,NULL,983,987,20,200,NULL,NULL,NULL,NULL,NULL,NULL,'','',NULL,NULL,NULL),(980,14,'','973',NULL,NULL,NULL,NULL,NULL,NULL,NULL,NULL,NULL,NULL,NULL,984,988,20,200,NULL,NULL,NULL,NULL,NULL,NULL,'','',NULL,NULL,NULL),(981,14,'','974',NULL,NULL,NULL,NULL,NULL,NULL,NULL,NULL,NULL,NULL,NULL,985,989,20,200,NULL,NULL,NULL,NULL,NULL,NULL,'','',NULL,NULL,NULL),(982,13,'','975',NULL,NULL,NULL,NULL,NULL,NULL,NULL,NULL,NULL,NULL,NULL,986,990,20,200,NULL,NULL,NULL,NULL,NULL,NULL,'','',NULL,NULL,NULL),(983,13,'','976',NULL,NULL,NULL,NULL,NULL,NULL,NULL,NULL,NULL,NULL,NULL,987,991,20,200,NULL,NULL,NULL,NULL,NULL,NULL,'','',NULL,NULL,NULL),(984,13,'','977',NULL,NULL,NULL,NULL,NULL,NULL,NULL,NULL,NULL,NULL,NULL,988,992,20,200,NULL,NULL,NULL,NULL,NULL,NULL,'','',NULL,NULL,NULL),(985,13,'','978',NULL,NULL,NULL,NULL,NULL,NULL,NULL,NULL,NULL,NULL,NULL,989,993,20,200,NULL,NULL,NULL,NULL,NULL,NULL,'','',NULL,NULL,NULL),(986,13,'','979',NULL,NULL,NULL,NULL,NULL,NULL,NULL,NULL,NULL,NULL,NULL,990,994,20,200,NULL,NULL,NULL,NULL,NULL,NULL,'','',NULL,NULL,NULL),(987,13,'','980',NULL,NULL,NULL,NULL,NULL,NULL,NULL,NULL,NULL,NULL,NULL,991,995,20,200,NULL,NULL,NULL,NULL,NULL,NULL,'','',NULL,NULL,NULL),(988,13,'','981',NULL,NULL,NULL,NULL,NULL,NULL,NULL,NULL,NULL,NULL,NULL,992,996,20,200,NULL,NULL,NULL,NULL,NULL,NULL,'','',NULL,NULL,NULL),(989,13,'','982',NULL,NULL,NULL,NULL,NULL,NULL,NULL,NULL,NULL,NULL,NULL,993,997,20,200,NULL,NULL,NULL,NULL,NULL,NULL,'','',NULL,NULL,NULL),(990,13,'','983',NULL,NULL,NULL,NULL,NULL,NULL,NULL,NULL,NULL,NULL,NULL,994,998,20,200,NULL,NULL,NULL,NULL,NULL,NULL,'','',NULL,NULL,NULL),(991,12,'','984',NULL,NULL,NULL,NULL,NULL,NULL,NULL,NULL,NULL,NULL,NULL,995,999,20,200,NULL,NULL,NULL,NULL,NULL,NULL,'','',NULL,NULL,NULL),(992,12,'','985',NULL,NULL,NULL,NULL,NULL,NULL,NULL,NULL,NULL,NULL,NULL,996,1000,20,200,NULL,NULL,NULL,NULL,NULL,NULL,'','',NULL,NULL,NULL),(993,12,'','986',NULL,NULL,NULL,NULL,NULL,NULL,NULL,NULL,NULL,NULL,NULL,997,1001,20,200,NULL,NULL,NULL,NULL,NULL,NULL,'','',NULL,NULL,NULL),(994,17,'','987',NULL,NULL,NULL,NULL,NULL,NULL,NULL,NULL,NULL,NULL,NULL,998,1002,20,200,NULL,NULL,NULL,NULL,NULL,NULL,'','',NULL,NULL,NULL),(995,17,'','988',NULL,NULL,NULL,NULL,NULL,NULL,NULL,NULL,NULL,NULL,NULL,999,1003,20,200,NULL,NULL,NULL,NULL,NULL,NULL,'','',NULL,NULL,NULL),(996,17,'','989',NULL,NULL,NULL,NULL,NULL,NULL,NULL,NULL,NULL,NULL,NULL,1000,1004,20,200,NULL,NULL,NULL,NULL,NULL,NULL,'','',NULL,NULL,NULL),(997,17,'','990',NULL,NULL,NULL,NULL,NULL,NULL,NULL,NULL,NULL,NULL,NULL,1001,1005,20,200,NULL,NULL,NULL,NULL,NULL,NULL,'','',NULL,NULL,NULL),(998,17,'','991',NULL,NULL,NULL,NULL,NULL,NULL,NULL,NULL,NULL,NULL,NULL,1002,1006,20,200,NULL,NULL,NULL,NULL,NULL,NULL,'','',NULL,NULL,NULL),(999,17,'','992',NULL,NULL,NULL,NULL,NULL,NULL,NULL,NULL,NULL,NULL,NULL,1003,1007,20,200,NULL,NULL,NULL,NULL,NULL,NULL,'','',NULL,NULL,NULL),(1000,17,'','993',NULL,NULL,NULL,NULL,NULL,NULL,NULL,NULL,NULL,NULL,NULL,1004,1008,20,200,NULL,NULL,NULL,NULL,NULL,NULL,'','',NULL,NULL,NULL),(1001,17,'','994',NULL,NULL,NULL,NULL,NULL,NULL,NULL,NULL,NULL,NULL,NULL,1005,1009,20,200,NULL,NULL,NULL,NULL,NULL,NULL,'','',NULL,NULL,NULL),(1002,17,'','995',NULL,NULL,NULL,NULL,NULL,NULL,NULL,NULL,NULL,NULL,NULL,1006,1010,20,200,NULL,NULL,NULL,NULL,NULL,NULL,'','',NULL,NULL,NULL),(1003,17,'','996',NULL,NULL,NULL,NULL,NULL,NULL,NULL,NULL,NULL,NULL,NULL,1007,1011,20,200,NULL,NULL,NULL,NULL,NULL,NULL,'','',NULL,NULL,NULL),(1004,17,'','997',NULL,NULL,NULL,NULL,NULL,NULL,NULL,NULL,NULL,NULL,NULL,1008,1012,20,200,NULL,NULL,NULL,NULL,NULL,NULL,'','',NULL,NULL,NULL),(1005,17,'','998',NULL,NULL,NULL,NULL,NULL,NULL,NULL,NULL,NULL,NULL,NULL,1009,1013,20,200,NULL,NULL,NULL,NULL,NULL,NULL,'','',NULL,NULL,NULL),(1006,16,'','999',NULL,NULL,NULL,NULL,NULL,NULL,NULL,NULL,NULL,NULL,NULL,1010,1014,20,200,NULL,NULL,NULL,NULL,NULL,NULL,'','',NULL,NULL,NULL),(1007,17,'','1000',NULL,NULL,NULL,NULL,NULL,NULL,NULL,NULL,NULL,NULL,NULL,1011,1015,20,200,NULL,NULL,NULL,NULL,NULL,NULL,'','',NULL,NULL,NULL),(1008,17,'','1001',NULL,NULL,NULL,NULL,NULL,NULL,NULL,NULL,NULL,NULL,NULL,1012,1016,20,200,NULL,NULL,NULL,NULL,NULL,NULL,'','',NULL,NULL,NULL),(1009,11,'','1002',NULL,NULL,NULL,NULL,NULL,NULL,NULL,NULL,NULL,NULL,NULL,1013,1017,20,200,NULL,NULL,NULL,NULL,NULL,NULL,'','',NULL,NULL,NULL),(1010,16,'','807',NULL,NULL,NULL,NULL,NULL,NULL,NULL,NULL,NULL,NULL,NULL,1014,1018,20,200,NULL,NULL,NULL,NULL,NULL,NULL,'','',NULL,NULL,NULL),(1013,16,'','875',NULL,NULL,NULL,NULL,NULL,NULL,NULL,NULL,NULL,NULL,NULL,1017,1021,20,200,NULL,NULL,NULL,NULL,NULL,NULL,'','',NULL,NULL,NULL),(1014,17,'','877',NULL,NULL,NULL,NULL,NULL,NULL,NULL,NULL,NULL,NULL,NULL,1018,1022,20,200,NULL,NULL,NULL,NULL,NULL,NULL,'','',NULL,NULL,NULL),(1015,17,'','883',NULL,NULL,NULL,NULL,NULL,NULL,NULL,NULL,NULL,NULL,NULL,1019,1023,20,200,NULL,NULL,NULL,NULL,NULL,NULL,'','',NULL,NULL,NULL),(1016,17,'','939',NULL,NULL,NULL,NULL,NULL,NULL,NULL,NULL,NULL,NULL,NULL,1020,1024,20,200,NULL,NULL,NULL,NULL,NULL,NULL,'','',NULL,NULL,NULL),(1017,17,'','940',NULL,NULL,NULL,NULL,NULL,NULL,NULL,NULL,NULL,NULL,NULL,1021,1025,20,200,NULL,NULL,NULL,NULL,NULL,NULL,'','',NULL,NULL,NULL),(1018,2,'248','446',NULL,NULL,NULL,NULL,NULL,NULL,NULL,NULL,NULL,NULL,NULL,1022,1026,10,100,NULL,NULL,NULL,NULL,NULL,NULL,'','',NULL,NULL,NULL),(1019,2,'249','447',NULL,NULL,NULL,NULL,NULL,NULL,NULL,NULL,NULL,NULL,NULL,1023,1027,10,100,NULL,NULL,NULL,NULL,NULL,NULL,'','',NULL,NULL,NULL),(1020,1,'246','665',NULL,'asset_item_picture1_1020.jpg',NULL,NULL,NULL,NULL,'','','','','',1024,1028,20,100,NULL,NULL,NULL,'file_asset_1020.pdf',NULL,NULL,'','',NULL,NULL,NULL);
/*!40000 ALTER TABLE `asset_item` ENABLE KEYS */;
UNLOCK TABLES;

--
-- Table structure for table `asset_item_location`
--

DROP TABLE IF EXISTS `asset_item_location`;
/*!40101 SET @saved_cs_client     = @@character_set_client */;
/*!40101 SET character_set_client = utf8 */;
CREATE TABLE `asset_item_location` (
  `id_asset_item_location` bigint(20) NOT NULL AUTO_INCREMENT,
  `id_asset_master` bigint(20) NOT NULL,
  `latitude` varchar(60) NOT NULL,
  `longitude` varchar(60) NOT NULL,
  `address` varchar(250) DEFAULT NULL,
  `desa` varchar(250) DEFAULT NULL,
  `kecamatan` varchar(250) DEFAULT NULL,
  `kabupaten` varchar(250) DEFAULT NULL,
  `provinsi` varchar(250) DEFAULT NULL,
  `kodepos` varchar(250) DEFAULT NULL,
  `id_kabupaten` int(11) DEFAULT NULL,
  `id_propinsi` int(11) DEFAULT NULL,
  `id_kecamatan` int(11) DEFAULT NULL,
  `id_kelurahan` int(11) DEFAULT NULL,
  `batas_utara` varchar(250) DEFAULT NULL,
  `batas_selatan` varchar(250) DEFAULT NULL,
  `batas_timur` varchar(250) DEFAULT NULL,
  `batas_barat` varchar(250) DEFAULT NULL,
  `luas` double(18,3) NOT NULL,
  `keterangan1` varchar(250) DEFAULT NULL,
  `keterangan2` varchar(250) DEFAULT NULL,
  `keterangan3` varchar(250) DEFAULT NULL,
  PRIMARY KEY (`id_asset_item_location`),
  KEY `id_asset_master` (`id_asset_master`),
  KEY `id_kabupaten` (`id_kabupaten`,`id_propinsi`,`id_kecamatan`,`id_kelurahan`)
) ENGINE=InnoDB AUTO_INCREMENT=1029 DEFAULT CHARSET=latin1 COMMENT='Ini khusus untuk aset diam seperti tanah, gedung';
/*!40101 SET character_set_client = @saved_cs_client */;

--
-- Dumping data for table `asset_item_location`
--

LOCK TABLES `asset_item_location` WRITE;
/*!40000 ALTER TABLE `asset_item_location` DISABLE KEYS */;
INSERT INTO `asset_item_location` VALUES (1,1,'-7.975293','110.923327','Ds Baturetno, Baturetno, Kb Wonogiri',NULL,NULL,NULL,NULL,'',NULL,NULL,NULL,NULL,'Gn. Wd. Wonogiri',NULL,NULL,NULL,132000.000,'S (5404192)',NULL,NULL),(2,1,'-7.936381','110.90587','Ds Pulung, Baturetno, Wonogiri',NULL,NULL,NULL,NULL,'',NULL,NULL,NULL,NULL,'Gn. Wd. Wonogiri',NULL,NULL,NULL,0.000,NULL,NULL,NULL),(3,2,'ds','s','s',NULL,NULL,NULL,NULL,'ss',NULL,NULL,NULL,NULL,NULL,NULL,NULL,NULL,0.000,NULL,NULL,NULL),(4,1,'123','3','Banjarnegara',NULL,NULL,NULL,NULL,'3123',1113,36,NULL,NULL,NULL,NULL,NULL,NULL,0.000,NULL,NULL,NULL),(5,1,'d','d','df',NULL,NULL,NULL,NULL,'',1101,11,NULL,NULL,NULL,NULL,NULL,NULL,0.000,NULL,NULL,NULL),(6,1,'89,821','90sa','Bandung raya',NULL,NULL,NULL,NULL,'',NULL,NULL,NULL,NULL,'Utara Jaya','Selatan Seakli','Timur ','barat',0.000,NULL,NULL,NULL),(7,1,'54','56','df',NULL,NULL,NULL,NULL,'',1102,13,NULL,NULL,'','','','',0.000,NULL,NULL,NULL),(8,2,'7.223981','112.737941','0',NULL,NULL,NULL,NULL,'',1,1,1,1,'','','','',0.000,NULL,NULL,NULL),(9,2,'-7.252926','112.737147','0',NULL,NULL,NULL,NULL,'',1,1,2,2,'','','','',0.000,NULL,NULL,NULL),(10,2,'-7.223981','112.737941','0',NULL,NULL,NULL,NULL,'',1,1,1,1,'','','','',0.000,'--',NULL,NULL),(11,2,'-7.267348','112.750334','',NULL,NULL,NULL,NULL,'',1,NULL,4,4,'','','','',0.000,NULL,NULL,NULL),(12,2,'-7,520912','112.60118','',NULL,NULL,NULL,NULL,'',3,NULL,6,6,'','','','',0.000,'',NULL,NULL),(13,2,'0','0','',NULL,NULL,NULL,NULL,'',2,NULL,86,7,'','','','',18.000,'ADA',NULL,NULL),(14,2,'0','0','',NULL,NULL,NULL,NULL,'',2,NULL,86,8,'','','','',18.000,'ADA',NULL,NULL),(15,2,'0','0','',NULL,NULL,NULL,NULL,'',2,NULL,86,9,'','','','',18.000,'ADA',NULL,NULL),(16,2,'0','0','',NULL,NULL,NULL,NULL,'',2,NULL,86,10,'','','','',18.000,'ADA',NULL,NULL),(17,4,'0','0','',NULL,NULL,NULL,NULL,'',2,NULL,5,5,'','','','',60.000,'ADA',NULL,NULL),(18,4,'0','0','',NULL,NULL,NULL,NULL,'',2,NULL,7,11,'','','','',110.000,'ADA',NULL,NULL),(19,4,'0','0','',NULL,NULL,NULL,NULL,'',2,NULL,8,266,'','','','',185.000,'ADA',NULL,NULL),(20,4,'0','0','',NULL,NULL,NULL,NULL,'',2,NULL,9,13,'','','','',350.000,'ADA',NULL,NULL),(21,4,'0','0','',NULL,NULL,NULL,NULL,'',2,NULL,5,14,'','','','',580.000,'ADA',NULL,NULL),(22,4,'0','0','',NULL,NULL,NULL,NULL,'',2,NULL,5,5,'','','','',750.000,'ADA',NULL,NULL),(23,4,'0','0','',NULL,NULL,NULL,NULL,'',2,NULL,9,15,'','','','',1800.000,'ADA',NULL,NULL),(24,2,'0','0','',NULL,NULL,NULL,NULL,'',6,NULL,19,49,'','','','',24000.000,'ADA',NULL,NULL),(25,2,'0','0','',NULL,NULL,NULL,NULL,'',6,NULL,19,50,'','','','',18300.000,'ADA',NULL,NULL),(26,2,'0','0','',NULL,NULL,NULL,NULL,'',6,NULL,19,50,'','','','',1800.000,'ADA',NULL,NULL),(27,2,'0','0','',NULL,NULL,NULL,NULL,'',6,NULL,19,66,'','','','',700.000,'ADA',NULL,NULL),(28,4,'0','0','',NULL,NULL,NULL,NULL,'',2,NULL,9,16,'','','','',2655.000,'ADA',NULL,NULL),(29,2,'0','0','',NULL,NULL,NULL,NULL,'',6,NULL,20,51,'','','','',1900.000,'ADA',NULL,NULL),(30,4,'0','0','',NULL,NULL,NULL,NULL,'',2,NULL,7,17,'','','','',3355.000,'ADA',NULL,NULL),(31,2,'0','0','',NULL,NULL,NULL,NULL,'',6,NULL,20,51,'','','','',2000.000,'ADA',NULL,NULL),(32,2,'0','0','',NULL,NULL,NULL,NULL,'',6,NULL,20,52,'','','','',1900.000,'ADA',NULL,NULL),(33,4,'0','0','',NULL,NULL,NULL,NULL,'',2,NULL,10,18,'','','','',3615.000,'ADA',NULL,NULL),(34,2,'0','0','',NULL,NULL,NULL,NULL,'',6,NULL,20,51,'','','','',13000.000,'ADA',NULL,NULL),(35,2,'0','0','',NULL,NULL,NULL,NULL,'',6,NULL,23,267,'','','','',6000.000,'ADA',NULL,NULL),(36,4,'0','0','',NULL,NULL,NULL,NULL,'',2,NULL,9,13,'','','','',8820.000,'ADA',NULL,NULL),(37,2,'0','0','',NULL,NULL,NULL,NULL,'',6,NULL,89,53,'','','','',9500.000,'ADA',NULL,NULL),(38,2,'0','0','',NULL,NULL,NULL,NULL,'',6,NULL,25,54,'','','','',14900.000,'ADA',NULL,NULL),(39,4,'0','0','',NULL,NULL,NULL,NULL,'',2,NULL,9,13,'','','','',4590.000,'ADA',NULL,NULL),(40,2,'0','0','',NULL,NULL,NULL,NULL,'',6,NULL,20,51,'','','','',8500.000,'ADA',NULL,NULL),(41,2,'0','0','',NULL,NULL,NULL,NULL,'',6,NULL,21,55,'','','','',100.000,'ADA',NULL,NULL),(42,4,'0','0','',NULL,NULL,NULL,NULL,'',2,NULL,9,20,'','','','',5900.000,'ADA',NULL,NULL),(43,2,'0','0','',NULL,NULL,NULL,NULL,'',6,NULL,22,56,'','','','',18.000,'ADA',NULL,NULL),(44,4,'0','0','',NULL,NULL,NULL,NULL,'',2,NULL,5,21,'','','','',6020.000,'ADA',NULL,NULL),(45,2,'0','0','',NULL,NULL,NULL,NULL,'',6,NULL,23,57,'','','','',1407.000,'ADA',NULL,NULL),(46,2,'0','0','',NULL,NULL,NULL,NULL,'',6,NULL,23,268,'','','','',5264.000,'ADA',NULL,NULL),(47,2,'0','0','',NULL,NULL,NULL,NULL,'',6,NULL,24,59,'','','','',1848.000,'ADA',NULL,NULL),(48,2,'0','0','',NULL,NULL,NULL,NULL,'',6,NULL,25,54,'','','','',1989.000,'ADA',NULL,NULL),(49,2,'0','0','',NULL,NULL,NULL,NULL,'',6,NULL,25,61,'','','','',2505.000,'ADA',NULL,NULL),(50,4,'0','0','',NULL,NULL,NULL,NULL,'',2,NULL,8,269,'','','','',12555.000,'ADA',NULL,NULL),(51,2,'0','0','',NULL,NULL,NULL,NULL,'',6,NULL,20,62,'','','','',2466.000,'ADA',NULL,NULL),(52,4,'0','0','',NULL,NULL,NULL,NULL,'',2,NULL,7,23,'','','','',12740.000,'ADA',NULL,NULL),(53,2,'0','0','',NULL,NULL,NULL,NULL,'',6,NULL,26,63,'','','','',6601.000,'ADA',NULL,NULL),(54,2,'-7.506076','112.14962','',NULL,NULL,NULL,NULL,'',6,NULL,27,270,'','','','',1046.000,'ADA',NULL,NULL),(55,2,'0','0','',NULL,NULL,NULL,NULL,'',6,NULL,28,65,'','','','',902.000,'ADA',NULL,NULL),(56,2,'-7.50649','112.149298','',NULL,NULL,NULL,NULL,'',6,NULL,27,270,'','','','',2561.000,'ADA',NULL,NULL),(57,2,'-7.506638','112.149232','',NULL,NULL,NULL,NULL,'',6,NULL,27,270,'','','','',982.000,'ADA',NULL,NULL),(58,4,'0','0','',NULL,NULL,NULL,NULL,'',2,NULL,10,24,'','','','',13865.000,'ADA',NULL,NULL),(59,2,'0','0','',NULL,NULL,NULL,NULL,'',6,NULL,28,65,'','','','',124.000,'ADA',NULL,NULL),(60,4,'0','0','',NULL,NULL,NULL,NULL,'',2,NULL,9,20,'','','','',14040.000,'ADA',NULL,NULL),(61,4,'0','0','',NULL,NULL,NULL,NULL,'',2,NULL,9,13,'','','','',14535.000,'ADA',NULL,NULL),(62,2,'0','0','',NULL,NULL,NULL,NULL,'',6,NULL,19,67,'','','','',2210.000,'ADA',NULL,NULL),(63,2,'0','0','',NULL,NULL,NULL,NULL,'',6,NULL,20,51,'','','','',2912.000,'ADA',NULL,NULL),(64,2,'0','0','',NULL,NULL,NULL,NULL,'',6,NULL,20,51,'','','','',3171.000,'ADA',NULL,NULL),(65,4,'0','0','',NULL,NULL,NULL,NULL,'',2,NULL,11,25,'','','','',15230.000,'ADA',NULL,NULL),(66,2,'0','0','',NULL,NULL,NULL,NULL,'',6,NULL,19,67,'','','','',407.000,'ADA',NULL,NULL),(67,2,'0','0','',NULL,NULL,NULL,NULL,'',6,NULL,19,67,'','','','',541.000,'ADA',NULL,NULL),(68,4,'0','0','',NULL,NULL,NULL,NULL,'',2,NULL,5,21,'','','','',15360.000,'ADA',NULL,NULL),(69,2,'0','0','',NULL,NULL,NULL,NULL,'',6,NULL,19,67,'','','','',960.000,'ADA',NULL,NULL),(70,2,'0','0','',NULL,NULL,NULL,NULL,'',7,NULL,29,68,'','','','',90.000,'ADA',NULL,NULL),(71,4,'0','0','',NULL,NULL,NULL,NULL,'',2,NULL,5,14,'','','','',18190.000,'ADA',NULL,NULL),(72,2,'8.04712','112.76361','',NULL,NULL,NULL,NULL,'',7,NULL,30,69,'Balai Desa','Jalan Desa','Tanah Warga','Balai Desa',18.000,'ADA',NULL,NULL),(73,4,'0','0','',NULL,NULL,NULL,NULL,'',2,NULL,5,26,'','','','',20470.000,'ADA',NULL,NULL),(74,2,'-8.01562','112.63132','',NULL,NULL,NULL,NULL,'',7,NULL,31,70,'Rumah Warga','Rumah Warga','Rumah Warga','Rumah Warga',159.000,'ADA',NULL,NULL),(75,2,'8.2326','112.4789','',NULL,NULL,NULL,NULL,'',7,NULL,32,71,'Tanah Warga','Tanah Warga','Tanah Warga','Tanah Warga',48.000,'ADA',NULL,NULL),(76,4,'0','0','',NULL,NULL,NULL,NULL,'',2,NULL,9,16,'','','','',20830.000,'ADA',NULL,NULL),(77,2,'0','0','',NULL,NULL,NULL,NULL,'',7,NULL,90,72,'','','','',18.000,'ADA',NULL,NULL),(78,2,'8.20892','112.76367','',NULL,NULL,NULL,NULL,'',7,NULL,33,73,'Rumah Warga','Lapangan Voly','Jalan Perumahan','Lapangan Voly',29.000,'ADA',NULL,NULL),(79,2,'8.009722','112.5842','',NULL,NULL,NULL,NULL,'',7,NULL,34,74,'Rumah Warga','Rumah Warga','Rumah Warga','Rumah Warga',18.000,'ADA',NULL,NULL),(80,4,'0','0','',NULL,NULL,NULL,NULL,'',2,NULL,5,14,'','','','',79185.000,'ADA',NULL,NULL),(81,4,'0','0','',NULL,NULL,NULL,NULL,'',7,NULL,35,75,'','','','',1190.000,'ADA',NULL,NULL),(82,4,'-8.15969','112.54134','',NULL,NULL,NULL,NULL,'',7,NULL,36,76,'','','','',1230.000,'ADA',NULL,NULL),(83,4,'0','0','',NULL,NULL,NULL,NULL,'',7,NULL,35,77,'','','','',56303.000,'ADA',NULL,NULL),(84,4,'0','0','',NULL,NULL,NULL,NULL,'',7,NULL,35,78,'','','','',61000.000,'ADA',NULL,NULL),(85,4,'0','0','',NULL,NULL,NULL,NULL,'',7,NULL,32,79,'','','','',64930.000,'ADA',NULL,NULL),(86,4,'0','0','',NULL,NULL,NULL,NULL,'',7,NULL,35,80,'','','','',66940.000,'ADA',NULL,NULL),(87,4,'-8.17426','112.53711','',NULL,NULL,NULL,NULL,'',7,NULL,36,81,'','','','',84830.000,'ADA',NULL,NULL),(88,4,'0','0','',NULL,NULL,NULL,NULL,'',7,NULL,35,82,'','','','',126220.000,'ADA',NULL,NULL),(89,4,'0','0','',NULL,NULL,NULL,NULL,'',7,NULL,35,83,'','','','',160716.000,'ADA',NULL,NULL),(90,4,'0','0','',NULL,NULL,NULL,NULL,'',7,NULL,35,84,'','','','',452666.000,'ADA',NULL,NULL),(91,4,'0','0','',NULL,NULL,NULL,NULL,'',7,NULL,35,85,'','','','',477160.000,'ADA',NULL,NULL),(92,4,'-8.18267','112.53941','',NULL,NULL,NULL,NULL,'',7,NULL,37,86,'','','','',798187.000,'ADA',NULL,NULL),(93,4,'-8.19331','112.50681','',NULL,NULL,NULL,NULL,'',7,NULL,37,87,'','','','',1761392.000,'ADA',NULL,NULL),(94,4,'0','0','',NULL,NULL,NULL,NULL,'',7,NULL,32,88,'','','','',2095290.000,'ADA',NULL,NULL),(95,4,'0','0','',NULL,NULL,NULL,NULL,'',7,NULL,32,71,'','','','',2104570.000,'ADA',NULL,NULL),(96,4,'0','0','',NULL,NULL,NULL,NULL,'',7,NULL,35,80,'','','','',3440.000,'ADA',NULL,NULL),(97,4,'0','0','',NULL,NULL,NULL,NULL,'',7,NULL,35,78,'','','','',88910.000,'ADA',NULL,NULL),(98,4,'0','0','',NULL,NULL,NULL,NULL,'',7,NULL,35,77,'','','','',90575.000,'ADA',NULL,NULL),(99,4,'0','0','',NULL,NULL,NULL,NULL,'',7,NULL,35,83,'','','','',1227475.000,'ADA',NULL,NULL),(100,4,'0','0','',NULL,NULL,NULL,NULL,'',7,NULL,35,77,'','','','',151920.000,'ADA',NULL,NULL),(101,4,'0','0','',NULL,NULL,NULL,NULL,'',7,NULL,35,92,'','','','',100910.000,'ADA',NULL,NULL),(102,4,'0','0','',NULL,NULL,NULL,NULL,'',7,NULL,35,77,'','','','',158395.000,'ADA',NULL,NULL),(103,4,'0','0','',NULL,NULL,NULL,NULL,'',7,NULL,32,93,'','','','',1555982.000,'ADA',NULL,NULL),(104,4,'0','0','',NULL,NULL,NULL,NULL,'',7,NULL,35,94,'','','','',74053.000,'ADA',NULL,NULL),(105,4,'0','0','',NULL,NULL,NULL,NULL,'',7,NULL,35,94,'','','','',30465.000,'ADA',NULL,NULL),(106,4,'0','0','',NULL,NULL,NULL,NULL,'',7,NULL,35,94,'','','','',42800.000,'ADA',NULL,NULL),(107,4,'0','0','',NULL,NULL,NULL,NULL,'',7,NULL,35,94,'','','','',63855.000,'ADA',NULL,NULL),(108,4,'0','0','',NULL,NULL,NULL,NULL,'',7,NULL,35,94,'','','','',67720.000,'ADA',NULL,NULL),(109,4,'0','0','',NULL,NULL,NULL,NULL,'',7,NULL,35,94,'','','','',0.000,'ADA',NULL,NULL),(110,4,'0','0','',NULL,NULL,NULL,NULL,'',7,NULL,35,94,'','','','',84345.000,'ADA',NULL,NULL),(111,4,'0','0','',NULL,NULL,NULL,NULL,'',7,NULL,35,94,'','','','',87790.000,'ADA',NULL,NULL),(112,4,'0','0','',NULL,NULL,NULL,NULL,'',7,NULL,35,94,'','','','',91690.000,'ADA',NULL,NULL),(113,4,'0','0','',NULL,NULL,NULL,NULL,'',7,NULL,35,92,'','','','',1311252.000,'ADA',NULL,NULL),(114,4,'0','0','',NULL,NULL,NULL,NULL,'',7,NULL,35,94,'','','','',21725.000,'ADA',NULL,NULL),(115,4,'0','0','',NULL,NULL,NULL,NULL,'',7,NULL,35,92,'','','','',82700.000,'ADA',NULL,NULL),(116,4,'0','0','',NULL,NULL,NULL,NULL,'',7,NULL,35,92,'','','','',114780.000,'ADA',NULL,NULL),(117,4,'0','0','',NULL,NULL,NULL,NULL,'',7,NULL,35,92,'','','','',82635.000,'ADA',NULL,NULL),(118,4,'0','0','',NULL,NULL,NULL,NULL,'',7,NULL,35,92,'','','','',0.000,'ADA',NULL,NULL),(119,4,'0','0','',NULL,NULL,NULL,NULL,'',7,NULL,35,92,'','','','',10950.000,'ADA',NULL,NULL),(120,4,'0','0','',NULL,NULL,NULL,NULL,'',7,NULL,35,92,'','','','',80665.000,'ADA',NULL,NULL),(121,4,'0','0','',NULL,NULL,NULL,NULL,'',7,NULL,35,92,'','','','',71340.000,'ADA',NULL,NULL),(122,4,'0','0','',NULL,NULL,NULL,NULL,'',7,NULL,35,92,'','','','',72080.000,'ADA',NULL,NULL),(123,4,'0','0','',NULL,NULL,NULL,NULL,'',7,NULL,35,92,'','','','',72340.000,'ADA',NULL,NULL),(124,4,'0','0','',NULL,NULL,NULL,NULL,'',2,NULL,9,13,'','','','',80275.000,'ADA',NULL,NULL),(125,4,'0','0','',NULL,NULL,NULL,NULL,'',2,NULL,11,27,'','','','',83893.000,'ADA',NULL,NULL),(126,4,'0','0','',NULL,NULL,NULL,NULL,'',2,NULL,5,21,'','','','',91183.000,'ADA',NULL,NULL),(127,4,'0','0','',NULL,NULL,NULL,NULL,'',2,NULL,9,20,'','','','',43280.000,'ADA',NULL,NULL),(128,4,'0','0','',NULL,NULL,NULL,NULL,'',2,NULL,5,5,'','','','',28068.000,'ADA',NULL,NULL),(129,4,'0','0','',NULL,NULL,NULL,NULL,'',2,NULL,9,20,'','','','',29795.000,'ADA',NULL,NULL),(130,4,'0','0','',NULL,NULL,NULL,NULL,'',2,NULL,7,11,'','','','',48020.000,'ADA',NULL,NULL),(131,4,'0','0','',NULL,NULL,NULL,NULL,'',2,NULL,9,16,'','','','',93150.000,'ADA',NULL,NULL),(132,4,'0','0','',NULL,NULL,NULL,NULL,'',NULL,NULL,NULL,NULL,'','','',NULL,0.000,NULL,NULL,NULL),(133,4,'0','0','',NULL,NULL,NULL,NULL,'',2,NULL,5,21,'','','','',110515.000,'ADA',NULL,NULL),(134,4,'0','0','',NULL,NULL,NULL,NULL,'',2,NULL,9,20,'','','','',111223.000,'ADA',NULL,NULL),(135,4,'0','0','',NULL,NULL,NULL,NULL,'',2,NULL,5,5,'','','','',190111.000,'ADA',NULL,NULL),(136,4,'0','0','',NULL,NULL,NULL,NULL,'',2,NULL,9,15,'','','','',194260.000,'ADA',NULL,NULL),(137,4,'0','0','',NULL,NULL,NULL,NULL,'',2,NULL,10,18,'','','','',231699.000,'ADA',NULL,NULL),(138,4,'0','0','',NULL,NULL,NULL,NULL,'',2,NULL,9,13,'','','','',234215.000,'ADA',NULL,NULL),(139,4,'0','0','',NULL,NULL,NULL,NULL,'',2,NULL,5,21,'','','','',97425.000,'ADA',NULL,NULL),(140,4,'0','0','',NULL,NULL,NULL,NULL,'',2,NULL,8,271,'','','','',31960.000,'ADA',NULL,NULL),(141,4,'0','0','',NULL,NULL,NULL,NULL,'',2,NULL,8,271,'','','','',35645.000,'ADA',NULL,NULL),(142,4,'0','0','',NULL,NULL,NULL,NULL,'',2,NULL,8,271,'','','','',68092.000,'ADA',NULL,NULL),(143,4,'0','0','',NULL,NULL,NULL,NULL,'',2,NULL,8,271,'','','','',0.000,'ADA',NULL,NULL),(144,4,'0','0','',NULL,NULL,NULL,NULL,'',2,NULL,10,29,'','','','',268555.000,'ADA',NULL,NULL),(145,4,'0','0','',NULL,NULL,NULL,NULL,'',2,NULL,11,27,'','','','',64630.000,'ADA',NULL,NULL),(146,5,'0','0','',NULL,NULL,NULL,NULL,'',2,NULL,5,5,'','','','',1230.000,'ADA',NULL,NULL),(147,5,'0','0','',NULL,NULL,NULL,NULL,'',2,NULL,12,30,'','','','',1525.000,'ADA',NULL,NULL),(148,5,'0','0','',NULL,NULL,NULL,NULL,'',2,NULL,12,30,'','','','',2120.000,'ADA',NULL,NULL),(149,5,'0','0','',NULL,NULL,NULL,NULL,'',2,NULL,5,26,'','','','',3640.000,'ADA',NULL,NULL),(150,5,'0','0','',NULL,NULL,NULL,NULL,'',2,NULL,11,31,'','','','',920.000,'ADA',NULL,NULL),(151,5,'0','0','',NULL,NULL,NULL,NULL,'',2,NULL,11,32,'','','','',8845.000,'ADA',NULL,NULL),(152,5,'0','0','',NULL,NULL,NULL,NULL,'',2,NULL,12,30,'','','','',3963.000,'ADA',NULL,NULL),(153,5,'0','0','',NULL,NULL,NULL,NULL,'',2,NULL,12,30,'','','','',4020.000,'ADA',NULL,NULL),(154,5,'0','0','',NULL,NULL,NULL,NULL,'',2,NULL,5,26,'','','','',6200.000,'ADA',NULL,NULL),(155,5,'0','0','',NULL,NULL,NULL,NULL,'',2,NULL,11,31,'','','','',13025.000,'ADA',NULL,NULL),(156,5,'0','0','',NULL,NULL,NULL,NULL,'',2,NULL,12,30,'','','','',13640.000,'ADA',NULL,NULL),(157,5,'0','0','',NULL,NULL,NULL,NULL,'',2,NULL,5,26,'','','','',20470.000,'ADA',NULL,NULL),(158,5,'0','0','',NULL,NULL,NULL,NULL,'',2,NULL,5,26,'','','','',24860.000,'ADA',NULL,NULL),(159,5,'0','0','',NULL,NULL,NULL,NULL,'',2,NULL,11,31,'','','','',26985.000,'ADA',NULL,NULL),(160,5,'0','0','',NULL,NULL,NULL,NULL,'',2,NULL,9,20,'','','','',42455.000,'ADA',NULL,NULL),(161,5,'0','0','',NULL,NULL,NULL,NULL,'',2,NULL,9,20,'','','','',45520.000,'ADA',NULL,NULL),(162,1,'12345','12345',NULL,NULL,NULL,NULL,NULL,NULL,NULL,NULL,NULL,NULL,'','','','',15000.000,'ADA',NULL,NULL),(163,1,'12345','12345',NULL,NULL,NULL,NULL,NULL,NULL,NULL,NULL,NULL,NULL,'','','','',15000.000,'ADA',NULL,NULL),(164,2,'0','0',NULL,NULL,NULL,NULL,NULL,NULL,5,NULL,13,33,'','','','',44.000,'ADA',NULL,NULL),(165,1,'12345','1234',NULL,NULL,NULL,NULL,NULL,NULL,2,NULL,8,269,'TEST','TEST','TEST','TEST',123456.000,'ADA',NULL,NULL),(166,5,'0','0',NULL,NULL,NULL,NULL,NULL,NULL,2,NULL,9,20,'','','','',50945.000,'ADA',NULL,NULL),(167,5,'0','0',NULL,NULL,NULL,NULL,NULL,NULL,2,NULL,9,20,'','','','',56440.000,'ADA',NULL,NULL),(168,5,'0','0',NULL,NULL,NULL,NULL,NULL,NULL,2,NULL,5,26,'','','','',62505.000,'ADA',NULL,NULL),(169,5,'0','0',NULL,NULL,NULL,NULL,NULL,NULL,2,NULL,9,20,'','','','',68190.000,'ADA',NULL,NULL),(170,5,'0','0',NULL,NULL,NULL,NULL,NULL,NULL,2,NULL,11,27,'','','','',74030.000,'ADA',NULL,NULL),(171,2,'-7.494713','112.584312',NULL,NULL,NULL,NULL,NULL,NULL,3,NULL,46,123,'','','','',26900.000,'TIDAK',NULL,NULL),(172,2,'-7.4565','112.345903',NULL,NULL,NULL,NULL,NULL,NULL,3,NULL,49,134,'','','','',12700.000,'ADA',NULL,NULL),(173,6,'-8.190712','112.552828',NULL,NULL,NULL,NULL,NULL,NULL,7,NULL,37,86,'Tanah PJT-1','Tanah PJT-1','Tanah Masyarakat','Tanah Masyarakat',427.000,'ADA',NULL,NULL),(174,6,'-8.189329','112.552842',NULL,NULL,NULL,NULL,NULL,NULL,7,NULL,37,86,'Tanah PJT-1','Tanah PJT-1','Tanah Masyarakat','Tanah Masyarakat',650.000,'ADA',NULL,NULL),(175,6,'-8.192156','112.552896',NULL,NULL,NULL,NULL,NULL,NULL,7,NULL,37,86,'Tanah PJT-1','Tanah PJT-1','Tanah Masyarakat','Tanah Masyarakat',15830.000,'ADA',NULL,NULL),(176,6,'8.21756','112.55649',NULL,NULL,NULL,NULL,NULL,NULL,7,NULL,37,107,'Jalan Desa','Tanah Quarry','Tanah Warga','Tanah Warga',70920.000,'ADA',NULL,NULL),(177,7,'-8.18808','112.554133',NULL,NULL,NULL,NULL,NULL,NULL,7,NULL,37,86,'Tanah PJT-1','Tanah Masyarakat','Tanah PJT-1','Tanah PJT-1',135275.000,'ADA',NULL,NULL),(178,4,'-8.212037','112,55797',NULL,NULL,NULL,NULL,NULL,NULL,7,NULL,37,107,'Tanah Warga','Tanah Warga','Sawah (Tanah PJT 1)','Tanah Warga',11900.000,'ADA',NULL,NULL),(179,4,'-8.17083','112.57706',NULL,NULL,NULL,NULL,NULL,NULL,7,NULL,41,108,'Sungai','Tanah Warga','Tanah Warga','Sungai',29700.000,'ADA',NULL,NULL),(180,4,'-8.20134','112.57038',NULL,NULL,NULL,NULL,NULL,NULL,7,NULL,41,109,'Sawah Warga','Sungai','Sungai','Sawah Warga',264040.000,'ADA',NULL,NULL),(181,1,'6','8',NULL,NULL,NULL,NULL,NULL,NULL,3,NULL,46,123,'g','g','g','g',66.000,'ADA',NULL,NULL),(182,5,'0','0',NULL,NULL,NULL,NULL,NULL,NULL,2,NULL,9,20,'','','','',75495.000,'ADA',NULL,NULL),(183,2,'0','0',NULL,NULL,NULL,NULL,NULL,NULL,11,NULL,71,219,'','','','',1084.000,'ADA',NULL,NULL),(184,2,'0','0',NULL,NULL,NULL,NULL,NULL,NULL,11,NULL,71,254,'','','','',919.000,'ADA',NULL,NULL),(185,2,'0','0',NULL,NULL,NULL,NULL,NULL,NULL,11,NULL,71,221,'','','','',546.000,'ADA',NULL,NULL),(186,2,'0','0',NULL,NULL,NULL,NULL,NULL,NULL,11,NULL,95,222,'','','','',2029.000,'ADA',NULL,NULL),(187,2,'0','0',NULL,NULL,NULL,NULL,NULL,NULL,11,NULL,69,223,'','','','',882.000,'ADA',NULL,NULL),(188,2,'-8.17512','111.7788',NULL,NULL,NULL,NULL,NULL,NULL,11,NULL,72,227,'','','','',555.000,'ADA',NULL,NULL),(189,2,'-8.21763','111.792184',NULL,NULL,NULL,NULL,NULL,NULL,11,NULL,72,228,'','','','',3072.000,'ADA',NULL,NULL),(190,2,'0','0',NULL,NULL,NULL,NULL,NULL,NULL,11,NULL,73,229,'','','','',3705.000,'ADA',NULL,NULL),(191,2,'0','0',NULL,NULL,NULL,NULL,NULL,NULL,11,NULL,75,231,'','','','',8645.000,'ADA',NULL,NULL),(192,2,'-8.166','111.7794',NULL,NULL,NULL,NULL,NULL,NULL,11,NULL,73,232,'','','','',9392.000,'ADA',NULL,NULL),(193,2,'-8.160581','111.85191',NULL,NULL,NULL,NULL,NULL,NULL,11,NULL,76,233,'','','','',9416.000,'ADA',NULL,NULL),(194,2,'0','0',NULL,NULL,NULL,NULL,NULL,NULL,11,NULL,77,234,'','','','',9520.000,'ADA',NULL,NULL),(195,2,'-8.14562','111.76837',NULL,NULL,NULL,NULL,NULL,NULL,11,NULL,73,235,'','','','',12001.000,'ADA',NULL,NULL),(196,2,'-8.15479','111.76992',NULL,NULL,NULL,NULL,NULL,NULL,11,NULL,73,236,'','','','',13032.000,'ADA',NULL,NULL),(197,2,'0','0',NULL,NULL,NULL,NULL,NULL,NULL,11,NULL,74,237,'','','','',13520.000,'ADA',NULL,NULL),(198,2,'0','0',NULL,NULL,NULL,NULL,NULL,NULL,NULL,NULL,69,237,'','','','',15650.000,'ADA',NULL,NULL),(199,2,'-8.19484','111.814637',NULL,NULL,NULL,NULL,NULL,NULL,11,NULL,73,250,'','','','',16815.000,'ADA',NULL,NULL),(200,2,'0','0',NULL,NULL,NULL,NULL,NULL,NULL,11,NULL,77,241,'','','','',16945.000,'ADA',NULL,NULL),(201,2,'0','0',NULL,NULL,NULL,NULL,NULL,NULL,NULL,NULL,75,243,'','','','',20565.000,'ADA',NULL,NULL),(202,2,'-8.201816','111.808258',NULL,NULL,NULL,NULL,NULL,NULL,11,NULL,76,244,'','','','',22830.000,'ADA',NULL,NULL),(203,2,'0','0',NULL,NULL,NULL,NULL,NULL,NULL,11,NULL,77,241,'','','','',24805.000,'ADA',NULL,NULL),(204,2,'0','0',NULL,NULL,NULL,NULL,NULL,NULL,11,NULL,76,245,'','','','',30670.000,'ADA',NULL,NULL),(205,2,'0','0',NULL,NULL,NULL,NULL,NULL,NULL,11,NULL,77,246,'','','','',48110.000,'ADA',NULL,NULL),(206,2,'0','0',NULL,NULL,NULL,NULL,NULL,NULL,11,NULL,74,247,'','','','',51390.000,'ADA',NULL,NULL),(207,2,'-8.226156','111.791383',NULL,NULL,NULL,NULL,NULL,NULL,NULL,NULL,72,228,'','','','',60630.000,'ADA',NULL,NULL),(208,2,'-8.207542','111.807112',NULL,NULL,NULL,NULL,NULL,NULL,11,NULL,76,249,'','','','',64985.000,'ADA',NULL,NULL),(209,2,'-8.210487','111.805528',NULL,NULL,NULL,NULL,NULL,NULL,11,NULL,73,240,'','','','',66155.000,'ADA',NULL,NULL),(210,2,'-8.175427','111.8437',NULL,NULL,NULL,NULL,NULL,NULL,11,NULL,76,233,'','','','',78270.000,'ADA',NULL,NULL),(211,2,'0','0',NULL,NULL,NULL,NULL,NULL,NULL,11,NULL,74,237,'','','','',90200.000,'ADA',NULL,NULL),(212,2,'0','0',NULL,NULL,NULL,NULL,NULL,NULL,11,NULL,69,234,'','','','',97950.000,'ADA',NULL,NULL),(213,2,'0','0',NULL,NULL,NULL,NULL,NULL,NULL,11,NULL,77,234,'','','','',99625.000,'ADA',NULL,NULL),(214,2,'0','0',NULL,NULL,NULL,NULL,NULL,NULL,11,NULL,72,251,'','','','',104385.000,'ADA',NULL,NULL),(215,2,'0','0',NULL,NULL,NULL,NULL,NULL,NULL,11,NULL,78,238,'','','','',134725.000,'ADA',NULL,NULL),(216,2,'0','0',NULL,NULL,NULL,NULL,NULL,NULL,11,NULL,78,242,'','','','',19480.000,'ADA',NULL,NULL),(217,2,'0','0',NULL,NULL,NULL,NULL,NULL,NULL,11,NULL,78,242,'','','','',53895.000,'ADA',NULL,NULL),(218,2,'0','0',NULL,NULL,NULL,NULL,NULL,NULL,11,NULL,76,233,'','','','',147725.000,'ADA',NULL,NULL),(219,2,'0','0',NULL,NULL,NULL,NULL,NULL,NULL,11,NULL,76,245,'','','','',158555.000,'ADA',NULL,NULL),(220,2,'0','0',NULL,NULL,NULL,NULL,NULL,NULL,11,NULL,69,244,'','','','',206375.000,'ADA',NULL,NULL),(221,2,'0','0',NULL,NULL,NULL,NULL,NULL,NULL,11,NULL,71,252,'','','','',95.000,'ADA',NULL,NULL),(222,2,'0','0',NULL,NULL,NULL,NULL,NULL,NULL,11,NULL,71,253,'','','','',580.000,'ADA',NULL,NULL),(223,2,'0','0',NULL,NULL,NULL,NULL,NULL,NULL,11,NULL,71,252,'','','','',685.000,'ADA',NULL,NULL),(224,2,'0','0',NULL,NULL,NULL,NULL,NULL,NULL,11,NULL,71,220,'','','','',1276.000,'ADA',NULL,NULL),(225,2,'0','0',NULL,NULL,NULL,NULL,NULL,NULL,11,NULL,71,255,'','','','',2050.000,'ADA',NULL,NULL),(226,2,'0','0',NULL,NULL,NULL,NULL,NULL,NULL,11,NULL,71,256,'','','','',2270.000,'ADA',NULL,NULL),(227,2,'0','0',NULL,NULL,NULL,NULL,NULL,NULL,11,NULL,71,252,'','','','',2359.000,'ADA',NULL,NULL),(228,2,'0','0',NULL,NULL,NULL,NULL,NULL,NULL,11,NULL,75,257,'','','','',2515.000,'ADA',NULL,NULL),(229,2,'0','0',NULL,NULL,NULL,NULL,NULL,NULL,11,NULL,71,253,'','','','',3000.000,'ADA',NULL,NULL),(230,2,'0','0',NULL,NULL,NULL,NULL,NULL,NULL,11,NULL,71,258,'','','','',5065.000,'ADA',NULL,NULL),(231,2,'0','0',NULL,NULL,NULL,NULL,NULL,NULL,11,NULL,71,220,'','','','',5503.000,'ADA',NULL,NULL),(232,2,'0','0',NULL,NULL,NULL,NULL,NULL,NULL,11,NULL,71,259,'','','','',6670.000,'ADA',NULL,NULL),(233,2,'0','0',NULL,NULL,NULL,NULL,NULL,NULL,11,NULL,71,260,'','','','',7170.000,'ADA',NULL,NULL),(234,2,'0','0',NULL,NULL,NULL,NULL,NULL,NULL,11,NULL,71,220,'','','','',8000.000,'ADA',NULL,NULL),(235,2,'0','0',NULL,NULL,NULL,NULL,NULL,NULL,11,NULL,75,257,'','','','',19447.000,'ADA',NULL,NULL),(236,2,'0','0',NULL,NULL,NULL,NULL,NULL,NULL,11,NULL,75,261,'','','','',23745.000,'ADA',NULL,NULL),(237,2,'-8.10918','111.75423',NULL,NULL,NULL,NULL,NULL,NULL,12,NULL,79,262,'','','','',6220.000,'ADA',NULL,NULL),(238,2,'-8.13577','111.76927',NULL,NULL,NULL,NULL,NULL,NULL,12,NULL,80,263,'','','','',12007.000,'ADA',NULL,NULL),(239,2,'-8.0997','111.75575',NULL,NULL,NULL,NULL,NULL,NULL,12,NULL,80,264,'','','','',12865.000,'ADA',NULL,NULL),(240,2,'-8.11727','111.75615',NULL,NULL,NULL,NULL,NULL,NULL,12,NULL,79,265,'','','','',19742.000,'ADA',NULL,NULL),(241,2,'-7.252926','112.737147',NULL,NULL,NULL,NULL,NULL,NULL,4,NULL,2,2,'','','','',13200.000,'TIDAK',NULL,NULL),(242,2,'-7.223981','112.737941',NULL,NULL,NULL,NULL,NULL,NULL,4,NULL,1,1,'','','','',10200.000,'TIDAK',NULL,NULL),(243,2,'0','0',NULL,NULL,NULL,NULL,NULL,NULL,4,NULL,3,3,'','','','',4900.000,'TIDAK',NULL,NULL),(244,2,'-7.267348','112.750334',NULL,NULL,NULL,NULL,NULL,NULL,4,NULL,4,4,'','','','',600.000,'TIDAK',NULL,NULL),(245,5,'0','0',NULL,NULL,NULL,NULL,NULL,NULL,2,NULL,11,31,'','','','',92530.000,'ADA',NULL,NULL),(246,2,'0','0',NULL,NULL,NULL,NULL,NULL,NULL,11,NULL,77,280,'','','','',96953.000,'ADA',NULL,NULL),(247,2,'0','0',NULL,NULL,NULL,NULL,NULL,NULL,11,NULL,77,280,'','','','',175340.000,'ADA',NULL,NULL),(248,2,'-7.231795','112.738454',NULL,NULL,NULL,NULL,NULL,NULL,4,NULL,1,273,'','','','',3355.000,'TIDAK',NULL,NULL),(249,2,'-7.283257','112.746959',NULL,NULL,NULL,NULL,NULL,NULL,4,NULL,152,274,'','','','',16500.000,'TIDAK',NULL,NULL),(250,2,'-7.255646','112.738715',NULL,NULL,NULL,NULL,NULL,NULL,4,NULL,81,276,'','','','',3200.000,'TIDAK',NULL,NULL),(251,5,'0','0',NULL,NULL,NULL,NULL,NULL,NULL,2,NULL,5,26,'','','','',99800.000,'ADA',NULL,NULL),(252,2,'-7.277045','112.744165',NULL,NULL,NULL,NULL,NULL,NULL,4,NULL,82,277,'','','','',14700.000,'TIDAK',NULL,NULL),(253,6,'0','0',NULL,NULL,NULL,NULL,NULL,NULL,2,NULL,9,16,'','','','',995.000,'ADA',NULL,NULL),(254,2,'-7.261799','112.748821',NULL,NULL,NULL,NULL,NULL,NULL,4,NULL,81,278,'','','','',166300.000,'TIDAK',NULL,NULL),(255,6,'0','0',NULL,NULL,NULL,NULL,NULL,NULL,2,NULL,9,16,'','','','',3634.000,'ADA',NULL,NULL),(256,2,'-7.26999','112.747183',NULL,NULL,NULL,NULL,NULL,NULL,4,NULL,83,279,'','','','',12447.000,'TIDAK',NULL,NULL),(257,6,'0','0',NULL,NULL,NULL,NULL,NULL,NULL,2,NULL,7,23,'','','','',3645.000,'ADA',NULL,NULL),(258,6,'0','0',NULL,NULL,NULL,NULL,NULL,NULL,2,NULL,11,25,'','','','',7270.000,'ADA',NULL,NULL),(259,6,'0','0',NULL,NULL,NULL,NULL,NULL,NULL,2,NULL,11,27,'','','','',7995.000,'ADA',NULL,NULL),(260,6,'0','0',NULL,NULL,NULL,NULL,NULL,NULL,2,NULL,9,20,'','','','',8205.000,'ADA',NULL,NULL),(261,3,'0','0',NULL,NULL,NULL,NULL,NULL,NULL,14,NULL,98,284,'','','','',37859.000,'ADA',NULL,NULL),(262,6,'0','0',NULL,NULL,NULL,NULL,NULL,NULL,2,NULL,11,31,'','','','',9690.000,'ADA',NULL,NULL),(263,6,'0','0',NULL,NULL,NULL,NULL,NULL,NULL,2,NULL,9,20,'','','','',52931.000,'ADA',NULL,NULL),(264,3,'0','0',NULL,NULL,NULL,NULL,NULL,NULL,14,NULL,98,283,'','','','',36453.000,'ADA',NULL,NULL),(265,7,'0','0',NULL,NULL,NULL,NULL,NULL,NULL,2,NULL,8,271,'','','','',755050.000,'ADA',NULL,NULL),(266,3,'0','0',NULL,NULL,NULL,NULL,NULL,NULL,14,NULL,98,284,'','','','',2992.000,'ADA',NULL,NULL),(267,2,'0','0',NULL,NULL,NULL,NULL,NULL,NULL,5,NULL,13,33,'','','','',10100.000,'ADA',NULL,NULL),(268,2,'0','0',NULL,NULL,NULL,NULL,NULL,NULL,5,NULL,13,34,'','','','',7400.000,'ADA',NULL,NULL),(269,2,'0','0',NULL,NULL,NULL,NULL,NULL,NULL,5,NULL,13,34,'','','','',22200.000,'ADA',NULL,NULL),(270,2,'0','0',NULL,NULL,NULL,NULL,NULL,NULL,14,NULL,98,285,'','','','',108606.000,'ADA',NULL,NULL),(271,2,'0','0',NULL,NULL,NULL,NULL,NULL,NULL,5,NULL,87,35,'','','','',7500.000,'ADA',NULL,NULL),(272,2,'0','0',NULL,NULL,NULL,NULL,NULL,NULL,5,NULL,88,36,'','','','',17800.000,'ADA',NULL,NULL),(273,7,'0','0',NULL,NULL,NULL,NULL,NULL,NULL,14,NULL,97,286,'','','','',10622.000,'ADA',NULL,NULL),(274,3,'0','0',NULL,NULL,NULL,NULL,NULL,NULL,15,NULL,99,287,'','','','',993.000,'ADA',NULL,NULL),(275,2,'0','0',NULL,NULL,NULL,NULL,NULL,NULL,5,NULL,13,34,'','','','',100.000,'ADA',NULL,NULL),(276,2,'0','0',NULL,NULL,NULL,NULL,NULL,NULL,5,NULL,14,38,'','','','',45400.000,'ADA',NULL,NULL),(277,2,'0','0',NULL,NULL,NULL,NULL,NULL,NULL,5,NULL,15,39,'','','','',600.000,'ADA',NULL,NULL),(278,2,'0','0',NULL,NULL,NULL,NULL,NULL,NULL,5,NULL,16,43,'','','','',20700.000,'ADA',NULL,NULL),(279,2,'0','0',NULL,NULL,NULL,NULL,NULL,NULL,5,NULL,13,33,'','','','',32700.000,'ADA',NULL,NULL),(280,2,'0','0',NULL,NULL,NULL,NULL,NULL,NULL,5,NULL,13,34,'','','','',10500.000,'ADA',NULL,NULL),(281,2,'0','0',NULL,NULL,NULL,NULL,NULL,NULL,5,NULL,13,33,'','','','',8200.000,'ADA',NULL,NULL),(282,2,'0','0',NULL,NULL,NULL,NULL,NULL,NULL,5,NULL,17,44,'','','','',32510.000,'ADA',NULL,NULL),(283,2,'0','0',NULL,NULL,NULL,NULL,NULL,NULL,5,NULL,14,45,'','','','',3788.000,'ADA',NULL,NULL),(284,2,'0','0',NULL,NULL,NULL,NULL,NULL,NULL,5,NULL,18,46,'','','','',911.000,'ADA',NULL,NULL),(285,3,'0','0',NULL,NULL,NULL,NULL,NULL,NULL,15,NULL,99,287,'','','','',1982.000,'ADA',NULL,NULL),(286,2,'0','0',NULL,NULL,NULL,NULL,NULL,NULL,5,NULL,18,47,'','','','',272.000,'ADA',NULL,NULL),(287,3,'0','0',NULL,NULL,NULL,NULL,NULL,NULL,15,NULL,100,288,'','','','',47683.000,'ADA',NULL,NULL),(288,2,'0','0',NULL,NULL,NULL,NULL,NULL,NULL,5,NULL,13,48,'','','','',1490.000,'ADA',NULL,NULL),(289,2,'0','0',NULL,NULL,NULL,NULL,NULL,NULL,6,NULL,19,49,'','','','',700.000,'ADA',NULL,NULL),(290,4,'0','0',NULL,NULL,NULL,NULL,NULL,NULL,7,NULL,35,92,'','','','',202715.000,'ADA',NULL,NULL),(291,4,'0','0',NULL,NULL,NULL,NULL,NULL,NULL,7,NULL,38,95,'','','','',60000.000,'ADA',NULL,NULL),(292,3,'-7.657033','110.781933',NULL,NULL,NULL,NULL,NULL,NULL,16,NULL,101,289,'','','','',166.000,'ADA',NULL,NULL),(293,4,'0','0',NULL,NULL,NULL,NULL,NULL,NULL,7,NULL,35,92,'','','','',2360.000,'ADA',NULL,NULL),(294,3,'-7.657033','110.781933',NULL,NULL,NULL,NULL,NULL,NULL,16,NULL,101,289,'','','','',636.000,'ADA',NULL,NULL),(295,4,'-8.1804','112.54323',NULL,NULL,NULL,NULL,NULL,NULL,7,NULL,36,96,'','','','',11776.000,'ADA',NULL,NULL),(296,3,'-7.657033','110.781933',NULL,NULL,NULL,NULL,NULL,NULL,16,NULL,101,289,'','','','',1392.000,'ADA',NULL,NULL),(297,4,'0','0',NULL,NULL,NULL,NULL,NULL,NULL,7,NULL,35,92,'','','','',12700.000,'ADA',NULL,NULL),(298,4,'0','0',NULL,NULL,NULL,NULL,NULL,NULL,7,NULL,29,92,'','','','',22550.000,'ADA',NULL,NULL),(299,3,'-7.657033','110.781933',NULL,NULL,NULL,NULL,NULL,NULL,16,NULL,101,289,'','','','',267.000,'ADA',NULL,NULL),(300,4,'0','0',NULL,NULL,NULL,NULL,NULL,NULL,7,NULL,38,97,'','','','',44475.000,'ADA',NULL,NULL),(301,4,'0','0',NULL,NULL,NULL,NULL,NULL,NULL,7,NULL,35,92,'','','','',74240.000,'ADA',NULL,NULL),(302,3,'-7.657033','110.781933',NULL,NULL,NULL,NULL,NULL,NULL,16,NULL,101,289,'','','','',456.000,'ADA',NULL,NULL),(303,4,'0','0',NULL,NULL,NULL,NULL,NULL,NULL,7,NULL,38,97,'','','','',77870.000,'ADA',NULL,NULL),(304,3,'-7.657033','110.781933',NULL,NULL,NULL,NULL,NULL,NULL,16,NULL,101,289,'','','','',297.000,'ADA',NULL,NULL),(305,4,'-7.880671','112.371001',NULL,NULL,NULL,NULL,NULL,NULL,7,NULL,40,98,'','','','',131050.000,'ADA',NULL,NULL),(306,4,'-7.882867','112.370694',NULL,NULL,NULL,NULL,NULL,NULL,7,NULL,40,99,'','','','',30840.000,'ADA',NULL,NULL),(307,3,'-7.657033','110.781933',NULL,NULL,NULL,NULL,NULL,NULL,16,NULL,101,289,'','','','',10.000,'ADA',NULL,NULL),(308,4,'-7.83749','112.370151',NULL,NULL,NULL,NULL,NULL,NULL,7,NULL,40,100,'','','','',119200.000,'ADA',NULL,NULL),(309,3,'-7.657033','110.781933',NULL,NULL,NULL,NULL,NULL,NULL,16,NULL,101,289,'','','','',1015.000,'ADA',NULL,NULL),(310,4,'-7.859766','112.367828',NULL,NULL,NULL,NULL,NULL,NULL,7,NULL,40,101,'','','','',2175240.000,'ADA',NULL,NULL),(311,4,'-7.859744','112.36943',NULL,NULL,NULL,NULL,NULL,NULL,7,NULL,40,7,'','','','',412300.000,'ADA',NULL,NULL),(312,3,'-7.657033','110.781933',NULL,NULL,NULL,NULL,NULL,NULL,16,NULL,101,289,'','','','',715.000,'ADA',NULL,NULL),(313,3,'-7.657033','110.781933',NULL,NULL,NULL,NULL,NULL,NULL,16,NULL,101,289,'','','','',80.000,'ADA',NULL,NULL),(314,4,'-7.877376','112.364586',NULL,NULL,NULL,NULL,NULL,NULL,7,NULL,40,103,'','','','',514100.000,'ADA',NULL,NULL),(315,4,'-7.878992','112.364094',NULL,NULL,NULL,NULL,NULL,NULL,7,NULL,40,103,'','','','',1820.000,'ADA',NULL,NULL),(316,3,'-7.657033','110.781933',NULL,NULL,NULL,NULL,NULL,NULL,16,NULL,101,289,'','','','',39.000,'ADA',NULL,NULL),(317,3,'-7.657033','110.781933',NULL,NULL,NULL,NULL,NULL,NULL,16,NULL,101,289,'','','','',30.000,'ADA',NULL,NULL),(318,4,'-7.859766','112.367828',NULL,NULL,NULL,NULL,NULL,NULL,7,NULL,40,101,'','','','',12970.000,'ADA',NULL,NULL),(319,4,'-7.859766','112.367828',NULL,NULL,NULL,NULL,NULL,NULL,7,NULL,40,101,'','','','',5730.000,'ADA',NULL,NULL),(320,3,'-7.657033','110.781933',NULL,NULL,NULL,NULL,NULL,NULL,16,NULL,101,289,'','','','',763.000,'ADA',NULL,NULL),(321,4,'-7.859766','112.367828',NULL,NULL,NULL,NULL,NULL,NULL,7,NULL,40,101,'','','','',8780.000,'ADA',NULL,NULL),(322,4,'-7.859766','112.367828',NULL,NULL,NULL,NULL,NULL,NULL,7,NULL,40,101,'','','','',716830.000,'ADA',NULL,NULL),(323,3,'-7.657033','110.781933',NULL,NULL,NULL,NULL,NULL,NULL,16,NULL,101,289,'','','','',148.000,'ADA',NULL,NULL),(324,4,'-7.859766','112.367828',NULL,NULL,NULL,NULL,NULL,NULL,7,NULL,40,101,'','','','',1152226.000,'ADA',NULL,NULL),(325,3,'-7.653618','110.786111',NULL,NULL,NULL,NULL,NULL,NULL,16,NULL,101,289,'','','','',82053.000,'ADA',NULL,NULL),(326,4,'-7.859766','112.367828',NULL,NULL,NULL,NULL,NULL,NULL,7,NULL,40,101,'','','','',3341.000,'ADA',NULL,NULL),(327,4,'-7.881996','112.370664',NULL,NULL,NULL,NULL,NULL,NULL,7,NULL,40,98,'','','','',37290.000,'ADA',NULL,NULL),(328,3,'-7.653618','110.786111',NULL,NULL,NULL,NULL,NULL,NULL,16,NULL,101,289,'','','','',77711.000,'ADA',NULL,NULL),(329,4,'-7.878094','112.369875',NULL,NULL,NULL,NULL,NULL,NULL,7,NULL,40,98,'','','','',9025.000,'ADA',NULL,NULL),(330,3,'-7.653618','110.786111',NULL,NULL,NULL,NULL,NULL,NULL,16,NULL,101,289,'','','','',609.000,'ADA',NULL,NULL),(331,1,'-7.93035','110.96245',NULL,NULL,NULL,NULL,NULL,NULL,19,NULL,108,331,'','','','',42.867,'ADA',NULL,NULL),(332,4,'-7.871605','112.355883',NULL,NULL,NULL,NULL,NULL,NULL,7,NULL,40,104,'','','','',50030.000,'ADA',NULL,NULL),(333,4,'-7.871628','112.364737',NULL,NULL,NULL,NULL,NULL,NULL,7,NULL,40,100,'','','','',163940.000,'ADA',NULL,NULL),(334,3,'-7.653618','110.786111',NULL,NULL,NULL,NULL,NULL,NULL,16,NULL,101,289,'','','','',4788.000,'ADA',NULL,NULL),(335,4,'-7.837198','112.370302',NULL,NULL,NULL,NULL,NULL,NULL,7,NULL,40,100,'','','','',36430.000,'ADA',NULL,NULL),(336,3,'-7.653618','110.786111',NULL,NULL,NULL,NULL,NULL,NULL,16,NULL,101,289,'','','','',2997.000,'ADA',NULL,NULL),(337,4,'-7.52887','112.22835',NULL,NULL,NULL,NULL,NULL,NULL,7,NULL,40,105,'','','','',3239.000,'ADA',NULL,NULL),(338,4,'-7.85865','112.432732',NULL,NULL,NULL,NULL,NULL,NULL,7,NULL,29,106,'','','','',2883.000,'ADA',NULL,NULL),(339,3,'-7.653618','110.786111',NULL,NULL,NULL,NULL,NULL,NULL,16,NULL,101,289,'','','','',4351.000,'ADA',NULL,NULL),(340,4,'-7.858883','112.432418',NULL,NULL,NULL,NULL,NULL,NULL,7,NULL,29,106,'','','','',1568.000,'ADA',NULL,NULL),(341,3,'-7.653618','110.786111',NULL,NULL,NULL,NULL,NULL,NULL,16,NULL,101,289,'','','','',1270.000,'ADA',NULL,NULL),(342,4,'-8.171124','112.57715',NULL,NULL,NULL,NULL,NULL,NULL,7,NULL,36,110,'','','','',112950.000,'ADA',NULL,NULL),(343,3,'-7.653618','110.786111',NULL,NULL,NULL,NULL,NULL,NULL,16,NULL,101,289,'','','','',2176.000,'ADA',NULL,NULL),(344,1,'-7.93035','110.96245',NULL,NULL,NULL,NULL,NULL,NULL,19,NULL,108,331,'','','','',2.800,'ADA',NULL,NULL),(345,4,'-8.210686','112.58892',NULL,NULL,NULL,NULL,NULL,NULL,7,NULL,37,107,'','','','',90285.000,'ADA',NULL,NULL),(346,3,'-7.653618','110.786111',NULL,NULL,NULL,NULL,NULL,NULL,16,NULL,101,289,'','','','',2678.000,'ADA',NULL,NULL),(347,3,'-7.653618','110.786111',NULL,NULL,NULL,NULL,NULL,NULL,16,NULL,101,289,'','','','',5044.000,'ADA',NULL,NULL),(348,1,'-7.93035','110.96245',NULL,NULL,NULL,NULL,NULL,NULL,19,NULL,108,331,'','','','',5.071,'ADA',NULL,NULL),(349,3,'-7.653618','110.786111',NULL,NULL,NULL,NULL,NULL,NULL,16,NULL,101,289,'','','','',1026.000,'ADA',NULL,NULL),(350,1,'-7.931633','110.962233',NULL,NULL,NULL,NULL,NULL,NULL,19,NULL,108,331,'','','','',13.000,'ADA',NULL,NULL),(351,3,'-7.653618','110.786111',NULL,NULL,NULL,NULL,NULL,NULL,16,NULL,101,289,'','','','',2812.000,'ADA',NULL,NULL),(352,3,'-7.653618','110.786111',NULL,NULL,NULL,NULL,NULL,NULL,16,NULL,101,289,'','','','',7012.000,'ADA',NULL,NULL),(353,3,'-7.653618','110.786111',NULL,NULL,NULL,NULL,NULL,NULL,16,NULL,101,9,'','','','',53128.000,'ADA',NULL,NULL),(354,1,'-7.931633','110.962233',NULL,NULL,NULL,NULL,NULL,NULL,19,NULL,108,331,'','','','',19.192,'ADA',NULL,NULL),(355,3,'-7.653618','110.786111',NULL,NULL,NULL,NULL,NULL,NULL,16,NULL,101,289,'','','','',7267.000,'ADA',NULL,NULL),(356,3,'-7.653618','110.786111',NULL,NULL,NULL,NULL,NULL,NULL,16,NULL,101,289,'','','','',54.000,'ADA',NULL,NULL),(357,4,'-8.18626','112.55785',NULL,NULL,NULL,NULL,NULL,NULL,7,NULL,41,111,'','','','',175430.000,'ADA',NULL,NULL),(358,3,'-7.653618','110.786111',NULL,NULL,NULL,NULL,NULL,NULL,16,NULL,101,289,'','','','',867.000,'ADA',NULL,NULL),(359,4,'-8.17775','112.57549',NULL,NULL,NULL,NULL,NULL,NULL,7,NULL,41,111,'','','','',53180.000,'ADA',NULL,NULL),(360,1,'-7.931633','110.962233',NULL,NULL,NULL,NULL,NULL,NULL,19,NULL,108,331,'','','','',22.289,'ADA',NULL,NULL),(361,3,'-7.653618','110.786111',NULL,NULL,NULL,NULL,NULL,NULL,16,NULL,101,289,'','','','',776.000,'ADA',NULL,NULL),(362,4,'-8.18863','112.55561',NULL,NULL,NULL,NULL,NULL,NULL,7,NULL,37,86,'','','','',155710.000,'ADA',NULL,NULL),(363,4,'-8.18626','112.55785',NULL,NULL,NULL,NULL,NULL,NULL,7,NULL,41,111,'','','','',133080.000,'ADA',NULL,NULL),(364,3,'-7.653618','110.786111',NULL,NULL,NULL,NULL,NULL,NULL,16,NULL,101,289,'','','','',894.000,'ADA',NULL,NULL),(365,1,'-7.861199','110.932107',NULL,NULL,NULL,NULL,NULL,NULL,19,NULL,108,332,'','','','',1833000.000,'ADA',NULL,NULL),(366,4,'-8.17961','112.55909',NULL,NULL,NULL,NULL,NULL,NULL,7,NULL,41,111,'','','','',58575.000,'ADA',NULL,NULL),(367,4,'-8.18075','112.56129',NULL,NULL,NULL,NULL,NULL,NULL,7,NULL,41,111,'','','','',20880.000,'ADA',NULL,NULL),(368,3,'-7.653618','110.786111',NULL,NULL,NULL,NULL,NULL,NULL,16,NULL,101,289,'','','','',977.000,'ADA',NULL,NULL),(369,3,'-7.653618','110.786111',NULL,NULL,NULL,NULL,NULL,NULL,16,NULL,101,289,'','','','',1521.000,'ADA',NULL,NULL),(370,4,'-8.16778','112.56822',NULL,NULL,NULL,NULL,NULL,NULL,7,NULL,36,112,'','','','',73390.000,'ADA',NULL,NULL),(371,3,'-7.653618','110.786111',NULL,NULL,NULL,NULL,NULL,NULL,16,NULL,101,289,'','','','',3905.000,'ADA',NULL,NULL),(372,1,'-7.861199','110.932107',NULL,NULL,NULL,NULL,NULL,NULL,19,NULL,108,332,'','','','',7.200,'ADA',NULL,NULL),(373,3,'-7.653618','110.786111',NULL,NULL,NULL,NULL,NULL,NULL,16,NULL,101,289,'','','','',869.000,'ADA',NULL,NULL),(374,4,'-8.16736','112.5687',NULL,NULL,NULL,NULL,NULL,NULL,7,NULL,36,112,'','','','',26120.000,'ADA',NULL,NULL),(375,3,'-7.653618','110.786111',NULL,NULL,NULL,NULL,NULL,NULL,16,NULL,101,289,'','','','',28.000,'ADA',NULL,NULL),(376,4,'-8.17856','112.55854',NULL,NULL,NULL,NULL,NULL,NULL,7,NULL,36,112,'','','','',32885.000,'ADA',NULL,NULL),(377,1,'-7.861199','110.932107',NULL,NULL,NULL,NULL,NULL,NULL,19,NULL,108,332,'','','','',5.200,'ADA',NULL,NULL),(378,3,'-7.653618','110.786111',NULL,NULL,NULL,NULL,NULL,NULL,16,NULL,101,289,'','','','',276.000,'ADA',NULL,NULL),(379,4,'-8.17935','112.55904',NULL,NULL,NULL,NULL,NULL,NULL,7,NULL,41,113,'','','','',1904.000,'ADA',NULL,NULL),(380,3,'-7.653618','110.786111',NULL,NULL,NULL,NULL,NULL,NULL,16,NULL,101,289,'','','','',276.000,'ADA',NULL,NULL),(381,1,'-7.861199','110.932107',NULL,NULL,NULL,NULL,NULL,NULL,19,NULL,108,332,'','','','',2.804,'ADA',NULL,NULL),(382,1,'-7.876083','110.930333',NULL,NULL,NULL,NULL,NULL,NULL,19,NULL,108,337,'Gn. Wd. Wonogiri','','','',4635500.000,'ADA',NULL,NULL),(383,2,'-7.766278','110.928278',NULL,NULL,NULL,NULL,NULL,NULL,18,NULL,102,290,'','','','',205478.000,'ADA',NULL,NULL),(384,4,'0','0',NULL,NULL,NULL,NULL,NULL,NULL,7,NULL,43,114,'','','','',3653.000,'ADA',NULL,NULL),(385,4,'-8.20248','112.56966',NULL,NULL,NULL,NULL,NULL,NULL,7,NULL,44,115,'','','','',18880.000,'ADA',NULL,NULL),(386,2,'-7.766278','110.928278',NULL,NULL,NULL,NULL,NULL,NULL,18,NULL,102,290,'','','','',201927.000,'ADA',NULL,NULL),(387,1,'-7.9031','110.94185',NULL,NULL,NULL,NULL,NULL,NULL,19,NULL,108,333,'','','','',338.996,'ADA',NULL,NULL),(388,4,'-8.517874','112.55851',NULL,NULL,NULL,NULL,NULL,NULL,7,NULL,36,112,'','','','',22350.000,'ADA',NULL,NULL),(389,4,'-8.11765','112.75395',NULL,NULL,NULL,NULL,NULL,NULL,7,NULL,43,116,'','','','',18.000,'ADA',NULL,NULL),(390,1,'-7.861487','110.962209',NULL,NULL,NULL,NULL,NULL,NULL,19,NULL,108,334,'Gn. Wd. Wonogiri','','','',587.600,'ADA',NULL,NULL),(391,2,'0','0',NULL,NULL,NULL,NULL,NULL,NULL,18,NULL,102,291,'','','','',33889.000,'ADA',NULL,NULL),(392,2,'0','0',NULL,NULL,NULL,NULL,NULL,NULL,18,NULL,102,291,'','','','',131219.000,'ADA',NULL,NULL),(393,1,'-7.924017','110.950183',NULL,NULL,NULL,NULL,NULL,NULL,19,NULL,108,335,'Gn. Wd. Wonogiri','','','',646.000,'ADA',NULL,NULL),(394,2,'0','0',NULL,NULL,NULL,NULL,NULL,NULL,18,NULL,102,291,'','','','',78574.000,'ADA',NULL,NULL),(395,2,'-7.754338','110.912722',NULL,NULL,NULL,NULL,NULL,NULL,18,NULL,102,291,'','','','',133281.000,'ADA',NULL,NULL),(396,1,'-7.924017','110.950183',NULL,NULL,NULL,NULL,NULL,NULL,19,NULL,108,335,'','','','',967.714,'ADA',NULL,NULL),(397,2,'-7.754338','110.912722',NULL,NULL,NULL,NULL,NULL,NULL,18,NULL,102,291,'','','','',79762.000,'ADA',NULL,NULL),(398,2,'0','0',NULL,NULL,NULL,NULL,NULL,NULL,18,NULL,102,291,'','','','',90414.000,'ADA',NULL,NULL),(399,1,'-7.871367','110.932467',NULL,NULL,NULL,NULL,NULL,NULL,19,NULL,108,336,'Gn. Wd. Wonogiri','','','',4601000.000,'ADA',NULL,NULL),(400,2,'0','0',NULL,NULL,NULL,NULL,NULL,NULL,18,NULL,102,291,'','','','',129086.000,'ADA',NULL,NULL),(401,2,'-7.600449','110.864023',NULL,NULL,NULL,NULL,NULL,NULL,18,NULL,103,292,'','','','',17232.000,'ADA',NULL,NULL),(402,2,'-7.673467','110.807867',NULL,NULL,NULL,NULL,NULL,NULL,18,NULL,104,293,'','','','',3535.000,'ADA',NULL,NULL),(403,1,'-7.9031','110.94185',NULL,NULL,NULL,NULL,NULL,NULL,19,NULL,108,333,'Gn. Wd. Wonogiri','','','',22.350,'TIDAK',NULL,NULL),(404,4,'-8.22098','112.60111',NULL,NULL,NULL,NULL,NULL,NULL,7,NULL,41,526,'','','','',7190.000,'ADA',NULL,NULL),(405,2,'-7.43147','110.51508',NULL,NULL,NULL,NULL,NULL,NULL,18,NULL,102,294,'','','','',2115.000,'ADA',NULL,NULL),(406,5,'0','0',NULL,NULL,NULL,NULL,NULL,NULL,7,NULL,35,92,'','','','',4010.000,'ADA',NULL,NULL),(407,2,'-7.677','110.828944',NULL,NULL,NULL,NULL,NULL,NULL,18,NULL,105,296,'','','','',1254.000,'ADA',NULL,NULL),(408,5,'0','0',NULL,NULL,NULL,NULL,NULL,NULL,7,NULL,35,92,'','','','',4066.000,'ADA',NULL,NULL),(409,2,'-7.4414','110.5288',NULL,NULL,NULL,NULL,NULL,NULL,18,NULL,102,295,'','','','',2588.000,'ADA',NULL,NULL),(410,5,'0','0',NULL,NULL,NULL,NULL,NULL,NULL,7,NULL,35,92,'','','','',4144.000,'ADA',NULL,NULL),(411,5,'0','0',NULL,NULL,NULL,NULL,NULL,NULL,7,NULL,35,92,'','','','',4420.000,'ADA',NULL,NULL),(412,2,'-7.6458','110.8085',NULL,NULL,NULL,NULL,NULL,NULL,18,NULL,105,297,'','','','',3307.000,'ADA',NULL,NULL),(413,5,'0','0',NULL,NULL,NULL,NULL,NULL,NULL,7,NULL,35,92,'','','','',6331.000,'ADA',NULL,NULL),(414,5,'0','0',NULL,NULL,NULL,NULL,NULL,NULL,7,NULL,35,92,'','','','',6340.000,'ADA',NULL,NULL),(415,2,'-7.6822','110.820267',NULL,NULL,NULL,NULL,NULL,NULL,18,NULL,105,298,'','','','',2978.000,'ADA',NULL,NULL),(416,5,'0','0',NULL,NULL,NULL,NULL,NULL,NULL,7,NULL,35,92,'','','','',240.000,'ADA',NULL,NULL),(417,5,'0','0',NULL,NULL,NULL,NULL,NULL,NULL,7,NULL,35,92,'','','','',7240.000,'ADA',NULL,NULL),(418,5,'0','0',NULL,NULL,NULL,NULL,NULL,NULL,7,NULL,35,92,'','','','',8792.000,'ADA',NULL,NULL),(419,5,'0','0',NULL,NULL,NULL,NULL,NULL,NULL,7,NULL,35,92,'','','','',17220.000,'ADA',NULL,NULL),(420,5,'0','0',NULL,NULL,NULL,NULL,NULL,NULL,7,NULL,35,92,'','','','',19512.000,'ADA',NULL,NULL),(421,5,'0','0',NULL,NULL,NULL,NULL,NULL,NULL,7,NULL,35,92,'','','','',22680.000,'ADA',NULL,NULL),(422,5,'0','0',NULL,NULL,NULL,NULL,NULL,NULL,7,NULL,35,92,'','','','',24220.000,'ADA',NULL,NULL),(423,5,'0','0',NULL,NULL,NULL,NULL,NULL,NULL,7,NULL,35,92,'','','','',12480.000,'ADA',NULL,NULL),(424,5,'-7.876958','112.353198',NULL,NULL,NULL,NULL,NULL,NULL,7,NULL,40,104,'','','','',40590.000,'ADA',NULL,NULL),(425,1,'-7.9031','110.94185',NULL,NULL,NULL,NULL,NULL,NULL,19,NULL,108,333,'Genangan','Genangan','Genangan','Genangan',338.996,'ADA',NULL,NULL),(426,5,'-7.877381','112.352944',NULL,NULL,NULL,NULL,NULL,NULL,7,NULL,40,104,'','','','',22460.000,'ADA',NULL,NULL),(427,5,'-7.876057','112.352742',NULL,NULL,NULL,NULL,NULL,NULL,7,NULL,40,104,'','','','',4910.000,'ADA',NULL,NULL),(428,5,'-7.877259','112.352897',NULL,NULL,NULL,NULL,NULL,NULL,7,NULL,40,104,'','','','',2270.000,'ADA',NULL,NULL),(429,5,'-8.18605','112.55184',NULL,NULL,NULL,NULL,NULL,NULL,7,NULL,37,86,'','','','',9133.000,'ADA',NULL,NULL),(430,5,'-8.18297','112.54995',NULL,NULL,NULL,NULL,NULL,NULL,7,NULL,36,81,'','','','',180.000,'ADA',NULL,NULL),(431,1,'-7.861487','110.962209',NULL,NULL,NULL,NULL,NULL,NULL,19,NULL,108,338,'','','','',34.179,'TIDAK',NULL,NULL),(432,5,'0','0',NULL,NULL,NULL,NULL,NULL,NULL,7,NULL,35,92,'','','','',113460.000,'ADA',NULL,NULL),(433,5,'-8.197799','112.561731',NULL,NULL,NULL,NULL,NULL,NULL,7,NULL,36,117,'','','','',33990.000,'ADA',NULL,NULL),(434,5,'-8.186654','112.553683',NULL,NULL,NULL,NULL,NULL,NULL,7,NULL,37,86,'','','','',47976.000,'ADA',NULL,NULL),(435,5,'-8.196999','112.561364',NULL,NULL,NULL,NULL,NULL,NULL,7,NULL,36,117,'','','','',3865.000,'ADA',NULL,NULL),(436,6,'-7.885984','112.373883',NULL,NULL,NULL,NULL,NULL,NULL,7,NULL,40,118,'','','','',7543.000,'ADA',NULL,NULL),(437,1,'0','0',NULL,NULL,NULL,NULL,NULL,NULL,19,NULL,108,338,'','','','',27.599,'TIDAK',NULL,NULL),(438,6,'-7.881872','112.363181',NULL,NULL,NULL,NULL,NULL,NULL,7,NULL,40,103,'','','','',1420.000,'ADA',NULL,NULL),(439,6,'-7.881584','112.36197',NULL,NULL,NULL,NULL,NULL,NULL,7,NULL,40,103,'','','','',9020.000,'ADA',NULL,NULL),(440,6,'-7.882058','112.363852',NULL,NULL,NULL,NULL,NULL,NULL,7,NULL,40,103,'','','','',5650.000,'ADA',NULL,NULL),(441,6,'-7.882203','112.360653',NULL,NULL,NULL,NULL,NULL,NULL,7,NULL,40,104,'','','','',30578.000,'ADA',NULL,NULL),(442,6,'-7.885614','112.374135',NULL,NULL,NULL,NULL,NULL,NULL,7,NULL,40,120,'','','','',31590.000,'ADA',NULL,NULL),(443,1,'-7.84275','110.953817',NULL,NULL,NULL,NULL,NULL,NULL,19,NULL,109,339,'Genangan Wdk','Genangan Wdk','Genangan Wdk','Genangan Wdk',3701605.000,'ADA',NULL,NULL),(444,6,'-7.875922','112.355241',NULL,NULL,NULL,NULL,NULL,NULL,7,NULL,40,104,'','','','',3530.000,'ADA',NULL,NULL),(445,6,'-7.874005','112.354256',NULL,NULL,NULL,NULL,NULL,NULL,7,NULL,40,104,'','','','',2290.000,'ADA',NULL,NULL),(446,6,'-7.871693','112.355148',NULL,NULL,NULL,NULL,NULL,NULL,7,NULL,40,104,'','','','',22460.000,'ADA',NULL,NULL),(447,6,'-7.880328','112.360405',NULL,NULL,NULL,NULL,NULL,NULL,7,NULL,40,104,'','','','',15980.000,'ADA',NULL,NULL),(448,1,'-7.855722','110.910417',NULL,NULL,NULL,NULL,NULL,NULL,19,NULL,109,340,'','','','',2660000.000,'ADA',NULL,NULL),(449,7,'0','0',NULL,NULL,NULL,NULL,NULL,NULL,7,NULL,35,92,'','','','',6480.000,'ADA',NULL,NULL),(450,7,'0','0',NULL,NULL,NULL,NULL,NULL,NULL,7,NULL,35,92,'','','','',1990.000,'ADA',NULL,NULL),(451,1,'-7.830806','110.918528',NULL,NULL,NULL,NULL,NULL,NULL,19,NULL,109,341,'','','','',675.435,'ADA',NULL,NULL),(452,1,'-7.84275','110.953817',NULL,NULL,NULL,NULL,NULL,NULL,19,NULL,109,339,'Genangan Wdk Wonogiri','','','',27.768,'TIDAK',NULL,NULL),(453,1,'-7.84275','110.953817',NULL,NULL,NULL,NULL,NULL,NULL,19,NULL,109,339,'Genangan Wdk Wonogiri','','','',400.000,'TIDAK',NULL,NULL),(454,2,'-7.520912','112.60118',NULL,NULL,NULL,NULL,NULL,NULL,3,NULL,46,124,'','','','',12800.000,'ADA',NULL,NULL),(455,2,'-7.519417','112.613425',NULL,NULL,NULL,NULL,NULL,NULL,3,NULL,47,125,'','','','',22300.000,'ADA',NULL,NULL),(456,2,'-7.414378','112.476988',NULL,NULL,NULL,NULL,NULL,NULL,3,NULL,48,126,'','','','',13800.000,'ADA',NULL,NULL),(457,2,'-7.411297','112.472695',NULL,NULL,NULL,NULL,NULL,NULL,3,NULL,48,127,'','','','',67600.000,'ADA',NULL,NULL),(458,2,'-7.416683','112.465828',NULL,NULL,NULL,NULL,NULL,NULL,3,NULL,48,128,'','','','',48300.000,'TIDAK',NULL,NULL),(459,2,'-7.402225','112.445358',NULL,NULL,NULL,NULL,NULL,NULL,3,NULL,48,130,'','','','',18900.000,'TIDAK',NULL,NULL),(460,2,'-7.412287','112.430017',NULL,NULL,NULL,NULL,NULL,NULL,3,NULL,48,130,'','','','',49600.000,'TIDAK',NULL,NULL),(461,1,'-7.84275','110.953817',NULL,NULL,NULL,NULL,NULL,NULL,19,NULL,109,339,'Genangan Wdk Wonogiri','','','',364.235,'TIDAK',NULL,NULL),(462,2,'-7.4164','112.44387',NULL,NULL,NULL,NULL,NULL,NULL,3,NULL,48,132,'','','','',81000.000,'TIDAK',NULL,NULL),(463,2,'-7.436063','112.459717',NULL,NULL,NULL,NULL,NULL,NULL,3,NULL,48,133,'','','','',13600.000,'TIDAK',NULL,NULL),(464,1,'-7.855722','110.910417',NULL,NULL,NULL,NULL,NULL,NULL,19,NULL,109,340,'Genangan Wdk Wonogiri','','','',78.534,'TIDAK',NULL,NULL),(465,1,'-7.855722','110.910417',NULL,NULL,NULL,NULL,NULL,NULL,19,NULL,109,340,'','','','',196.622,'TIDAK',NULL,NULL),(466,1,'-7.800584','110.937749',NULL,NULL,NULL,NULL,NULL,NULL,19,NULL,109,342,'','','','',133.012,'TIDAK',NULL,NULL),(467,1,'-7.8034','110.93815',NULL,NULL,NULL,NULL,NULL,NULL,19,NULL,109,343,'','','','',52.259,'TIDAK',NULL,NULL),(468,1,'-7.830806','110.918528',NULL,NULL,NULL,NULL,NULL,NULL,19,NULL,109,344,'Pokoh','Genangan','Genangan','Genangan',26.514,'TIDAK',NULL,NULL),(469,1,'-7.975293','110.923327',NULL,NULL,NULL,NULL,NULL,NULL,19,NULL,106,299,'Gn. Wd. Wonogiri','','','',132000.000,'ADA',NULL,NULL),(470,1,'-7.996','110.893556',NULL,NULL,NULL,NULL,NULL,NULL,19,NULL,110,345,'','','','',2267600.000,'ADA',NULL,NULL),(471,1,'-7.936381','110.90587',NULL,NULL,NULL,NULL,NULL,NULL,19,NULL,106,300,'Gn. Wd. Wonogiri','','','',4208000.000,'ADA',NULL,NULL),(472,1,'-8.014056','110.868222',NULL,NULL,NULL,NULL,NULL,NULL,19,NULL,110,347,'','','','',606.500,'ADA',NULL,NULL),(473,1,'-7.973556','110.903694',NULL,NULL,NULL,NULL,NULL,NULL,19,NULL,106,301,'Gn. Wd. Wonogiri','Genangan','Genangan','Genangan',2178000.000,'ADA',NULL,NULL),(474,1,'-7.917694','110.9272',NULL,NULL,NULL,NULL,NULL,NULL,19,NULL,106,302,'Gn. Wd. Wonogiri','','','',4081000.000,'ADA',NULL,NULL),(475,1,'-8,006889','110,91175',NULL,NULL,NULL,NULL,NULL,NULL,19,NULL,110,346,'Genangan Wdk Wonogiri','','','',295.963,'TIDAK',NULL,NULL),(476,1,'-7.58216','110.057961',NULL,NULL,NULL,NULL,NULL,NULL,19,NULL,106,303,'Gn. Wd. Wonogiri','','','',97900.000,'ADA',NULL,NULL),(477,1,'-7.95775','110.9007',NULL,NULL,NULL,NULL,NULL,NULL,19,NULL,106,304,'Genangan','Genangan','Genangan','Genangan',3965500.000,'ADA',NULL,NULL),(478,1,'-8,014056','110,868222',NULL,NULL,NULL,NULL,NULL,NULL,19,NULL,110,347,'','','','',2.487,'TIDAK',NULL,NULL),(479,1,'-8,014056','110,868222',NULL,NULL,NULL,NULL,NULL,NULL,19,NULL,110,347,'','','','',4.606,'TIDAK',NULL,NULL),(480,1,'-7.932217','110.928983',NULL,NULL,NULL,NULL,NULL,NULL,19,NULL,106,305,'','','','',3230500.000,'ADA',NULL,NULL),(481,1,'-7.932217','110.928983',NULL,NULL,NULL,NULL,NULL,NULL,19,NULL,106,305,'','','','',3740.000,'ADA',NULL,NULL),(482,1,'-8,014056','110,868222',NULL,NULL,NULL,NULL,NULL,NULL,19,NULL,110,347,'','','','',5.390,'TIDAK',NULL,NULL),(483,1,'-7.932217','110.928983',NULL,NULL,NULL,NULL,NULL,NULL,19,NULL,106,305,'','','','',128320.000,'ADA',NULL,NULL),(484,1,'-8.014056','110.868222',NULL,NULL,NULL,NULL,NULL,NULL,19,NULL,110,347,'','','','',8.445,'TIDAK',NULL,NULL),(485,1,'-7.932217','110.928983',NULL,NULL,NULL,NULL,NULL,NULL,19,NULL,106,305,'','','','',2660.000,'ADA',NULL,NULL),(486,1,'-7,996','110,893556',NULL,NULL,NULL,NULL,NULL,NULL,19,NULL,110,345,'','','','',294.316,'TIDAK',NULL,NULL),(487,1,'0','0',NULL,NULL,NULL,NULL,NULL,NULL,19,NULL,106,305,'','','','',63340.000,'ADA',NULL,NULL),(488,1,'-7.932217','110.928983',NULL,NULL,NULL,NULL,NULL,NULL,19,NULL,106,305,'','','','',227940.000,'ADA',NULL,NULL),(489,1,'-7,995028','110,871972',NULL,NULL,NULL,NULL,NULL,NULL,19,NULL,111,348,'Genangan Wdk ','Genangan Wdk ','Genangan Wdk ','Genangan Wdk ',2020000.000,'ADA',NULL,NULL),(490,1,'-7.939683','110.950067',NULL,NULL,NULL,NULL,NULL,NULL,19,NULL,106,305,'','','','',41260.000,'ADA',NULL,NULL),(491,1,'-7.939683','110.950067',NULL,NULL,NULL,NULL,NULL,NULL,19,NULL,106,305,'','','','',60930.000,'ADA',NULL,NULL),(492,1,'-7.9525','110.922717',NULL,NULL,NULL,NULL,NULL,NULL,19,NULL,106,306,'Gn. Wd. Wonogiri','','','',6365.000,'ADA',NULL,NULL),(493,1,'-7.9525','110.922717',NULL,NULL,NULL,NULL,NULL,NULL,19,NULL,106,394,'Gn. Wd. Wonogiri','','','',15455.000,'ADA',NULL,NULL),(494,1,'-7.9525','110.922717',NULL,NULL,NULL,NULL,NULL,NULL,19,NULL,106,306,'Gn. Wd. Wonogiri','','','',1350.000,'ADA',NULL,NULL),(495,1,'-7.9525','110.922717',NULL,NULL,NULL,NULL,NULL,NULL,19,NULL,106,306,'Gn. Wd. Wonogiri','','','',102185.000,'ADA',NULL,NULL),(496,1,'-7.9525','110.922717',NULL,NULL,NULL,NULL,NULL,NULL,19,NULL,106,306,'','','','',11680.000,'ADA',NULL,NULL),(497,1,'-7.956972','110.874',NULL,NULL,NULL,NULL,NULL,NULL,19,NULL,111,349,'Genangan','Genangan','Genangan','Genangan',2818500.000,'ADA',NULL,NULL),(498,1,'-7.9525','110.922717',NULL,NULL,NULL,NULL,NULL,NULL,19,NULL,106,306,'','','','',27210.000,'ADA',NULL,NULL),(499,1,'-7.9525','110.922717',NULL,NULL,NULL,NULL,NULL,NULL,19,NULL,106,306,'','','','',760.000,'ADA',NULL,NULL),(500,1,'-7.9525','110.922717',NULL,NULL,NULL,NULL,NULL,NULL,19,NULL,106,306,'Genangan','Genangan','Genangan','Genangan',39560.000,'ADA',NULL,NULL),(501,1,'-7.963267','110.925183',NULL,NULL,NULL,NULL,NULL,NULL,19,NULL,106,307,'Gn. Wd. Wonogiri','','','',484000.000,'ADA',NULL,NULL),(502,1,'-7.963267','110.925183',NULL,NULL,NULL,NULL,NULL,NULL,19,NULL,106,307,'','','','',43352.000,'ADA',NULL,NULL),(503,1,'-7.963267','110.925183',NULL,NULL,NULL,NULL,NULL,NULL,19,NULL,106,307,'','','','',4307.000,'ADA',NULL,NULL),(504,1,'-7.963267','110.925183',NULL,NULL,NULL,NULL,NULL,NULL,19,NULL,106,307,'','','','',1050.000,'ADA',NULL,NULL),(505,1,'-8.014139','110.866167',NULL,NULL,NULL,NULL,NULL,NULL,19,NULL,111,350,'Genangan Wdk Wonogiri','','','',43.500,'ADA',NULL,NULL),(506,1,'-7.963267','110.925183',NULL,NULL,NULL,NULL,NULL,NULL,19,NULL,106,307,'','','','',3038.000,'ADA',NULL,NULL),(507,1,'-7.963267','110.925183',NULL,NULL,NULL,NULL,NULL,NULL,19,NULL,106,307,'','','','',1300.000,'ADA',NULL,NULL),(508,1,'-7.963267','110.925183',NULL,NULL,NULL,NULL,NULL,NULL,19,NULL,106,307,'','','','',4870.000,'ADA',NULL,NULL),(509,1,'-8.014139','110.866167',NULL,NULL,NULL,NULL,NULL,NULL,19,NULL,111,350,'','','','',5.040,'ADA',NULL,NULL),(510,1,'-7.963267','110.925183',NULL,NULL,NULL,NULL,NULL,NULL,19,NULL,106,307,'','','','',625.000,'ADA',NULL,NULL),(511,1,'-7.963267','110.925183',NULL,NULL,NULL,NULL,NULL,NULL,19,NULL,106,307,'','','','',4015.000,'ADA',NULL,NULL),(512,1,'-8.014139','110.866167',NULL,NULL,NULL,NULL,NULL,NULL,19,NULL,111,350,'','','','',1.485,'ADA',NULL,NULL),(513,1,'-7.963267','110.925183',NULL,NULL,NULL,NULL,NULL,NULL,19,NULL,106,307,'','','','',1555.000,'ADA',NULL,NULL),(514,1,'8.007417','110.925194',NULL,NULL,NULL,NULL,NULL,NULL,19,NULL,106,308,'Gn. Wd. Wonogiri','','','',493500.000,'ADA',NULL,NULL),(515,1,'-8.014139','110.866167',NULL,NULL,NULL,NULL,NULL,NULL,19,NULL,111,350,'','','','',9.315,'ADA',NULL,NULL),(516,1,'8.007417','110.925194',NULL,NULL,NULL,NULL,NULL,NULL,19,NULL,106,308,'','','','',6100.000,'ADA',NULL,NULL),(517,1,'8.007417','110.925194',NULL,NULL,NULL,NULL,NULL,NULL,19,NULL,106,308,'','','','',3200.000,'ADA',NULL,NULL),(518,1,'-8.014139','110.866167',NULL,NULL,NULL,NULL,NULL,NULL,19,NULL,111,350,'','','','',33.205,'ADA',NULL,NULL),(519,1,'8.007417','110.925194',NULL,NULL,NULL,NULL,NULL,NULL,19,NULL,106,308,'','','','',5400.000,'ADA',NULL,NULL),(520,1,'-8.014139','110.866167',NULL,NULL,NULL,NULL,NULL,NULL,19,NULL,111,350,'','','','',13.618,'ADA',NULL,NULL),(521,1,'8.007417','110.925194',NULL,NULL,NULL,NULL,NULL,NULL,19,NULL,106,308,'Genangan','Genangan','Genangan','Genangan',2400.000,'ADA',NULL,NULL),(522,1,'0','0',NULL,NULL,NULL,NULL,NULL,NULL,19,NULL,106,308,'','','','',1050.000,'ADA',NULL,NULL),(523,1,'8.007417','110.925194',NULL,NULL,NULL,NULL,NULL,NULL,19,NULL,106,308,'Genangan','Genangan','Genangan','Genangan',1600.000,'ADA',NULL,NULL),(524,1,'8.007417','110.925194',NULL,NULL,NULL,NULL,NULL,NULL,19,NULL,106,308,'','','','',37200.000,'ADA',NULL,NULL),(525,1,'-7.979278','110.863361',NULL,NULL,NULL,NULL,NULL,NULL,19,NULL,111,351,'','','','',271.000,'ADA',NULL,NULL),(526,1,'8.007417','110.925194',NULL,NULL,NULL,NULL,NULL,NULL,19,NULL,106,308,'Genangan','Genangan','Genangan','Genangan',406370.000,'ADA',NULL,NULL),(527,1,'-7.921883','110.92555',NULL,NULL,NULL,NULL,NULL,NULL,19,NULL,106,309,'Gn. Wd. Wonogiri','','','',1761000.000,'ADA',NULL,NULL),(528,1,'-7.979278','110.863361',NULL,NULL,NULL,NULL,NULL,NULL,19,NULL,111,351,'','','','',1.750,'ADA',NULL,NULL),(529,1,'-7.921883','110.92555',NULL,NULL,NULL,NULL,NULL,NULL,19,NULL,106,309,'','','','',12961.000,'ADA',NULL,NULL),(530,1,'-7.979278','110.863361',NULL,NULL,NULL,NULL,NULL,NULL,19,NULL,111,351,'','','','',1.700,'ADA',NULL,NULL),(531,1,'-7.921883','110.92555',NULL,NULL,NULL,NULL,NULL,NULL,19,NULL,106,309,'','','','',31597.000,'ADA',NULL,NULL),(532,1,'-7.979278','110.863361',NULL,NULL,NULL,NULL,NULL,NULL,19,NULL,111,351,'','','','',47.960,'ADA',NULL,NULL),(533,1,'-7.921883','110.92555',NULL,NULL,NULL,NULL,NULL,NULL,19,NULL,106,309,'','','','',36511.000,'ADA',NULL,NULL),(534,1,'-7.921883','110.92555',NULL,NULL,NULL,NULL,NULL,NULL,19,NULL,106,309,'','','','',4500.000,'ADA',NULL,NULL),(535,1,'-7.921883','110.92555',NULL,NULL,NULL,NULL,NULL,NULL,19,NULL,106,309,'','','','',22446.000,'',NULL,NULL),(536,1,'-7.921883','110.92555',NULL,NULL,NULL,NULL,NULL,NULL,19,NULL,106,309,'','','','',1500.000,'ADA',NULL,NULL),(537,1,'-7.921883','110.92555',NULL,NULL,NULL,NULL,NULL,NULL,19,NULL,106,309,'','','','',44081.000,'',NULL,NULL),(538,1,'-7.861199','110.932107',NULL,NULL,NULL,NULL,NULL,NULL,19,NULL,108,332,'','','','',15.203,'TIDAK',NULL,NULL),(539,1,'-7.915783','110.9412',NULL,NULL,NULL,NULL,NULL,NULL,19,NULL,108,329,'','','','',33.062,'TIDAK',NULL,NULL),(540,1,'-7.921883','110.92555',NULL,NULL,NULL,NULL,NULL,NULL,19,NULL,106,309,'','','','',16910.000,'ADA',NULL,NULL),(541,1,'-7.921883','110.92555',NULL,NULL,NULL,NULL,NULL,NULL,19,NULL,106,309,'','','','',4947.000,'ADA',NULL,NULL),(542,1,'-7.915783','110.9412',NULL,NULL,NULL,NULL,NULL,NULL,19,NULL,108,329,'','','','',159.238,'TIDAK',NULL,NULL),(543,1,'-7.921883','110.92555',NULL,NULL,NULL,NULL,NULL,NULL,19,NULL,106,309,'','','','',175134.000,'ADA',NULL,NULL),(544,1,'-7.921883','110.92555',NULL,NULL,NULL,NULL,NULL,NULL,19,NULL,106,309,'','','','',41840.000,'ADA',NULL,NULL),(545,1,'-7.974056','110.921222',NULL,NULL,NULL,NULL,NULL,NULL,19,NULL,106,310,'Gn. Wd. Wonogiri','','','',524000.000,'ADA',NULL,NULL),(546,1,'-7.979278','110.863361',NULL,NULL,NULL,NULL,NULL,NULL,19,NULL,111,351,'','','','',5.825,'ADA',NULL,NULL),(547,1,'-7.974056','110.921222',NULL,NULL,NULL,NULL,NULL,NULL,19,NULL,106,310,'Gn. Wd. Wonogiri','','','',12245.000,'ADA',NULL,NULL),(548,1,'-7.974056','110.921222',NULL,NULL,NULL,NULL,NULL,NULL,19,NULL,106,310,'Gn. Wd. Wonogiri','Genangan','Genangan','Genangan',69965.000,'ADA',NULL,NULL),(549,1,'-7.979278','110.863361',NULL,NULL,NULL,NULL,NULL,NULL,19,NULL,111,351,'','','','',41.160,'ADA',NULL,NULL),(550,1,'-7.974056','110.921222',NULL,NULL,NULL,NULL,NULL,NULL,19,NULL,106,310,'Gn. Wd. Wonogiri','','','',21045.000,'ADA',NULL,NULL),(551,1,'-7.979278','110.863361',NULL,NULL,NULL,NULL,NULL,NULL,19,NULL,111,351,'Genangan Wd Wonogiri','','','',17.590,'ADA',NULL,NULL),(552,1,'-7.974056','110.921222',NULL,NULL,NULL,NULL,NULL,NULL,19,NULL,106,310,'Gn. Wd. Wonogiri','','','',11052.000,'ADA',NULL,NULL),(553,1,'-7.979278','110.863361',NULL,NULL,NULL,NULL,NULL,NULL,19,NULL,111,351,'','','','',112.860,'ADA',NULL,NULL),(554,1,'-7.974056','110.921222',NULL,NULL,NULL,NULL,NULL,NULL,19,NULL,106,310,'Gn. Wd. Wonogiri','','','',2390.000,'ADA',NULL,NULL),(555,1,'-7.974056','110.921222',NULL,NULL,NULL,NULL,NULL,NULL,19,NULL,106,310,'Gn. Wd. Wonogiri','','','',16355.000,'ADA',NULL,NULL),(556,1,'-7.979278','110.863361',NULL,NULL,NULL,NULL,NULL,NULL,19,NULL,111,351,'Genangan Wd Wonogiri','','','',5.875,'ADA',NULL,NULL),(557,1,'-7.942167','110.96545',NULL,NULL,NULL,NULL,NULL,NULL,19,NULL,106,311,'Gn. Wd. Wonogiri','','','',581000.000,'ADA',NULL,NULL),(558,1,'-7.942167','110.96545',NULL,NULL,NULL,NULL,NULL,NULL,19,NULL,106,311,'','','','',85984.000,'ADA',NULL,NULL),(559,1,'-7.942167','110.96545',NULL,NULL,NULL,NULL,NULL,NULL,19,NULL,106,311,'','','','',20240.000,'ADA',NULL,NULL),(560,1,'-8.006889','110.91175',NULL,NULL,NULL,NULL,NULL,NULL,19,NULL,110,346,'','','','',830.500,'ADA',NULL,NULL),(561,1,'-7.942167','110.96545',NULL,NULL,NULL,NULL,NULL,NULL,19,NULL,106,311,'Genangan','Genangan','Genangan','Genangan',20902.000,'ADA',NULL,NULL),(562,1,'-7.942167','110.96545',NULL,NULL,NULL,NULL,NULL,NULL,19,NULL,106,311,'','','','',6240.000,'',NULL,NULL),(563,1,'-7.942167','110.96545',NULL,NULL,NULL,NULL,NULL,NULL,19,NULL,106,311,'','','','',24258.000,'',NULL,NULL),(564,1,'-7.942167','110.96545',NULL,NULL,NULL,NULL,NULL,NULL,19,NULL,106,311,'','','','',1100.000,'ADA',NULL,NULL),(565,1,'-7.979278','110.863361',NULL,NULL,NULL,NULL,NULL,NULL,19,NULL,111,351,'Genangan Wd Wonogiri','','','',62.000,'ADA',NULL,NULL),(566,1,'-7.967583','110.87475',NULL,NULL,NULL,NULL,NULL,NULL,19,NULL,111,352,'','','','',3412000.000,'ADA',NULL,NULL),(567,1,'-7.967583','110.87475',NULL,NULL,NULL,NULL,NULL,NULL,19,NULL,111,352,'Genangan','Genangan','','Genangan',22.670,'ADA',NULL,NULL),(568,1,'-7.995028','110,871972',NULL,NULL,NULL,NULL,NULL,NULL,19,NULL,111,348,'','','','',164.875,'TIDAK',NULL,NULL),(569,1,'-7.956972','110.874',NULL,NULL,NULL,NULL,NULL,NULL,19,NULL,111,551,'','','','',296.720,'TIDAK',NULL,NULL),(570,1,'-7.968306','110.878444',NULL,NULL,NULL,NULL,NULL,NULL,19,NULL,111,353,'','','','',69.080,'TIDAK',NULL,NULL),(571,1,'-7.942167','110.96545',NULL,NULL,NULL,NULL,NULL,NULL,19,NULL,106,311,'','','','',2040.000,'ADA',NULL,NULL),(572,1,'-7.942167','110.96545',NULL,NULL,NULL,NULL,NULL,NULL,19,NULL,106,311,'','','','',28990.000,'ADA',NULL,NULL),(573,1,'-7.942167','110.96545',NULL,NULL,NULL,NULL,NULL,NULL,19,NULL,106,311,'','','','',1200.000,'ADA',NULL,NULL),(574,1,'-7.942167','110.96545',NULL,NULL,NULL,NULL,NULL,NULL,19,NULL,106,311,'','','','',19400.000,'ADA',NULL,NULL),(575,1,'-7.942167','110.96545',NULL,NULL,NULL,NULL,NULL,NULL,19,NULL,106,311,'','','','',154693.000,'ADA',NULL,NULL),(576,1,'-7.96555','110.902361',NULL,NULL,NULL,NULL,NULL,NULL,19,NULL,106,312,'','','','',2636500.000,'ADA',NULL,NULL),(577,1,'-7.975293','110.923327',NULL,NULL,NULL,NULL,NULL,NULL,19,NULL,106,299,'','','','',70796.000,'TIDAK',NULL,NULL),(578,1,'-7.974056','110.921222',NULL,NULL,NULL,NULL,NULL,NULL,19,NULL,106,310,'','','','',20431.000,'TIDAK',NULL,NULL),(579,1,'-7.973556','110.903694',NULL,NULL,NULL,NULL,NULL,NULL,19,NULL,106,301,'','','','',377248.000,'TIDAK',NULL,NULL),(580,1,'-7.96555','110.902361',NULL,NULL,NULL,NULL,NULL,NULL,19,NULL,106,312,'','','','',142777.000,'TIDAK',NULL,NULL),(581,1,'-7.939683','110.950067',NULL,NULL,NULL,NULL,NULL,NULL,19,NULL,106,305,'','','','',30363.000,'TIDAK',NULL,NULL),(582,1,'0','0',NULL,NULL,NULL,NULL,NULL,NULL,19,NULL,106,305,'','','','',32819.000,'TIDAK',NULL,NULL),(583,1,'-7.942167','110.96545',NULL,NULL,NULL,NULL,NULL,NULL,NULL,NULL,106,311,'','','','',1045.000,'ADA',NULL,NULL),(584,1,'-7.963267','110.925183',NULL,NULL,NULL,NULL,NULL,NULL,19,NULL,106,307,'','','','',2740.000,'TIDAK',NULL,NULL),(585,1,'-7.963267','110.925183',NULL,NULL,NULL,NULL,NULL,NULL,19,NULL,106,307,'','','','',226044.000,'TIDAK',NULL,NULL),(586,1,'-7.58216','110.5606',NULL,NULL,NULL,NULL,NULL,NULL,19,NULL,106,303,'','','','',57900.000,'TIDAK',NULL,NULL),(587,1,'-7.90125','110.864972',NULL,NULL,NULL,NULL,NULL,NULL,19,NULL,107,314,'','','','',26164.000,'ADA',NULL,NULL),(588,1,'-7.90125','110.864972',NULL,NULL,NULL,NULL,NULL,NULL,19,NULL,107,314,'','','','',3785000.000,'ADA',NULL,NULL),(589,1,'-7.872944','110.890583',NULL,NULL,NULL,NULL,NULL,NULL,19,NULL,107,315,'','','','',2396000.000,'ADA',NULL,NULL),(590,1,'-7.879806','110.881417',NULL,NULL,NULL,NULL,NULL,NULL,19,NULL,107,316,'','','','',5166000.000,'ADA',NULL,NULL),(591,1,'0','0',NULL,NULL,NULL,NULL,NULL,NULL,19,NULL,107,316,'','','','',20965.000,'ADA',NULL,NULL),(592,1,'-7.879806','110.881417',NULL,NULL,NULL,NULL,NULL,NULL,19,NULL,107,316,'Genangan','Genangan','Genangan','Genangan',18760.000,'ADA',NULL,NULL),(593,1,'0','0',NULL,NULL,NULL,NULL,NULL,NULL,19,NULL,107,317,'','','','',3595000.000,'ADA',NULL,NULL),(594,1,'-7.906701','110.886809',NULL,NULL,NULL,NULL,NULL,NULL,19,NULL,107,318,'','','','',5021500.000,'ADA',NULL,NULL),(595,1,'-7.913503','110.884321',NULL,NULL,NULL,NULL,NULL,NULL,19,NULL,107,319,'','','','',5001000.000,'',NULL,NULL),(596,1,'-7.924306','110.853167',NULL,NULL,NULL,NULL,NULL,NULL,19,NULL,107,320,'','','','',14530.000,'ADA',NULL,NULL),(597,1,'-7.924306','110.853167',NULL,NULL,NULL,NULL,NULL,NULL,19,NULL,107,320,'Genangan','Genangan Wdk','Genangan Wdk','Gn. Wd. Wonogiri',356000.000,'ADA',NULL,NULL),(598,1,'0','0',NULL,NULL,NULL,NULL,NULL,NULL,19,NULL,107,321,'','','','',19224.000,'ADA',NULL,NULL),(599,1,'-7.905335','110.853244',NULL,NULL,NULL,NULL,NULL,NULL,19,NULL,107,322,'','','','',514000.000,'ADA',NULL,NULL),(600,1,'-7.923611','110.84875',NULL,NULL,NULL,NULL,NULL,NULL,19,NULL,107,323,'Genangan','Genangan','Genangan','Genangan',36309.000,'',NULL,NULL),(601,1,'-7.923611','110.84875',NULL,NULL,NULL,NULL,NULL,NULL,19,NULL,107,323,'Gn. Wd. Wonogiri','Gn. Wd. Wonogiri','Gn. Wd. Wonogiri','Gn. Wd. Wonogiri',7380.000,'ADA',NULL,NULL),(602,1,'-7.923611','110.84875',NULL,NULL,NULL,NULL,NULL,NULL,19,NULL,107,323,'Gn. Wd. Wonogiri','Gn. Wd. Wonogiri','Gn. Wd. Wonogiri','',23730.000,'ADA',NULL,NULL),(603,1,'-7.923611','110.84875',NULL,NULL,NULL,NULL,NULL,NULL,19,NULL,107,323,'Genangan','Genangan','Genangan','Genangan',3895.000,'ADA',NULL,NULL),(604,1,'-7.872944','110.890583',NULL,NULL,NULL,NULL,NULL,NULL,19,NULL,107,315,'','','','',39950.000,'TIDAK',NULL,NULL),(605,1,'-7.872944','110.890583',NULL,NULL,NULL,NULL,NULL,NULL,19,NULL,107,315,'','','','',86585.000,'TIDAK',NULL,NULL),(606,1,'-7.905335','110.853244',NULL,NULL,NULL,NULL,NULL,NULL,19,NULL,107,321,'','','','',4194.000,'TIDAK',NULL,NULL),(607,1,'-7.905335','110.853244',NULL,NULL,NULL,NULL,NULL,NULL,19,NULL,107,321,'','','','',695639.000,'TIDAK',NULL,NULL),(608,1,'-7.924306','110.853167',NULL,NULL,NULL,NULL,NULL,NULL,19,NULL,107,324,'','','','',394706.000,'TIDAK',NULL,NULL),(609,1,'-7.924306','110.853167',NULL,NULL,NULL,NULL,NULL,NULL,19,NULL,107,325,'','','','',1015.000,'TIDAK',NULL,NULL),(610,1,'-7.90125','110.864972',NULL,NULL,NULL,NULL,NULL,NULL,19,NULL,107,314,'','','','',29353.000,'TIDAK',NULL,NULL),(611,1,'-7.90125','110.864972',NULL,NULL,NULL,NULL,NULL,NULL,19,NULL,107,314,'','','','',289659.000,'TIDAK',NULL,NULL),(612,1,'-7.923611','110.84875',NULL,NULL,NULL,NULL,NULL,NULL,19,NULL,107,553,'','','','',13049.000,'TIDAK',NULL,NULL),(613,1,'-7.923611','110.84875',NULL,NULL,NULL,NULL,NULL,NULL,19,NULL,107,553,'','','','',33450.000,'TIDAK',NULL,NULL),(614,1,'-7.918889','110.863833',NULL,NULL,NULL,NULL,NULL,NULL,19,NULL,107,326,'','','','',815.000,'ADA',NULL,NULL),(615,1,'-7.950806','110.818222',NULL,NULL,NULL,NULL,NULL,NULL,19,NULL,107,327,'','','','',23400.000,'TIDAK',NULL,NULL),(616,1,'-7.903155','110.941874',NULL,NULL,NULL,NULL,NULL,NULL,19,NULL,108,328,'','','','',3464500.000,'ADA',NULL,NULL),(617,1,'-7.903155','110.941874',NULL,NULL,NULL,NULL,NULL,NULL,19,NULL,108,328,'','','','',13815.000,'ADA',NULL,NULL),(618,1,'-7.903155','110.941874',NULL,NULL,NULL,NULL,NULL,NULL,19,NULL,108,328,'','','','',36830.000,'ADA',NULL,NULL),(619,1,'-7.903155','110.941874',NULL,NULL,NULL,NULL,NULL,NULL,19,NULL,108,328,'','','','',10236.000,'ADA',NULL,NULL),(620,1,'-7.903155','110.941874',NULL,NULL,NULL,NULL,NULL,NULL,19,NULL,108,328,'','','','',1720.000,'ADA',NULL,NULL),(621,1,'-7.903155','110.941874',NULL,NULL,NULL,NULL,NULL,NULL,19,NULL,108,328,'','','','',24405.000,'ADA',NULL,NULL),(622,1,'-7.915783','110.9412',NULL,NULL,NULL,NULL,NULL,NULL,19,NULL,108,329,'Gn. Wd. Wonogiri','','','',366000.000,'ADA',NULL,NULL),(623,7,'0','0',NULL,NULL,NULL,NULL,NULL,NULL,7,NULL,35,552,'','','','',395.000,'ADA',NULL,NULL),(624,7,'0','0',NULL,NULL,NULL,NULL,NULL,NULL,7,NULL,35,552,'','','','',450.000,'ADA',NULL,NULL),(625,1,'-7.915783','110.9412',NULL,NULL,NULL,NULL,NULL,NULL,19,NULL,108,329,'','','','',150303.000,'ADA',NULL,NULL),(626,7,'0','0',NULL,NULL,NULL,NULL,NULL,NULL,7,NULL,35,552,'','','','',9110.000,'ADA',NULL,NULL),(627,1,'-7.915783','110.9412',NULL,NULL,NULL,NULL,NULL,NULL,19,NULL,108,329,'','','','',8935.000,'ADA',NULL,NULL),(628,7,'0','0',NULL,NULL,NULL,NULL,NULL,NULL,7,NULL,35,552,'','','','',9321.000,'ADA',NULL,NULL),(629,7,'0','0',NULL,NULL,NULL,NULL,NULL,NULL,7,NULL,35,552,'','','','',63232.000,'ADA',NULL,NULL),(630,1,'-7.90135','110.93335',NULL,NULL,NULL,NULL,NULL,NULL,19,NULL,108,330,'Gn. Wd. Wonogiri','','','',2182000.000,'ADA',NULL,NULL),(631,7,'0','0',NULL,NULL,NULL,NULL,NULL,NULL,7,NULL,35,92,'','','','',1010.000,'ADA',NULL,NULL),(632,1,'-7.90135','110.93335',NULL,NULL,NULL,NULL,NULL,NULL,19,NULL,108,330,'','','','',9000.000,'ADA',NULL,NULL),(633,7,'0','0',NULL,NULL,NULL,NULL,NULL,NULL,7,NULL,35,92,'','','','',1080.000,'ADA',NULL,NULL),(634,1,'-7.90135','110.93335',NULL,NULL,NULL,NULL,NULL,NULL,19,NULL,108,330,'','','','',9600.000,'ADA',NULL,NULL),(635,7,'0','0',NULL,NULL,NULL,NULL,NULL,NULL,7,NULL,35,92,'','','','',9383.000,'ADA',NULL,NULL),(636,1,'-7.90135','110.93335',NULL,NULL,NULL,NULL,NULL,NULL,19,NULL,108,330,'','','','',5200.000,'ADA',NULL,NULL),(637,7,'0','0',NULL,NULL,NULL,NULL,NULL,NULL,7,NULL,35,92,'','','','',12310.000,'ADA',NULL,NULL),(638,1,'-7.90135','110.93335',NULL,NULL,NULL,NULL,NULL,NULL,19,NULL,108,330,'','','','',16800.000,'ADA',NULL,NULL),(639,1,'-7.90135','110.93335',NULL,NULL,NULL,NULL,NULL,NULL,19,NULL,108,330,'','','','',9925.000,'ADA',NULL,NULL),(640,1,'-7.90135','110.93335',NULL,NULL,NULL,NULL,NULL,NULL,19,NULL,108,330,'','','','',33900.000,'ADA',NULL,NULL),(641,1,'-7.90135','110.93335',NULL,NULL,NULL,NULL,NULL,NULL,19,NULL,108,330,'','','','',6260.000,'ADA',NULL,NULL),(642,1,'-7.874223','110.916171',NULL,NULL,NULL,NULL,NULL,NULL,19,NULL,108,330,'','','','',5279500.000,'ADA',NULL,NULL),(643,1,'-7.874223','110.916171',NULL,NULL,NULL,NULL,NULL,NULL,19,NULL,108,330,'','','','',13450.000,'ADA',NULL,NULL),(644,1,'-7.874223','110.916171',NULL,NULL,NULL,NULL,NULL,NULL,19,NULL,108,330,'','','','',9950.000,'ADA',NULL,NULL),(645,7,'0','0',NULL,NULL,NULL,NULL,NULL,NULL,7,NULL,35,92,'','','','',13260.000,'ADA',NULL,NULL),(646,1,'-7.929783','110.962333',NULL,NULL,NULL,NULL,NULL,NULL,19,NULL,108,331,'','','','',401500.000,'ADA',NULL,NULL),(647,7,'0','0',NULL,NULL,NULL,NULL,NULL,NULL,7,NULL,35,92,'','','','',14280.000,'ADA',NULL,NULL),(648,1,'-7.929783','110.962333',NULL,NULL,NULL,NULL,NULL,NULL,19,NULL,108,331,'','','','',10264.000,'ADA',NULL,NULL),(649,1,'-7.929783','110.962333',NULL,NULL,NULL,NULL,NULL,NULL,19,NULL,108,331,'','','','',3435.000,'ADA',NULL,NULL),(650,7,'0','0',NULL,NULL,NULL,NULL,NULL,NULL,7,NULL,35,92,'','','','',19660.000,'ADA',NULL,NULL),(651,1,'-7.933933','110.968383',NULL,NULL,NULL,NULL,NULL,NULL,19,NULL,108,331,'','','','',80299.000,'ADA',NULL,NULL),(652,7,'0','0',NULL,NULL,NULL,NULL,NULL,NULL,7,NULL,35,92,'','','','',19760.000,'ADA',NULL,NULL),(653,7,'0','0',NULL,NULL,NULL,NULL,NULL,NULL,7,NULL,35,92,'','','','',20830.000,'ADA',NULL,NULL),(654,7,'0','0',NULL,NULL,NULL,NULL,NULL,NULL,7,NULL,35,92,'','','','',55900.000,'ADA',NULL,NULL),(655,7,'0','0',NULL,NULL,NULL,NULL,NULL,NULL,7,NULL,35,121,'','','','',74590.000,'ADA',NULL,NULL),(656,2,'-7.240485','112.738666',NULL,NULL,NULL,NULL,NULL,NULL,4,NULL,84,555,'','','','',20700.000,'TIDAK',NULL,NULL),(657,7,'-7.756966','112.527832',NULL,NULL,NULL,NULL,NULL,NULL,7,NULL,45,122,'','','','',109705.000,'ADA',NULL,NULL),(658,2,'0','0',NULL,NULL,NULL,NULL,NULL,NULL,4,NULL,85,556,'','','','',6800.000,'TIDAK',NULL,NULL),(659,1,'0','0',NULL,NULL,NULL,NULL,NULL,NULL,14,NULL,97,281,'','','','',48516.000,'ADA',NULL,NULL),(660,1,'0','0',NULL,NULL,NULL,NULL,NULL,NULL,14,NULL,97,281,'','','','',35132.000,'ADA',NULL,NULL),(661,1,'-7.95775','110.90077',NULL,NULL,NULL,NULL,NULL,NULL,19,NULL,106,557,'','','','',308069.000,'TIDAK',NULL,NULL),(662,2,'-7.25575','112.738624',NULL,NULL,NULL,NULL,NULL,NULL,4,NULL,81,554,'','','','',15230.000,'TIDAK',NULL,NULL),(663,20,'0','0',NULL,NULL,NULL,NULL,NULL,NULL,7,NULL,35,92,'','','','',264520.000,'ADA',NULL,NULL),(664,2,'-7.548866','112.123518',NULL,NULL,NULL,NULL,NULL,NULL,9,NULL,50,135,'','','','',5500.000,'ADA',NULL,NULL),(665,2,'-7.55173','112.119535',NULL,NULL,NULL,NULL,NULL,NULL,9,NULL,50,136,'','','','',4900.000,'ADA',NULL,NULL),(666,2,'-7.489576','112.169393',NULL,NULL,NULL,NULL,NULL,NULL,9,NULL,51,137,'','','','',18500.000,'ADA',NULL,NULL),(667,2,'0','0',NULL,NULL,NULL,NULL,NULL,NULL,11,NULL,78,230,'','','','',8395.000,'ADA',NULL,NULL),(668,2,'-7.704836','112.072455',NULL,NULL,NULL,NULL,NULL,NULL,9,NULL,52,138,'','','','',5000.000,'ADA',NULL,NULL),(669,2,'-7.502939','112.150966',NULL,NULL,NULL,NULL,NULL,NULL,9,NULL,51,139,'','','','',5100.000,'ADA',NULL,NULL),(670,2,'0','0',NULL,NULL,NULL,NULL,NULL,NULL,11,NULL,78,238,'','','','',14798.000,'ADA',NULL,NULL),(671,2,'-7.710033','112.066657',NULL,NULL,NULL,NULL,NULL,NULL,9,NULL,52,138,'','','','',47600.000,'ADA',NULL,NULL),(672,2,'-7.725148','112.026665',NULL,NULL,NULL,NULL,NULL,NULL,9,NULL,53,140,'','','','',23300.000,'ADA',NULL,NULL),(673,2,'-7.726402','112.025923',NULL,NULL,NULL,NULL,NULL,NULL,9,NULL,53,141,'','','','',10700.000,'ADA',NULL,NULL),(674,2,'-7.724538','112.027613',NULL,NULL,NULL,NULL,NULL,NULL,9,NULL,53,140,'','','','',6900.000,'ADA',NULL,NULL),(675,2,'-7.716069','112.663259',NULL,NULL,NULL,NULL,NULL,NULL,9,NULL,52,138,'','','','',9900.000,'ADA',NULL,NULL),(676,2,'-7.521448','112.121818',NULL,NULL,NULL,NULL,NULL,NULL,9,NULL,51,142,'','','','',39700.000,'ADA',NULL,NULL),(677,2,'-7.612228','112.102164',NULL,NULL,NULL,NULL,NULL,NULL,9,NULL,54,143,'','','','',3100.000,'ADA',NULL,NULL),(678,2,'-7.643243','112.096585',NULL,NULL,NULL,NULL,NULL,NULL,9,NULL,52,144,'','','','',21687.000,'ADA',NULL,NULL),(679,2,'-7.660823','112.083754',NULL,NULL,NULL,NULL,NULL,NULL,9,NULL,52,145,'','','','',2342.000,'ADA',NULL,NULL),(680,2,'-7.633701','112.099733',NULL,NULL,NULL,NULL,NULL,NULL,9,NULL,54,146,'','','','',1418.000,'ADA',NULL,NULL),(681,2,'0','0',NULL,NULL,NULL,NULL,NULL,NULL,9,NULL,55,147,'','','','',4607.000,'ADA',NULL,NULL),(682,2,'0','0',NULL,NULL,NULL,NULL,NULL,NULL,9,NULL,55,147,'','','','',1831.000,'ADA',NULL,NULL),(683,2,'-7.489343','112.169086',NULL,NULL,NULL,NULL,NULL,NULL,9,NULL,51,137,'','','','',1046.000,'ADA',NULL,NULL),(684,2,'-7.552762','112.11879',NULL,NULL,NULL,NULL,NULL,NULL,9,NULL,50,NULL,'','','','',308.000,'ADA',NULL,NULL),(685,2,'-7.738604','112.021514',NULL,NULL,NULL,NULL,NULL,NULL,9,NULL,53,148,'','','','',6900.000,'ADA',NULL,NULL),(686,2,'0','0',NULL,NULL,NULL,NULL,NULL,NULL,9,NULL,91,149,'','','','',900.000,'ADA',NULL,NULL),(687,2,'-7.521432','112.122084',NULL,NULL,NULL,NULL,NULL,NULL,9,NULL,51,150,'','','','',1456.000,'ADA',NULL,NULL),(688,2,'-7.502939','112.150966',NULL,NULL,NULL,NULL,NULL,NULL,9,NULL,51,64,'','','','',4237.000,'ADA',NULL,NULL),(689,2,'-7.524488','112.10897',NULL,NULL,NULL,NULL,NULL,NULL,9,NULL,51,151,'','','','',9512.000,'ADA',NULL,NULL),(690,2,'-7.521409','112.119955',NULL,NULL,NULL,NULL,NULL,NULL,9,NULL,51,142,'','','','',6351.000,'ADA',NULL,NULL),(691,2,'-7.535089','112.098809',NULL,NULL,NULL,NULL,NULL,NULL,9,NULL,56,152,'','','','',10420.000,'ADA',NULL,NULL),(692,2,'-7.523898','112.109896',NULL,NULL,NULL,NULL,NULL,NULL,9,NULL,51,151,'','','','',1459.000,'ADA',NULL,NULL),(693,2,'-7.534907','112.097755',NULL,NULL,NULL,NULL,NULL,NULL,9,NULL,56,152,'','','','',3518.000,'ADA',NULL,NULL),(694,2,'-7.536283','112.06457',NULL,NULL,NULL,NULL,NULL,NULL,9,NULL,56,153,'','','','',2409.000,'ADA',NULL,NULL),(695,2,'-7.6552233','111.9248048',NULL,NULL,NULL,NULL,NULL,NULL,9,NULL,57,154,'','','','',2450.000,'ADA',NULL,NULL),(696,2,'-7.53637','112.083703',NULL,NULL,NULL,NULL,NULL,NULL,9,NULL,50,155,'','','','',2524.000,'ADA',NULL,NULL),(697,2,'-7.536323','112.075538',NULL,NULL,NULL,NULL,NULL,NULL,9,NULL,56,156,'','','','',17742.000,'ADA',NULL,NULL),(698,2,'-7.525413','112.109834',NULL,NULL,NULL,NULL,NULL,NULL,9,NULL,50,157,'','','','',3567.000,'ADA',NULL,NULL),(699,2,'-7.535124','112.09719',NULL,NULL,NULL,NULL,NULL,NULL,9,NULL,56,152,'','','','',171.000,'ADA',NULL,NULL),(700,2,'-7.536688','112.074471',NULL,NULL,NULL,NULL,NULL,NULL,9,NULL,56,158,'','','','',1293.000,'ADA',NULL,NULL),(701,2,'-7.521033','112.118166',NULL,NULL,NULL,NULL,NULL,NULL,9,NULL,51,142,'','','','',17960.000,'ADA',NULL,NULL),(702,2,'-7.526714','112.108088',NULL,NULL,NULL,NULL,NULL,NULL,9,NULL,50,157,'','','','',12777.000,'ADA',NULL,NULL),(703,2,'-7.53679','112.064874',NULL,NULL,NULL,NULL,NULL,NULL,9,NULL,56,153,'','','','',7020.000,'ADA',NULL,NULL),(704,2,'-7.5373013','112.0407724',NULL,NULL,NULL,NULL,NULL,NULL,9,NULL,58,159,'','','','',17341.000,'ADA',NULL,NULL),(705,2,'0','0',NULL,NULL,NULL,NULL,NULL,NULL,9,NULL,58,161,'','','','',10773.000,'ADA',NULL,NULL),(706,2,'0','0',NULL,NULL,NULL,NULL,NULL,NULL,9,NULL,58,161,'','','','',3482.000,'ADA',NULL,NULL),(707,2,'-7.5814823','111.9790041',NULL,NULL,NULL,NULL,NULL,NULL,9,NULL,58,162,'','','','',12215.000,'ADA',NULL,NULL),(708,2,'-7.5419085','111.9929552',NULL,NULL,NULL,NULL,NULL,NULL,9,NULL,58,163,'','','','',6615.000,'ADA',NULL,NULL),(709,2,'-7.5701343','112.0006456',NULL,NULL,NULL,NULL,NULL,NULL,9,NULL,58,164,'','','','',14515.000,'',NULL,NULL),(710,2,'-7.569211','111.9978811',NULL,NULL,NULL,NULL,NULL,NULL,9,NULL,58,165,'','','','',4265.000,'ADA',NULL,NULL),(711,2,'-7.621064','111.972454',NULL,NULL,NULL,NULL,NULL,NULL,9,NULL,59,166,'','','','',8164.000,'ADA',NULL,NULL),(712,2,'-7.621064','111.972454',NULL,NULL,NULL,NULL,NULL,NULL,9,NULL,59,166,'','','','',124.000,'',NULL,NULL),(713,2,'-7.5590188','112.0253476',NULL,NULL,NULL,NULL,NULL,NULL,9,NULL,60,167,'','','','',19559.000,'ADA',NULL,NULL),(714,2,'-7.5675057','112.0167269',NULL,NULL,NULL,NULL,NULL,NULL,9,NULL,60,168,'','','','',74.000,'ADA',NULL,NULL),(715,2,'-7.5675057','112.0167269',NULL,NULL,NULL,NULL,NULL,NULL,9,NULL,60,168,'','','','',25.000,'ADA',NULL,NULL),(716,2,'-7.5620274','112.0195389',NULL,NULL,NULL,NULL,NULL,NULL,9,NULL,60,169,'','','','',2506.000,'ADA',NULL,NULL),(717,2,'-7.53619','112.06412',NULL,NULL,NULL,NULL,NULL,NULL,9,NULL,56,153,'','','','',3608.000,'ADA',NULL,NULL),(718,2,'-7.628421','111.972188',NULL,NULL,NULL,NULL,NULL,NULL,9,NULL,61,170,'','','','',3608.000,'ADA',NULL,NULL),(719,2,'-7.625012','111.972393',NULL,NULL,NULL,NULL,NULL,NULL,9,NULL,61,170,'','','','',2207.000,'ADA',NULL,NULL),(720,2,'-7.5701343','112.0006456',NULL,NULL,NULL,NULL,NULL,NULL,9,NULL,58,171,'','','','',1674.000,'ADA',NULL,NULL),(721,2,'-7.6132325','111.9783349',NULL,NULL,NULL,NULL,NULL,NULL,9,NULL,59,172,'','','','',900.000,'ADA',NULL,NULL),(722,2,'-7.571565','112.012689',NULL,NULL,NULL,NULL,NULL,NULL,9,NULL,61,173,'','','','',263200.000,'ADA',NULL,NULL),(723,2,'-7.654556','111.970419',NULL,NULL,NULL,NULL,NULL,NULL,9,NULL,61,174,'','','','',20800.000,'ADA',NULL,NULL),(724,2,'-7.639496','111.970031',NULL,NULL,NULL,NULL,NULL,NULL,9,NULL,61,175,'','','','',3800.000,'ADA',NULL,NULL),(725,2,'-7.633421','111.970667',NULL,NULL,NULL,NULL,NULL,NULL,9,NULL,61,176,'','','','',18600.000,'ADA',NULL,NULL),(726,2,'-7.645528','111.969909',NULL,NULL,NULL,NULL,NULL,NULL,9,NULL,61,177,'','','','',9100.000,'ADA',NULL,NULL),(727,2,'-7.589727','111.988882',NULL,NULL,NULL,NULL,NULL,NULL,9,NULL,61,178,'','','','',1400.000,'ADA',NULL,NULL),(728,2,'-7.595387','111.988544',NULL,NULL,NULL,NULL,NULL,NULL,9,NULL,61,178,'','','','',110700.000,'ADA',NULL,NULL),(729,2,'-7.537569','112.069745',NULL,NULL,NULL,NULL,NULL,NULL,9,NULL,59,179,'','','','',6800.000,'',NULL,NULL),(730,2,'-7.6050716','111.9853363',NULL,NULL,NULL,NULL,NULL,NULL,9,NULL,59,179,'','','','',59700.000,'ADA',NULL,NULL),(731,2,'-7.5620274','112.0195389',NULL,NULL,NULL,NULL,NULL,NULL,9,NULL,60,169,'','','','',82600.000,'ADA',NULL,NULL),(732,2,'-7.613566','111.980796',NULL,NULL,NULL,NULL,NULL,NULL,9,NULL,61,181,'','','','',142000.000,'ADA',NULL,NULL),(733,2,'-7.653212','111.970427',NULL,NULL,NULL,NULL,NULL,NULL,9,NULL,61,174,'','','','',300.000,'ADA',NULL,NULL),(734,2,'-7.538788','112.074201',NULL,NULL,NULL,NULL,NULL,NULL,9,NULL,50,156,'','','','',31700.000,'ADA',NULL,NULL),(735,2,'-7.53632','112.080265',NULL,NULL,NULL,NULL,NULL,NULL,9,NULL,50,155,'','','','',300.000,'ADA',NULL,NULL),(736,2,'-7.536618','112.079018',NULL,NULL,NULL,NULL,NULL,NULL,9,NULL,50,155,'','','','',100.000,'ADA',NULL,NULL),(737,2,'-7.537141','112.073932',NULL,NULL,NULL,NULL,NULL,NULL,9,NULL,56,158,'','','','',17200.000,'ADA',NULL,NULL),(738,2,'-7.537166','112.073218',NULL,NULL,NULL,NULL,NULL,NULL,9,NULL,56,158,'','','','',3400.000,'ADA',NULL,NULL),(739,2,'-7.539199','122.073802',NULL,NULL,NULL,NULL,NULL,NULL,9,NULL,50,156,'','','','',4400.000,'ADA',NULL,NULL),(740,2,'-7.528472','112.106419',NULL,NULL,NULL,NULL,NULL,NULL,9,NULL,50,157,'','','','',10900.000,'ADA',NULL,NULL),(741,2,'-7.574777','111.90536',NULL,NULL,NULL,NULL,NULL,NULL,9,NULL,92,184,'','','','',20800.000,'ADA',NULL,NULL),(742,2,'-7.581317','111.889904',NULL,NULL,NULL,NULL,NULL,NULL,9,NULL,62,185,'','','','',113500.000,'ADA',NULL,NULL),(743,2,'-7.581301','111.889465',NULL,NULL,NULL,NULL,NULL,NULL,9,NULL,62,186,'','','','',37400.000,'ADA',NULL,NULL),(744,2,'-7,592444','111.887608',NULL,NULL,NULL,NULL,NULL,NULL,9,NULL,62,187,'','','','',22300.000,'ADA',NULL,NULL),(745,2,'-7.593306','111.887898',NULL,NULL,NULL,NULL,NULL,NULL,9,NULL,92,188,'','','','',24800.000,'ADA',NULL,NULL),(746,2,'-7.59069','111.888449',NULL,NULL,NULL,NULL,NULL,NULL,9,NULL,92,189,'','','','',14900.000,'ADA',NULL,NULL),(747,2,'-7.589883','111.888594',NULL,NULL,NULL,NULL,NULL,NULL,9,NULL,92,190,'','','','',33400.000,'ADA',NULL,NULL),(748,2,'-7.548505','112.035962',NULL,NULL,NULL,NULL,NULL,NULL,9,NULL,56,NULL,'','','','',8500.000,'ADA',NULL,NULL),(749,2,'-7.5616521','112.0186648',NULL,NULL,NULL,NULL,NULL,NULL,9,NULL,58,160,'','','','',33600.000,'ADA',NULL,NULL),(750,2,'-7.569211','111.9978811',NULL,NULL,NULL,NULL,NULL,NULL,9,NULL,58,165,'','','','',13600.000,'ADA',NULL,NULL),(751,2,'-7.5719085','111.9929552',NULL,NULL,NULL,NULL,NULL,NULL,9,NULL,58,163,'','','','',2800.000,'ADA',NULL,NULL),(752,2,'-7.5814823','111.9790041',NULL,NULL,NULL,NULL,NULL,NULL,9,NULL,58,162,'','','','',1300.000,'ADA',NULL,NULL),(753,2,'-7.6050716','111.9853336',NULL,NULL,NULL,NULL,NULL,NULL,9,NULL,93,191,'','','','',400.000,'ADA',NULL,NULL),(754,2,'-7.694156','112.074152',NULL,NULL,NULL,NULL,NULL,NULL,9,NULL,50,157,'','','','',27700.000,'ADA',NULL,NULL),(755,2,'-7.647243','111.969955',NULL,NULL,NULL,NULL,NULL,NULL,9,NULL,61,177,'','','','',600.000,'ADA',NULL,NULL),(756,2,'-7.633981','111.970429',NULL,NULL,NULL,NULL,NULL,NULL,9,NULL,61,176,'','','','',11200.000,'ADA',NULL,NULL),(757,2,'-7.639362','111.969938',NULL,NULL,NULL,NULL,NULL,NULL,9,NULL,61,175,'','','','',100.000,'ADA',NULL,NULL),(758,2,'-7.651852','111.970435',NULL,NULL,NULL,NULL,NULL,NULL,9,NULL,61,174,'','','','',3600.000,'ADA',NULL,NULL),(759,2,'-7.576114','112.005205',NULL,NULL,NULL,NULL,NULL,NULL,9,NULL,61,173,'','','','',4000.000,'ADA',NULL,NULL),(760,1,'-7.538285','112.074267',NULL,NULL,NULL,NULL,NULL,NULL,9,NULL,50,156,'','','','',22800.000,'ADA',NULL,NULL),(761,2,'-7.5590188','112.0253476',NULL,NULL,NULL,NULL,NULL,NULL,9,NULL,60,167,'','','','',110.000,'ADA',NULL,NULL),(762,2,'-7.506222','112.149467',NULL,NULL,NULL,NULL,NULL,NULL,9,NULL,51,64,'','','','',2965.000,'ADA',NULL,NULL),(763,2,'-7.538719','112.074602',NULL,NULL,NULL,NULL,NULL,NULL,9,NULL,50,156,'','','','',226.000,'ADA',NULL,NULL),(764,2,'-7.570548','111.997082',NULL,NULL,NULL,NULL,NULL,NULL,9,NULL,61,173,'','','','',1612.000,'ADA',NULL,NULL),(765,2,'-7.579138','111.990791',NULL,NULL,NULL,NULL,NULL,NULL,9,NULL,61,173,'','','','',339.000,'ADA',NULL,NULL),(766,2,'-7.6050716','111.9853363',NULL,NULL,NULL,NULL,NULL,NULL,9,NULL,59,179,'','','','',1840.000,'ADA',NULL,NULL),(767,2,'-7.592838','111.887492',NULL,NULL,NULL,NULL,NULL,NULL,9,NULL,62,187,'','','','',1145.000,'ADA',NULL,NULL),(768,2,'-7.593162','111.887641',NULL,NULL,NULL,NULL,NULL,NULL,9,NULL,52,192,'','','','',8381.000,'',NULL,NULL),(769,2,'-7.600648','111.884376',NULL,NULL,NULL,NULL,NULL,NULL,9,NULL,92,193,'','','','',7156.000,'ADA',NULL,NULL),(770,2,'-7.600726','111.884417',NULL,NULL,NULL,NULL,NULL,NULL,9,NULL,92,193,'','','','',2218.000,'ADA',NULL,NULL),(771,2,'-7.590126','111.888603',NULL,NULL,NULL,NULL,NULL,NULL,9,NULL,92,190,'','','','',3715.000,'ADA',NULL,NULL),(772,2,'-7.537392','112.071773',NULL,NULL,NULL,NULL,NULL,NULL,9,NULL,56,158,'','','','',2997.000,'ADA',NULL,NULL),(773,2,'-7.600929','111.884363',NULL,NULL,NULL,NULL,NULL,NULL,9,NULL,92,193,'','','','',2218.000,'ADA',NULL,NULL),(774,2,'-7.601494','111.884117',NULL,NULL,NULL,NULL,NULL,NULL,9,NULL,92,194,'','','','',763.000,'ADA',NULL,NULL),(775,2,'-7.600458','111.884445',NULL,NULL,NULL,NULL,NULL,NULL,9,NULL,62,195,'','','','',4926.000,'ADA',NULL,NULL),(776,2,'-7.600487','111.884347',NULL,NULL,NULL,NULL,NULL,NULL,9,NULL,62,195,'','','','',1820.000,'ADA',NULL,NULL),(777,2,'-7.67208','112.079237',NULL,NULL,NULL,NULL,NULL,NULL,9,NULL,52,196,'','','','',2599.000,'ADA',NULL,NULL),(778,2,'-7.66311','112.082872',NULL,NULL,NULL,NULL,NULL,NULL,9,NULL,52,145,'','','','',1095.000,'ADA',NULL,NULL),(779,2,'-7.72107','112.061584',NULL,NULL,NULL,NULL,NULL,NULL,9,NULL,52,138,'','','','',9389.000,'ADA',NULL,NULL),(780,2,'-7.694156','-7.694156',NULL,NULL,NULL,NULL,NULL,NULL,9,NULL,52,197,'','','','',3983.000,'ADA',NULL,NULL),(781,2,'-7.740126','112.020566',NULL,NULL,NULL,NULL,NULL,NULL,9,NULL,53,198,'','','','',19610.000,'ADA',NULL,NULL),(782,2,'-7.693302','112.073923',NULL,NULL,NULL,NULL,NULL,NULL,9,NULL,52,197,'','','','',2640.000,'',NULL,NULL),(783,2,'-7.7087841','111.8377693',NULL,NULL,NULL,NULL,NULL,NULL,9,NULL,63,199,'','','','',23.000,'ADA',NULL,NULL),(784,2,'-7.7087841','111.8377693',NULL,NULL,NULL,NULL,NULL,NULL,9,NULL,63,199,'','','','',23.000,'ADA',NULL,NULL),(785,2,'0','0',NULL,NULL,NULL,NULL,NULL,NULL,9,NULL,NULL,NULL,'','','','',1187.000,'ADA',NULL,NULL),(786,2,'-7.551569','112.119656',NULL,NULL,NULL,NULL,NULL,NULL,9,NULL,NULL,NULL,'','','','',308.000,'ADA',NULL,NULL),(787,2,'0','0',NULL,NULL,NULL,NULL,NULL,NULL,13,NULL,64,201,'','','','',11500.000,'ADA',NULL,NULL),(788,2,'0','0',NULL,NULL,NULL,NULL,NULL,NULL,10,NULL,65,202,'','','','',23100.000,'TIDAK',NULL,NULL),(789,2,'-7.54465','112.72213',NULL,NULL,NULL,NULL,NULL,NULL,10,NULL,66,203,'','','','',40700.000,'TIDAK',NULL,NULL),(790,2,'-7.542258','112.763887',NULL,NULL,NULL,NULL,NULL,NULL,10,NULL,66,204,'','','','',80600.000,'TIDAK',NULL,NULL),(791,2,'-7.543363','112.75643',NULL,NULL,NULL,NULL,NULL,NULL,10,NULL,66,205,'','','','',36400.000,'ADA',NULL,NULL),(792,2,'-7.544092','112.762292',NULL,NULL,NULL,NULL,NULL,NULL,10,NULL,66,205,'','','','',80400.000,'TIDAK',NULL,NULL),(793,2,'-7.544267','112.708878',NULL,NULL,NULL,NULL,NULL,NULL,10,NULL,67,206,'','','','',53300.000,'TIDAK',NULL,NULL),(794,2,'-7.552403','112.66027',NULL,NULL,NULL,NULL,NULL,NULL,10,NULL,68,207,'','','','',4600.000,'TIDAK',NULL,NULL),(795,2,'-7.544203','112.74553',NULL,NULL,NULL,NULL,NULL,NULL,10,NULL,66,208,'','','','',17400.000,'TIDAK',NULL,NULL),(796,2,'-7.546295','112.721437',NULL,NULL,NULL,NULL,NULL,NULL,10,NULL,66,209,'','','','',9800.000,'TIDAK',NULL,NULL),(797,2,'-7.545775','112.709388',NULL,NULL,NULL,NULL,NULL,NULL,10,NULL,66,210,'','','','',8400.000,'TIDAK',NULL,NULL),(798,2,'-7.543228','112.704995',NULL,NULL,NULL,NULL,NULL,NULL,10,NULL,68,211,'','','','',6300.000,'TIDAK',NULL,NULL),(799,2,'-7.544653','112.719222',NULL,NULL,NULL,NULL,NULL,NULL,10,NULL,66,212,'','','','',47600.000,'TIDAK',NULL,NULL),(800,2,'-7.542537','112.74578',NULL,NULL,NULL,NULL,NULL,NULL,10,NULL,66,213,'','','','',119800.000,'TIDAK',NULL,NULL),(801,2,'-7.546233','122.68518',NULL,NULL,NULL,NULL,NULL,NULL,10,NULL,68,214,'','','','',3100.000,'TIDAK',NULL,NULL),(802,2,'-7.54248','112.808267',NULL,NULL,NULL,NULL,NULL,NULL,10,NULL,66,215,'','','','',69000.000,'TIDAK',NULL,NULL),(803,2,'0','0',NULL,NULL,NULL,NULL,NULL,NULL,9,NULL,94,200,'','','','',1187.000,'ADA',NULL,NULL),(804,2,'0','0',NULL,NULL,NULL,NULL,NULL,NULL,11,NULL,69,216,'','','','',400.000,'TIDAK',NULL,NULL),(805,2,'0','0',NULL,NULL,NULL,NULL,NULL,NULL,11,NULL,70,217,'','','','',90.000,'TIDAK',NULL,NULL),(806,2,'-7.551569','112.119656',NULL,NULL,NULL,NULL,NULL,NULL,9,NULL,94,200,'','','','',308.000,'',NULL,NULL),(807,2,'0','0',NULL,NULL,NULL,NULL,NULL,NULL,11,NULL,71,218,'','','','',2709.000,'ADA',NULL,NULL),(808,1,'-7.968306','110.878444',NULL,NULL,NULL,NULL,NULL,NULL,19,NULL,111,353,'','','','',21.561,'TIDAK',NULL,NULL),(809,1,'-7.968306','110.878444',NULL,NULL,NULL,NULL,NULL,NULL,19,NULL,111,353,'','','','',2009.000,'TIDAK',NULL,NULL),(810,1,'-7.924306','110.853167',NULL,NULL,NULL,NULL,NULL,NULL,19,NULL,111,354,'','','','',13.923,'TIDAK',NULL,NULL),(811,1,'-7.75695','110.887867',NULL,NULL,NULL,NULL,NULL,NULL,19,NULL,112,355,'','','','',379.147,'TIDAK',NULL,NULL),(812,8,'-7.830806','110.918528',NULL,NULL,NULL,NULL,NULL,NULL,19,NULL,109,341,'','','','',545.000,'ADA',NULL,NULL),(813,6,'-7924306','110.853167',NULL,NULL,NULL,NULL,NULL,NULL,19,NULL,109,341,'Pekarangan','Pekarangan','Hutan','Waduk',13.205,'ADA',NULL,NULL),(814,9,'-7.830806','110.918528',NULL,NULL,NULL,NULL,NULL,NULL,19,NULL,109,341,'Jalan','Sungai','Tanah Kosong','Jalan',7.590,'ADA',NULL,NULL),(815,10,'-7.830806','110.918528',NULL,NULL,NULL,NULL,NULL,NULL,19,NULL,109,341,'Wdk Wonogiri','Kota Wonogiri','Jalan Raya Wuryantoro','Bendungan',46.515,'ADA',NULL,NULL),(816,1,'-7.995028','110.871972',NULL,NULL,NULL,NULL,NULL,NULL,19,NULL,111,348,'','','','',7.364,'ADA',NULL,NULL),(817,1,'-7.75695','110.887867',NULL,NULL,NULL,NULL,NULL,NULL,19,NULL,112,355,'','','','',154.245,'ADA',NULL,NULL),(818,1,'-7.75695','110.887867',NULL,NULL,NULL,NULL,NULL,NULL,19,NULL,112,355,'','','','',31.169,'ADA',NULL,NULL),(819,1,'-7.75695','110.887867',NULL,NULL,NULL,NULL,NULL,NULL,19,NULL,112,355,'','','','',5.219,'ADA',NULL,NULL),(820,1,'-7.75695','110.887867',NULL,NULL,NULL,NULL,NULL,NULL,19,NULL,112,355,'','','','',6.642,'ADA',NULL,NULL),(821,16,'0731.953','11132.773',NULL,NULL,NULL,NULL,NULL,NULL,20,NULL,113,356,'','','','',1297522.000,'TIDAK',NULL,NULL),(822,16,'0715.620','11129.480',NULL,NULL,NULL,NULL,NULL,NULL,20,NULL,113,185,'','','','',70.208,'TIDAK',NULL,NULL),(823,16,'0714.972','11130.352',NULL,NULL,NULL,NULL,NULL,NULL,20,NULL,113,7,'','','','',185.759,'TIDAK',NULL,NULL),(824,16,'0714.670','11130.854',NULL,NULL,NULL,NULL,NULL,NULL,20,NULL,113,359,'','','','',359.985,'TIDAK',NULL,NULL),(825,16,'0714.369','11131.745',NULL,NULL,NULL,NULL,NULL,NULL,20,NULL,113,360,'','','','',27.635,'TIDAK',NULL,NULL),(826,16,'0714.252','11131.888',NULL,NULL,NULL,NULL,NULL,NULL,20,NULL,113,361,'','','','',427.167,'TIDAK',NULL,NULL),(827,16,'0714.265','11131.878',NULL,NULL,NULL,NULL,NULL,NULL,20,NULL,113,362,'','','','',54.889,'TIDAK',NULL,NULL),(828,16,'0713.171','11133.251',NULL,NULL,NULL,NULL,NULL,NULL,20,NULL,113,364,'','','','',834.864,'TIDAK',NULL,NULL),(829,16,'0712.467','11134.287',NULL,NULL,NULL,NULL,NULL,NULL,20,NULL,114,365,'','','','',209.390,'TIDAK',NULL,NULL),(830,16,'0711.506','11131.560',NULL,NULL,NULL,NULL,NULL,NULL,20,NULL,115,366,'','','','',627.608,'TIDAK',NULL,NULL),(831,16,'0711.783','11135.235',NULL,NULL,NULL,NULL,NULL,NULL,20,NULL,115,367,'','','','',736.108,'TIDAK',NULL,NULL),(832,16,'0710.311','11136.430',NULL,NULL,NULL,NULL,NULL,NULL,20,NULL,115,368,'','','','',336.245,'TIDAK',NULL,NULL),(833,16,'0710.511','11135.904',NULL,NULL,NULL,NULL,NULL,NULL,20,NULL,115,369,'','','','',112.107,'TIDAK',NULL,NULL),(834,16,'0710.526','11137.142',NULL,NULL,NULL,NULL,NULL,NULL,20,NULL,115,370,'','','','',338.005,'TIDAK',NULL,NULL),(835,16,'0710.507','11137.570',NULL,NULL,NULL,NULL,NULL,NULL,20,NULL,115,369,'','','','',179.536,'TIDAK',NULL,NULL),(836,16,'0710.506','11137.517',NULL,NULL,NULL,NULL,NULL,NULL,20,NULL,115,372,'','','','',266.126,'TIDAK',NULL,NULL),(837,16,'0715.620','11138.167',NULL,NULL,NULL,NULL,NULL,NULL,20,NULL,115,373,'','','','',155.534,'TIDAK',NULL,NULL),(838,16,'0710.299','11138.341',NULL,NULL,NULL,NULL,NULL,NULL,20,NULL,115,374,'','','','',582.936,'TIDAK',NULL,NULL),(839,16,'0711.368','11139.728',NULL,NULL,NULL,NULL,NULL,NULL,20,NULL,116,375,'','','','',427.568,'TIDAK',NULL,NULL),(840,16,'0710.872','11140.009',NULL,NULL,NULL,NULL,NULL,NULL,20,NULL,116,376,'','','','',229.190,'TIDAK',NULL,NULL),(841,16,'0711.013','11140.570',NULL,NULL,NULL,NULL,NULL,NULL,20,NULL,117,377,'','','','',431.485,'TIDAK',NULL,NULL),(842,16,'0710.464','11140.619',NULL,NULL,NULL,NULL,NULL,NULL,20,NULL,117,378,'','','','',29.925,'TIDAK',NULL,NULL),(843,16,'0710.364','11141.288',NULL,NULL,NULL,NULL,NULL,NULL,20,NULL,117,379,'','','','',343.575,'TIDAK',NULL,NULL),(844,16,'0710.406','11142.294',NULL,NULL,NULL,NULL,NULL,NULL,20,NULL,117,380,'','','','',64.775,'TIDAK',NULL,NULL),(845,16,'0710.230','11142.433',NULL,NULL,NULL,NULL,NULL,NULL,20,NULL,117,381,'','','','',152.654,'TIDAK',NULL,NULL),(846,16,'0710.172','11142.480',NULL,NULL,NULL,NULL,NULL,NULL,20,NULL,117,382,'','','','',313.666,'TIDAK',NULL,NULL),(847,16,'0709.870','11143.052',NULL,NULL,NULL,NULL,NULL,NULL,20,NULL,117,383,'','','','',536.222,'TIDAK',NULL,NULL),(848,16,'0708.782','11144.073',NULL,NULL,NULL,NULL,NULL,NULL,20,NULL,118,384,'','','','',373.967,'',NULL,NULL),(849,16,'0708.935','11144.593',NULL,NULL,NULL,NULL,NULL,NULL,20,NULL,118,385,'','','','',485.034,'TIDAK',NULL,NULL),(850,16,'0709.023','11143.353',NULL,NULL,NULL,NULL,NULL,NULL,20,NULL,118,386,'','','','',527.593,'TIDAK',NULL,NULL),(851,16,'0709.058','11146.348',NULL,NULL,NULL,NULL,NULL,NULL,20,NULL,118,387,'','','','',128.026,'TIDAK',NULL,NULL),(852,16,'0709.186','11146.570',NULL,NULL,NULL,NULL,NULL,NULL,20,NULL,118,388,'','','','',205.970,'TIDAK',NULL,NULL),(853,16,'0709.647','11147.139',NULL,NULL,NULL,NULL,NULL,NULL,20,NULL,118,389,'','','','',109.575,'TIDAK',NULL,NULL),(854,16,'0710.615','11147.461',NULL,NULL,NULL,NULL,NULL,NULL,20,NULL,120,391,'','','','',402.730,'TIDAK',NULL,NULL),(855,16,'0710.487','11147.530',NULL,NULL,NULL,NULL,NULL,NULL,20,NULL,118,390,'','','','',1097818.000,'TIDAK',NULL,NULL),(856,16,'0711.270','11149.189',NULL,NULL,NULL,NULL,NULL,NULL,20,NULL,119,392,'','','','',716.065,'TIDAK',NULL,NULL),(857,16,'0712.673','11150.581',NULL,NULL,NULL,NULL,NULL,NULL,20,NULL,119,393,'','','','',416.331,'TIDAK',NULL,NULL),(858,16,'0713.075','11150.908',NULL,NULL,NULL,NULL,NULL,NULL,20,NULL,119,394,'','','','',252.022,'TIDAK',NULL,NULL),(859,16,'0712.742','11151.416',NULL,NULL,NULL,NULL,NULL,NULL,20,NULL,119,395,'','','','',156.041,'TIDAK',NULL,NULL),(860,16,'0712.930','11152.157',NULL,NULL,NULL,NULL,NULL,NULL,20,NULL,119,396,'','','','',263.694,'TIDAK',NULL,NULL),(861,16,'0712.919','11152.758',NULL,NULL,NULL,NULL,NULL,NULL,20,NULL,121,397,'','','','',584.569,'TIDAK',NULL,NULL),(862,16,'0713.362','11153.424',NULL,NULL,NULL,NULL,NULL,NULL,20,NULL,121,398,'','','','',107.937,'TIDAK',NULL,NULL),(863,16,'0713.304','11153.632',NULL,NULL,NULL,NULL,NULL,NULL,20,NULL,121,399,'','','','',81.868,'TIDAK',NULL,NULL),(864,16,'0712.901','11153.943',NULL,NULL,NULL,NULL,NULL,NULL,20,NULL,119,400,'','','','',202.527,'TIDAK',NULL,NULL),(865,16,'0712.966','11154.458',NULL,NULL,NULL,NULL,NULL,NULL,20,NULL,154,401,'','','','',264.541,'TIDAK',NULL,NULL),(866,16,'0713.612','11154.653',NULL,NULL,NULL,NULL,NULL,NULL,20,NULL,154,402,'','','','',842.131,'TIDAK',NULL,NULL),(867,16,'0713.914','11156.349',NULL,NULL,NULL,NULL,NULL,NULL,20,NULL,122,404,'','','','',326.348,'TIDAK',NULL,NULL),(868,16,'0714.084','11157.278',NULL,NULL,NULL,NULL,NULL,NULL,20,NULL,122,405,'','','','',307.534,'TIDAK',NULL,NULL),(869,16,'0714.209','11158.274',NULL,NULL,NULL,NULL,NULL,NULL,20,NULL,122,406,'','','','',222.645,'TIDAK',NULL,NULL),(870,16,'0714.253','11158.360',NULL,NULL,NULL,NULL,NULL,NULL,20,NULL,154,403,'','','','',130.795,'TIDAK',NULL,NULL),(871,16,'0714.329','11158.505',NULL,NULL,NULL,NULL,NULL,NULL,20,NULL,122,407,'','','','',192.961,'TIDAK',NULL,NULL),(872,16,'0714.147','11159.269',NULL,NULL,NULL,NULL,NULL,NULL,20,NULL,122,408,'','','','',643.911,'TIDAK',NULL,NULL),(873,16,'0713.768','11200.318',NULL,NULL,NULL,NULL,NULL,NULL,20,NULL,123,410,'','','','',489.543,'TIDAK',NULL,NULL),(874,16,'0713.331','11201.784',NULL,NULL,NULL,NULL,NULL,NULL,20,NULL,123,411,'','','','',53.992,'TIDAK',NULL,NULL),(875,16,'0713.353','11201.516',NULL,NULL,NULL,NULL,NULL,NULL,20,NULL,123,412,'','','','',158.320,'TIDAK',NULL,NULL),(876,16,'0713.369','11202.205',NULL,NULL,NULL,NULL,NULL,NULL,20,NULL,123,413,'','','','',48.179,'TIDAK',NULL,NULL),(877,16,'0713.202','11202.680',NULL,NULL,NULL,NULL,NULL,NULL,20,NULL,123,414,'','','','',335.835,'',NULL,NULL),(878,16,'0713.272','11203.526',NULL,NULL,NULL,NULL,NULL,NULL,20,NULL,123,415,'','','','',252.714,'TIDAK',NULL,NULL),(879,16,'0712.878','11205.514',NULL,NULL,NULL,NULL,NULL,NULL,20,NULL,124,416,'','','','',359.087,'TIDAK',NULL,NULL),(880,16,'0713.250','11206.341',NULL,NULL,NULL,NULL,NULL,NULL,20,NULL,124,417,'','','','',138.864,'TIDAK',NULL,NULL),(881,16,'0711.908','11205.070',NULL,NULL,NULL,NULL,NULL,NULL,20,NULL,124,418,'','','','',54.407,'TIDAK',NULL,NULL),(882,16,'0710.521','11205.565',NULL,NULL,NULL,NULL,NULL,NULL,20,NULL,124,419,'','','','',33.032,'TIDAK',NULL,NULL),(883,16,'0710.372','11205.663',NULL,NULL,NULL,NULL,NULL,NULL,20,NULL,124,420,'','','','',92.584,'TIDAK',NULL,NULL),(884,16,'0709.529','11205.671',NULL,NULL,NULL,NULL,NULL,NULL,20,NULL,124,421,'','','','',14.578,'TIDAK',NULL,NULL),(885,16,'0709.488','11205.645',NULL,NULL,NULL,NULL,NULL,NULL,20,NULL,124,422,'','','','',36.299,'TIDAK',NULL,NULL),(886,16,'0713.045','11204.324',NULL,NULL,NULL,NULL,NULL,NULL,20,NULL,124,423,'','','','',364.914,'TIDAK',NULL,NULL),(887,16,'0709.101','11205.682',NULL,NULL,NULL,NULL,NULL,NULL,20,NULL,125,424,'','','','',117.958,'TIDAK',NULL,NULL),(888,16,'0708.839','11205.708',NULL,NULL,NULL,NULL,NULL,NULL,20,NULL,125,425,'','','','',33.234,'TIDAK',NULL,NULL),(889,16,'0708.176','11206.400',NULL,NULL,NULL,NULL,NULL,NULL,20,NULL,124,426,'','','','',20.973,'TIDAK',NULL,NULL),(890,16,'0707.993','11206.618',NULL,NULL,NULL,NULL,NULL,NULL,20,NULL,124,427,'','','','',64.875,'TIDAK',NULL,NULL),(891,16,'0707.699','11207.036',NULL,NULL,NULL,NULL,NULL,NULL,20,NULL,125,428,'','','','',77.414,'TIDAK',NULL,NULL),(892,16,'0707.503','11207.307',NULL,NULL,NULL,NULL,NULL,NULL,20,NULL,125,429,'','','','',29.296,'TIDAK',NULL,NULL),(893,16,'0707.392','11208.238',NULL,NULL,NULL,NULL,NULL,NULL,20,NULL,125,430,'','','','',170.776,'TIDAK',NULL,NULL),(894,16,'0707.282','11207.894',NULL,NULL,NULL,NULL,NULL,NULL,20,NULL,125,431,'','','','',43.634,'TIDAK',NULL,NULL),(895,16,'0706.997','11209.147',NULL,NULL,NULL,NULL,NULL,NULL,20,NULL,125,432,'','','','',8.589,'TIDAK',NULL,NULL),(896,17,'0713.914','11156.349',NULL,NULL,NULL,NULL,NULL,NULL,20,NULL,122,404,'','','','',67.354,'TIDAK',NULL,NULL),(897,17,'0712.564','11157.220',NULL,NULL,NULL,NULL,NULL,NULL,20,NULL,122,433,'','','','',43.450,'TIDAK',NULL,NULL),(898,17,'0711.908','11157.227',NULL,NULL,NULL,NULL,NULL,NULL,20,NULL,122,434,'','','','',64.907,'TIDAK',NULL,NULL),(899,17,'0711.780','11159.219',NULL,NULL,NULL,NULL,NULL,NULL,20,NULL,122,435,'','','','',29.358,'TIDAK',NULL,NULL),(900,17,'0711.400','11157.243',NULL,NULL,NULL,NULL,NULL,NULL,20,NULL,122,436,'','','','',41.819,'TIDAK',NULL,NULL),(901,17,'0710.727','11157.254',NULL,NULL,NULL,NULL,NULL,NULL,20,NULL,122,437,'','','','',43.513,'TIDAK',NULL,NULL),(902,17,'0709.420','11157.459',NULL,NULL,NULL,NULL,NULL,NULL,20,NULL,122,438,'','','','',59.170,'TIDAK',NULL,NULL),(903,17,'0709.499','11157.448',NULL,NULL,NULL,NULL,NULL,NULL,20,NULL,122,439,'','','','',9.314,'TIDAK',NULL,NULL),(904,17,'0708.381','11158.332',NULL,NULL,NULL,NULL,NULL,NULL,20,NULL,122,440,'','','','',65.686,'TIDAK',NULL,NULL),(905,19,'0715.219','11129.900',NULL,NULL,NULL,NULL,NULL,NULL,20,NULL,119,441,'','','','',4.700,'TIDAK',NULL,NULL),(906,17,'0658.696','11222.617',NULL,NULL,NULL,NULL,NULL,NULL,21,NULL,126,442,'','','','',11.491,'TIDAK',NULL,NULL),(907,17,'0658.758','11223.102',NULL,NULL,NULL,NULL,NULL,NULL,21,NULL,126,443,'','','','',44.377,'TIDAK',NULL,NULL),(908,17,'0659.083','11224.891',NULL,NULL,NULL,NULL,NULL,NULL,21,NULL,126,444,'','','','',30815.000,'TIDAK',NULL,NULL),(909,17,'0659.288','11225.949',NULL,NULL,NULL,NULL,NULL,NULL,21,NULL,126,445,'','','','',18.034,'TIDAK',NULL,NULL),(910,17,'0659.422','11226.514',NULL,NULL,NULL,NULL,NULL,NULL,21,NULL,126,446,'','','','',22.999,'TIDAK',NULL,NULL),(911,17,'0659.283','11227.222',NULL,NULL,NULL,NULL,NULL,NULL,21,NULL,126,447,'','','','',24601.000,'TIDAK',NULL,NULL),(912,17,'0659.709','11228.424',NULL,NULL,NULL,NULL,NULL,NULL,21,NULL,126,448,'','','','',26.750,'TIDAK',NULL,NULL),(913,17,'0659.709','11229.185',NULL,NULL,NULL,NULL,NULL,NULL,21,NULL,126,449,'','','','',41.407,'TIDAK',NULL,NULL),(914,17,'0700.205','11230.787',NULL,NULL,NULL,NULL,NULL,NULL,21,NULL,126,450,'','','','',31.205,'TIDAK',NULL,NULL),(915,17,'0700.342','11231.593',NULL,NULL,NULL,NULL,NULL,NULL,21,NULL,126,451,'','','','',17.337,'TIDAK',NULL,NULL),(916,17,'0700.370','11232.385',NULL,NULL,NULL,NULL,NULL,NULL,21,NULL,127,452,'','','','',27.938,'TIDAK',NULL,NULL),(917,17,'0700.482','11233.127',NULL,NULL,NULL,NULL,NULL,NULL,21,NULL,127,453,'','','','',38.103,'TIDAK',NULL,NULL),(918,17,'0700.508','11234.129',NULL,NULL,NULL,NULL,NULL,NULL,21,NULL,128,454,'','','','',23.980,'TIDAK',NULL,NULL),(919,17,'0700.680','11234.404',NULL,NULL,NULL,NULL,NULL,NULL,21,NULL,129,455,'','','','',76.190,'TIDAK',NULL,NULL),(920,18,'0','0',NULL,NULL,NULL,NULL,NULL,NULL,16,NULL,130,456,'','','','',157.500,'',NULL,NULL),(921,14,'0740.706','11046.616',NULL,NULL,NULL,NULL,NULL,NULL,16,NULL,101,457,'','','','',21.500,'TIDAK',NULL,NULL),(922,16,'0659.098','11216.880',NULL,NULL,NULL,NULL,NULL,NULL,22,NULL,131,458,'','','','',3104551.000,'TIDAK',NULL,NULL),(923,16,'0758.145','11217.046',NULL,NULL,NULL,NULL,NULL,NULL,22,NULL,131,459,'','','','',1300552.000,'TIDAK',NULL,NULL),(924,16,'0658.393','11214.346',NULL,NULL,NULL,NULL,NULL,NULL,22,NULL,131,460,'','','','',122.259,'TIDAK',NULL,NULL),(925,16,'0655.140','11215.883',NULL,NULL,NULL,NULL,NULL,NULL,22,NULL,132,461,'','','','',2772089.000,'TIDAK',NULL,NULL),(926,16,'0653.852','11216.088',NULL,NULL,NULL,NULL,NULL,NULL,22,NULL,132,462,'','','','',1789362.000,'TIDAK',NULL,NULL),(927,16,'0706.914','11209.250',NULL,NULL,NULL,NULL,NULL,NULL,22,NULL,133,463,'','','','',107.397,'TIDAK',NULL,NULL),(928,16,'0706.272','11210.240',NULL,NULL,NULL,NULL,NULL,NULL,22,NULL,133,464,'','','','',75.542,'TIDAK',NULL,NULL),(929,16,'0706.165','11210.768',NULL,NULL,NULL,NULL,NULL,NULL,22,NULL,133,465,'','','','',30.755,'TIDAK',NULL,NULL),(930,16,'0713.263','11206.355',NULL,NULL,NULL,NULL,NULL,NULL,22,NULL,134,466,'','','','',58.482,'TIDAK',NULL,NULL),(931,16,'0712.709','11207.632',NULL,NULL,NULL,NULL,NULL,NULL,22,NULL,134,467,'','','','',29.007,'TIDAK',NULL,NULL),(932,16,'0712.449','11207.866',NULL,NULL,NULL,NULL,NULL,NULL,22,NULL,134,468,'','','','',12.948,'TIDAK',NULL,NULL),(933,16,'0712.281','11208.513',NULL,NULL,NULL,NULL,NULL,NULL,22,NULL,134,469,'','','','',68.962,'TIDAK',NULL,NULL),(934,16,'0711.993','11210.128',NULL,NULL,NULL,NULL,NULL,NULL,22,NULL,134,470,'','','','',15.595,'',NULL,NULL),(935,16,'0712.367','11209.862',NULL,NULL,NULL,NULL,NULL,NULL,22,NULL,135,471,'','','','',37.348,'TIDAK',NULL,NULL),(936,16,'0711.715','11210.228',NULL,NULL,NULL,NULL,NULL,NULL,22,NULL,135,472,'','','','',18.660,'TIDAK',NULL,NULL),(937,16,'0711.354','11210.902',NULL,NULL,NULL,NULL,NULL,NULL,22,NULL,135,473,'','','','',12.746,'TIDAK',NULL,NULL),(938,16,'0711.313','11211.229',NULL,NULL,NULL,NULL,NULL,NULL,22,NULL,135,474,'','','','',13.026,'TIDAK',NULL,NULL),(939,16,'0711.462','11211.618',NULL,NULL,NULL,NULL,NULL,NULL,22,NULL,135,474,'','','','',27.865,'TIDAK',NULL,NULL),(940,16,'0711.141','11212.425',NULL,NULL,NULL,NULL,NULL,NULL,22,NULL,135,475,'','','','',15.355,'TIDAK',NULL,NULL),(941,16,'0711.021','11213.087',NULL,NULL,NULL,NULL,NULL,NULL,22,NULL,135,476,'','','','',17.770,'TIDAK',NULL,NULL),(942,16,'0710.994','11213.720',NULL,NULL,NULL,NULL,NULL,NULL,22,NULL,135,477,'','','','',23.972,'TIDAK',NULL,NULL),(943,16,'0711.065','11214.841',NULL,NULL,NULL,NULL,NULL,NULL,22,NULL,136,478,'','','','',12.295,'TIDAK',NULL,NULL),(944,17,'0708.487','11214.315',NULL,NULL,NULL,NULL,NULL,NULL,22,NULL,133,479,'','','','',30.881,'TIDAK',NULL,NULL),(945,17,'0707.717','11214.262',NULL,NULL,NULL,NULL,NULL,NULL,22,NULL,133,480,'','','','',22.526,'TIDAK',NULL,NULL),(946,17,'0707.117','11214.711',NULL,NULL,NULL,NULL,NULL,NULL,22,NULL,133,481,'','','','',36.288,'TIDAK',NULL,NULL),(947,17,'0705.971','11214.810',NULL,NULL,NULL,NULL,NULL,NULL,22,NULL,135,476,'','','','',17.770,'TIDAK',NULL,NULL),(948,17,'0711.043','11214.857',NULL,NULL,NULL,NULL,NULL,NULL,22,NULL,135,484,'','','','',21.083,'TIDAK',NULL,NULL),(949,17,'0711.131','11214.951',NULL,NULL,NULL,NULL,NULL,NULL,22,NULL,136,478,'','','','',16.835,'TIDAK',NULL,NULL),(950,17,'0710.444','11214.649',NULL,NULL,NULL,NULL,NULL,NULL,22,NULL,136,486,'','','','',8.741,'TIDAK',NULL,NULL),(951,17,'0709.758','11214.287',NULL,NULL,NULL,NULL,NULL,NULL,22,NULL,136,487,'','','','',11.847,'TIDAK',NULL,NULL),(952,17,'0709.359','11214.420',NULL,NULL,NULL,NULL,NULL,NULL,22,NULL,136,488,'','','','',22.880,'TIDAK',NULL,NULL),(953,17,'0704.254','11215.125',NULL,NULL,NULL,NULL,NULL,NULL,22,NULL,137,489,'','','','',34.212,'TIDAK',NULL,NULL),(954,17,'0701.600','11216.447',NULL,NULL,NULL,NULL,NULL,NULL,22,NULL,136,490,'','','','',115.999,'TIDAK',NULL,NULL),(955,16,'0701.158','11217.383',NULL,NULL,NULL,NULL,NULL,NULL,22,NULL,139,491,'','','','',22.275,'TIDAK',NULL,NULL),(956,17,'0700.747','11222.161',NULL,NULL,NULL,NULL,NULL,NULL,22,NULL,140,494,'','','','',72.739,'TIDAK',NULL,NULL),(957,17,'0700.536','11225.622',NULL,NULL,NULL,NULL,NULL,NULL,22,NULL,141,495,'','','','',6.986,'TIDAK',NULL,NULL),(958,17,'0711.571','11223.859',NULL,NULL,NULL,NULL,NULL,NULL,22,NULL,142,496,'','','','',41.786,'TIDAK',NULL,NULL),(959,17,'0710.719','11224.377',NULL,NULL,NULL,NULL,NULL,NULL,22,NULL,142,497,'','','','',16.756,'TIDAK',NULL,NULL),(960,17,'0710.258','11224.727',NULL,NULL,NULL,NULL,NULL,NULL,22,NULL,142,498,'','','','',18.958,'TIDAK',NULL,NULL),(961,17,'0709.588','11224.960758',NULL,NULL,NULL,NULL,NULL,NULL,22,NULL,142,499,'','','','',33.947,'TIDAK',NULL,NULL),(962,17,'0708.843','11224.828',NULL,NULL,NULL,NULL,NULL,NULL,22,NULL,142,500,'','','','',78.524,'TIDAK',NULL,NULL),(963,17,'0708.003','11225.285',NULL,NULL,NULL,NULL,NULL,NULL,22,NULL,142,501,'','','','',49.702,'TIDAK',NULL,NULL),(964,17,'0711.583','11223.762',NULL,NULL,NULL,NULL,NULL,NULL,22,NULL,142,502,'','','','',42.837,'TIDAK',NULL,NULL),(965,17,'0706.954','11226.268',NULL,NULL,NULL,NULL,NULL,NULL,22,NULL,143,503,'','','','',136.133,'TIDAK',NULL,NULL),(966,17,'0704.666','11226.841',NULL,NULL,NULL,NULL,NULL,NULL,22,NULL,143,504,'','','','',84.777,'TIDAK',NULL,NULL),(967,17,'0703.880','11227.038',NULL,NULL,NULL,NULL,NULL,NULL,22,NULL,143,505,'','','','',79.267,'TIDAK',NULL,NULL),(968,17,'0702.929','11227.333',NULL,NULL,NULL,NULL,NULL,NULL,22,NULL,144,506,'','','','',51.831,'TIDAK',NULL,NULL),(969,17,'0701.878','11227.886',NULL,NULL,NULL,NULL,NULL,NULL,22,NULL,144,507,'','','','',59.397,'TIDAK',NULL,NULL),(970,17,'0701.140','11228.058',NULL,NULL,NULL,NULL,NULL,NULL,22,NULL,144,508,'','','','',15.226,'TIDAK',NULL,NULL),(971,17,'0712.592','11223.426',NULL,NULL,NULL,NULL,NULL,NULL,22,NULL,144,509,'','','','',30.600,'TIDAK',NULL,NULL),(972,17,'0713.265','11222.668',NULL,NULL,NULL,NULL,NULL,NULL,22,NULL,144,510,'','','','',12.227,'TIDAK',NULL,NULL),(973,15,'0731.953','11132.773',NULL,NULL,NULL,NULL,NULL,NULL,15,NULL,99,511,'','','','',158.400,'TIDAK',NULL,NULL),(974,15,'0732.770','11132.361',NULL,NULL,NULL,NULL,NULL,NULL,15,NULL,99,512,'','','','',222.251,'TIDAK',NULL,NULL),(975,15,'0732.772','11132.359',NULL,NULL,NULL,NULL,NULL,NULL,15,NULL,99,287,'','','','',20.000,'TIDAK',NULL,NULL),(976,15,'0737.895','11130.687',NULL,NULL,NULL,NULL,NULL,NULL,15,NULL,100,513,'','','','',56.600,'TIDAK',NULL,NULL),(977,14,'0737.895','11130.687',NULL,NULL,NULL,NULL,NULL,NULL,15,NULL,100,513,'','','','',2.000,'TIDAK',NULL,NULL),(978,15,'0731.320','11131.943',NULL,NULL,NULL,NULL,NULL,NULL,14,NULL,98,514,'','','','',78.500,'TIDAK',NULL,NULL),(979,15,'0732.158','11132.331',NULL,NULL,NULL,NULL,NULL,NULL,14,NULL,98,515,'','','','',53.100,'TIDAK',NULL,NULL),(980,15,'0731.915','11132.187',NULL,NULL,NULL,NULL,NULL,NULL,14,NULL,98,516,'','','','',124.700,'TIDAK',NULL,NULL),(981,13,'0729.715','11054.967',NULL,NULL,NULL,NULL,NULL,NULL,17,NULL,145,402,'','','','',410.000,'TIDAK',NULL,NULL),(982,13,'0728.477','11053.769',NULL,NULL,NULL,NULL,NULL,NULL,17,NULL,145,518,'','','','',431.000,'TIDAK',NULL,NULL),(983,14,'0742.500','11048.272',NULL,NULL,NULL,NULL,NULL,NULL,18,NULL,146,519,'','','','',24.600,'TIDAK',NULL,NULL),(984,14,'0742.399','11047.796',NULL,NULL,NULL,NULL,NULL,NULL,18,NULL,146,520,'','','','',102.500,'TIDAK',NULL,NULL),(985,14,'0742.327','11047.832',NULL,NULL,NULL,NULL,NULL,NULL,18,NULL,146,521,'','','','',104.000,'TIDAK',NULL,NULL),(986,14,'11046.718','11047.801',NULL,NULL,NULL,NULL,NULL,NULL,18,NULL,146,522,'','','','',16.000,'TIDAK',NULL,NULL),(987,14,'0740.907','11046.718',NULL,NULL,NULL,NULL,NULL,NULL,18,NULL,146,523,'','','','',12.000,'TIDAK',NULL,NULL),(988,14,'0740.705','11046.615',NULL,NULL,NULL,NULL,NULL,NULL,18,NULL,146,524,'','','','',136.400,'TIDAK',NULL,NULL),(989,14,'0737.366','11048.389',NULL,NULL,NULL,NULL,NULL,NULL,18,NULL,104,527,'','','','',19.000,'TIDAK',NULL,NULL),(990,13,'0736.592','11052.168',NULL,NULL,NULL,NULL,NULL,NULL,18,NULL,147,528,'','','','',7.394,'TIDAK',NULL,NULL),(991,13,'0742.472','11051.208',NULL,NULL,NULL,NULL,NULL,NULL,18,NULL,105,529,'','','','',7.469,'TIDAK',NULL,NULL),(992,13,'0744.083','11052.605',NULL,NULL,NULL,NULL,NULL,NULL,18,NULL,102,530,'','','','',6.949,'ADA',NULL,NULL),(993,13,'0741.428','11052.514',NULL,NULL,NULL,NULL,NULL,NULL,18,NULL,148,531,'','','','',2.104,'ADA',NULL,NULL),(994,13,'0742.250','11052.137',NULL,NULL,NULL,NULL,NULL,NULL,18,NULL,105,529,'','','','',8.602,'ADA',NULL,NULL),(995,13,'0742.392','11049.771',NULL,NULL,NULL,NULL,NULL,NULL,18,NULL,105,532,'','','','',1.054,'TIDAK',NULL,NULL),(996,13,'0742.392','11049.771',NULL,NULL,NULL,NULL,NULL,NULL,18,NULL,105,296,'','','','',357.000,'TIDAK',NULL,NULL),(997,13,'0740.888','11052.275',NULL,NULL,NULL,NULL,NULL,NULL,18,NULL,148,533,'','','','',4.594,'TIDAK',NULL,NULL),(998,13,'0','0',NULL,NULL,NULL,NULL,NULL,NULL,18,NULL,148,534,'','','','',470.000,'TIDAK',NULL,NULL),(999,12,'0745.032','11054.212',NULL,NULL,NULL,NULL,NULL,NULL,18,NULL,102,535,'','','','',259.923,'ADA',NULL,NULL),(1000,12,'0745.032','11054.212',NULL,NULL,NULL,NULL,NULL,NULL,18,NULL,102,535,'','','','',94.865,'ADA',NULL,NULL),(1001,12,'0745.032','11054.212',NULL,NULL,NULL,NULL,NULL,NULL,18,NULL,102,535,'','','','',114.452,'ADA',NULL,NULL),(1002,17,'0708.327','11158.366',NULL,NULL,NULL,NULL,NULL,NULL,23,NULL,149,536,'','','','',71.247,'TIDAK',NULL,NULL),(1003,17,'0707.133','11158.498',NULL,NULL,NULL,NULL,NULL,NULL,23,NULL,149,537,'','','','',69.546,'TIDAK',NULL,NULL),(1004,17,'0706.690','11158.569',NULL,NULL,NULL,NULL,NULL,NULL,23,NULL,149,538,'','','','',26.277,'TIDAK',NULL,NULL),(1005,17,'0706.382','11158.651',NULL,NULL,NULL,NULL,NULL,NULL,23,NULL,150,539,'','','','',113.959,'TIDAK',NULL,NULL),(1006,17,'0706.176','11158.670',NULL,NULL,NULL,NULL,NULL,NULL,23,NULL,150,540,'','','','',5.172,'TIDAK',NULL,NULL),(1007,17,'0706.382','11158.651',NULL,NULL,NULL,NULL,NULL,NULL,23,NULL,150,541,'','','','',57.312,'TIDAK',NULL,NULL),(1008,17,'0704.071','11200.325',NULL,NULL,NULL,NULL,NULL,NULL,23,NULL,150,542,'','','','',94.519,'TIDAK',NULL,NULL),(1009,17,'0704.051','11159.544',NULL,NULL,NULL,NULL,NULL,NULL,23,NULL,150,543,'','','','',24.728,'TIDAK',NULL,NULL),(1010,17,'0703.930','11200.689',NULL,NULL,NULL,NULL,NULL,NULL,23,NULL,150,544,'','','','',62.170,'TIDAK',NULL,NULL),(1011,17,'0703.297','11204.205',NULL,NULL,NULL,NULL,NULL,NULL,23,NULL,150,545,'','','','',43.498,'TIDAK',NULL,NULL),(1012,17,'0703.461','11209.447',NULL,NULL,NULL,NULL,NULL,NULL,23,NULL,151,546,'','','','',355.984,'TIDAK',NULL,NULL),(1013,17,'0703.461','11209.428',NULL,NULL,NULL,NULL,NULL,NULL,23,NULL,151,547,'','','','',76.877,'TIDAK',NULL,NULL),(1014,16,'0703.108','11207.069',NULL,NULL,NULL,NULL,NULL,NULL,23,NULL,151,548,'','','','',14.129,'TIDAK',NULL,NULL),(1015,17,'0703.343','11206.774',NULL,NULL,NULL,NULL,NULL,NULL,23,NULL,151,549,'','','','',23.139,'TIDAK',NULL,NULL),(1016,17,'0703.544','11206.127',NULL,NULL,NULL,NULL,NULL,NULL,23,NULL,151,550,'','','','',72.644,'TIDAK',NULL,NULL),(1017,11,'0757.346','11051.746',NULL,NULL,NULL,NULL,NULL,NULL,19,NULL,111,349,'','','','',403.559,'TIDAK',NULL,NULL),(1018,16,'0713.855','11133.129',NULL,NULL,NULL,NULL,NULL,NULL,20,NULL,113,363,'','','','',378.682,'TIDAK',NULL,NULL),(1019,3,'-7.657033','110.781933',NULL,NULL,NULL,NULL,NULL,NULL,16,NULL,130,456,'','','','',636.000,'ADA',NULL,NULL),(1020,3,'-7.653618','110.786111',NULL,NULL,NULL,NULL,NULL,NULL,16,NULL,130,456,'','','','',7267.000,'ADA',NULL,NULL),(1021,16,'-07.07142','112.08879',NULL,NULL,NULL,NULL,NULL,NULL,20,NULL,125,559,'','','','',38114.000,'TIDAK',NULL,NULL),(1022,17,'-7.13914','-111.56349',NULL,NULL,NULL,NULL,NULL,NULL,20,NULL,122,404,'','','','',67354.000,'TIDAK',NULL,NULL),(1023,17,'-7.10351','111.57296',NULL,NULL,NULL,NULL,NULL,NULL,20,NULL,122,560,'','','','',77033.000,'TIDAK',NULL,NULL),(1024,17,'-7.00279','112.18202',NULL,NULL,NULL,NULL,NULL,NULL,22,NULL,138,562,'','','','',23769.000,'TIDAK',NULL,NULL),(1025,17,'-7.00883','112.19269',NULL,NULL,NULL,NULL,NULL,NULL,22,NULL,137,563,'','','','',86689.000,'TIDAK',NULL,NULL),(1026,2,'0','0',NULL,NULL,NULL,NULL,NULL,NULL,11,NULL,96,224,'','','','',819.000,'ADA',NULL,NULL),(1027,2,'0','0',NULL,NULL,NULL,NULL,NULL,NULL,11,NULL,96,224,'','','','',234.000,'ADA',NULL,NULL),(1028,1,'-7.963267','110.925183',NULL,NULL,NULL,NULL,NULL,NULL,19,NULL,106,307,'','','','',2740.000,'TIDAK',NULL,NULL);
/*!40000 ALTER TABLE `asset_item_location` ENABLE KEYS */;
UNLOCK TABLES;

--
-- Table structure for table `asset_master`
--

DROP TABLE IF EXISTS `asset_master`;
/*!40101 SET @saved_cs_client     = @@character_set_client */;
/*!40101 SET character_set_client = utf8 */;
CREATE TABLE `asset_master` (
  `id_asset_master` bigint(20) NOT NULL AUTO_INCREMENT,
  `asset_name` varchar(250) NOT NULL,
  `id_asset_code` bigint(20) DEFAULT NULL,
  `asset_code` varchar(150) NOT NULL,
  `id_type_asset1` int(11) DEFAULT NULL,
  `id_type_asset2` int(11) DEFAULT NULL,
  `id_type_asset3` int(11) DEFAULT NULL,
  `id_type_asset4` int(11) DEFAULT NULL,
  `id_type_asset5` int(11) DEFAULT NULL,
  `attribute1` varchar(250) DEFAULT NULL,
  `attribute2` varchar(250) DEFAULT NULL,
  `attribute3` varchar(250) DEFAULT NULL,
  `attribute4` varchar(250) DEFAULT NULL,
  `attribute5` varchar(250) DEFAULT NULL,
  PRIMARY KEY (`id_asset_master`)
) ENGINE=InnoDB AUTO_INCREMENT=21 DEFAULT CHARSET=latin1;
/*!40101 SET character_set_client = @saved_cs_client */;

--
-- Dumping data for table `asset_master`
--

LOCK TABLES `asset_master` WRITE;
/*!40000 ALTER TABLE `asset_master` DISABLE KEYS */;
INSERT INTO `asset_master` VALUES (1,'Tanah Waduk',1,'2.01.02.01.004',1,NULL,NULL,NULL,NULL,NULL,NULL,NULL,NULL,NULL),(2,'Tanah Untuk Bangunan Pengaman Sungai Dan Penanggulangan Bencana Alam',NULL,'2.01.03.08.004',1,NULL,NULL,NULL,NULL,'','','','',''),(3,'Tanah Aliran Sungai',3,'2.01.02.01.006',1,NULL,NULL,NULL,NULL,NULL,NULL,NULL,NULL,NULL),(4,'Tanah Untuk Bangunan Pengairan Pasang Surut',NULL,'2.01.03.08.002',1,NULL,NULL,NULL,NULL,'','','','',''),(5,'Tanah Lapangan Tenis',NULL,'2.01.03.01.001',1,NULL,NULL,NULL,NULL,'','','','',''),(6,'Tanah Untuk Jalan Khusus/Komplek',NULL,'2.01.03.07.009',1,NULL,NULL,NULL,NULL,'','','','',''),(7,'Tanah Untuk Bangunan Air Irigasi',NULL,'2.01.03.08.001',1,NULL,NULL,NULL,NULL,'','','','',''),(8,'Tanah Bangunan Pertokoan/Rumah Toko/Koperasi',NULL,'2.01.01.02.002',1,NULL,NULL,NULL,NULL,'','','','',''),(9,'Tanah Untuk Bangunan Masjid',NULL,'2.01.01.06.001',1,NULL,NULL,NULL,NULL,'','','','',''),(10,'Tanah Bangunan Kantor Pemerintah',NULL,'2.01.01.04.001',1,NULL,NULL,NULL,NULL,'','','','',''),(11,'Genangan Waduk Wonogiri',NULL,'0',1,NULL,NULL,NULL,NULL,NULL,NULL,NULL,NULL,NULL),(12,'DAM Colo',NULL,'0',1,NULL,NULL,NULL,NULL,NULL,NULL,NULL,NULL,NULL),(13,'Borrow Area',NULL,'0',1,NULL,NULL,NULL,NULL,NULL,NULL,NULL,NULL,NULL),(14,'Bantaran Sungai Bengawan Solo',NULL,'0',1,NULL,NULL,NULL,NULL,NULL,NULL,NULL,NULL,NULL),(15,'Bantaran Kali Madiun',NULL,'0',1,NULL,NULL,NULL,NULL,NULL,NULL,NULL,NULL,NULL),(16,'Saluran Induk Irigasi',NULL,'0',1,NULL,NULL,NULL,NULL,NULL,NULL,NULL,NULL,NULL),(17,'Saluran Suplesi',NULL,'0',1,NULL,NULL,NULL,NULL,NULL,NULL,NULL,NULL,NULL),(18,'Alur Sungai Bengawan Solo',NULL,'0',1,NULL,NULL,NULL,NULL,NULL,NULL,NULL,NULL,NULL),(19,'Sempadan Sungai Bengawan Solo',NULL,'0',1,NULL,NULL,NULL,NULL,NULL,NULL,NULL,NULL,NULL),(20,'Tanah Untuk Jalan Desa',NULL,'2.01.03.07.005',1,NULL,NULL,NULL,NULL,NULL,NULL,NULL,NULL,NULL);
/*!40000 ALTER TABLE `asset_master` ENABLE KEYS */;
UNLOCK TABLES;

--
-- Table structure for table `asset_master_field_config`
--

DROP TABLE IF EXISTS `asset_master_field_config`;
/*!40101 SET @saved_cs_client     = @@character_set_client */;
/*!40101 SET character_set_client = utf8 */;
CREATE TABLE `asset_master_field_config` (
  `id_asset_master_field_config` int(11) NOT NULL AUTO_INCREMENT,
  `fieldname` varchar(250) NOT NULL,
  `label` varchar(250) NOT NULL,
  `is_visible` int(1) NOT NULL,
  `is_required` int(1) NOT NULL,
  `type_field` int(11) DEFAULT 0,
  PRIMARY KEY (`id_asset_master_field_config`)
) ENGINE=InnoDB DEFAULT CHARSET=latin1;
/*!40101 SET character_set_client = @saved_cs_client */;

--
-- Dumping data for table `asset_master_field_config`
--

LOCK TABLES `asset_master_field_config` WRITE;
/*!40000 ALTER TABLE `asset_master_field_config` DISABLE KEYS */;
/*!40000 ALTER TABLE `asset_master_field_config` ENABLE KEYS */;
UNLOCK TABLES;

--
-- Table structure for table `asset_master_location`
--

DROP TABLE IF EXISTS `asset_master_location`;
/*!40101 SET @saved_cs_client     = @@character_set_client */;
/*!40101 SET character_set_client = utf8 */;
CREATE TABLE `asset_master_location` (
  `id_asset_master_location` bigint(20) NOT NULL AUTO_INCREMENT,
  `id_asset_master` bigint(20) NOT NULL,
  `latitude` varchar(60) NOT NULL,
  `longitude` varchar(60) NOT NULL,
  `address` varchar(250) NOT NULL,
  `desa` varchar(250) DEFAULT NULL,
  `kecamatan` varchar(250) DEFAULT NULL,
  `kabupaten` varchar(250) DEFAULT NULL,
  `provinsi` varchar(250) DEFAULT NULL,
  `kodepos` varchar(250) NOT NULL,
  PRIMARY KEY (`id_asset_master_location`),
  KEY `id_asset_master` (`id_asset_master`)
) ENGINE=InnoDB DEFAULT CHARSET=latin1 COMMENT='Ini khusus untuk aset diam seperti tanah, gedung';
/*!40101 SET character_set_client = @saved_cs_client */;

--
-- Dumping data for table `asset_master_location`
--

LOCK TABLES `asset_master_location` WRITE;
/*!40000 ALTER TABLE `asset_master_location` DISABLE KEYS */;
/*!40000 ALTER TABLE `asset_master_location` ENABLE KEYS */;
UNLOCK TABLES;

--
-- Table structure for table `asset_received`
--

DROP TABLE IF EXISTS `asset_received`;
/*!40101 SET @saved_cs_client     = @@character_set_client */;
/*!40101 SET character_set_client = utf8 */;
CREATE TABLE `asset_received` (
  `id_asset_received` bigint(20) NOT NULL AUTO_INCREMENT,
  `id_asset_master` bigint(20) NOT NULL,
  `number1` varchar(150) DEFAULT NULL,
  `number2` varchar(150) DEFAULT NULL,
  `number3` varchar(150) DEFAULT NULL,
  `received_date` date DEFAULT NULL,
  `received_year` int(4) DEFAULT NULL,
  `price_received` double DEFAULT NULL,
  `quantity` bigint(20) DEFAULT NULL,
  `id_status_received` int(11) DEFAULT NULL,
  `notes1` varchar(250) DEFAULT NULL,
  `notes2` varchar(250) DEFAULT NULL,
  `notes3` varchar(250) DEFAULT NULL,
  PRIMARY KEY (`id_asset_received`),
  KEY `id_asset_master` (`id_asset_master`)
) ENGINE=InnoDB AUTO_INCREMENT=1025 DEFAULT CHARSET=latin1;
/*!40101 SET character_set_client = @saved_cs_client */;

--
-- Dumping data for table `asset_received`
--

LOCK TABLES `asset_received` WRITE;
/*!40000 ALTER TABLE `asset_received` DISABLE KEYS */;
INSERT INTO `asset_received` VALUES (1,1,NULL,NULL,NULL,'0000-00-00',1981,3432000,0,1,'PJT-1',NULL,NULL),(2,1,NULL,NULL,NULL,'0000-00-00',0,0,0,1,'PJT-1',NULL,NULL),(3,1,NULL,NULL,NULL,'0000-00-00',2019,90000,0,2,NULL,NULL,NULL),(4,1,NULL,NULL,NULL,'0000-00-00',2016,8901020,0,1,'JPT',NULL,NULL),(5,1,NULL,NULL,NULL,'0000-00-00',2019,90000,0,1,'s',NULL,NULL),(6,2,NULL,NULL,NULL,'0000-00-00',1978,126166086310,0,1,'PJT 1',NULL,NULL),(7,2,NULL,NULL,NULL,'0000-00-00',1977,737175131640,0,1,'',NULL,NULL),(8,2,NULL,NULL,NULL,'0000-00-00',1978,737175131640,0,1,'PJT 1',NULL,NULL),(9,2,NULL,NULL,NULL,'0000-00-00',1978,8790021310,0,1,'PJT 1',NULL,NULL),(10,2,NULL,NULL,NULL,'0000-00-00',1975,9307806000,0,1,'',NULL,NULL),(11,2,NULL,NULL,NULL,'0000-00-00',1994,10052070,0,1,'',NULL,NULL),(12,2,NULL,NULL,NULL,'0000-00-00',1994,5116550,0,1,'',NULL,NULL),(13,2,NULL,NULL,NULL,'0000-00-00',1994,10021180,0,1,'',NULL,NULL),(14,2,NULL,NULL,NULL,'0000-00-00',1994,7422620,0,1,'',NULL,NULL),(15,4,NULL,NULL,NULL,'0000-00-00',1996,16244000,0,1,'',NULL,NULL),(16,4,NULL,NULL,NULL,'0000-00-00',1996,25494000,0,1,'',NULL,NULL),(17,4,NULL,NULL,NULL,'0000-00-00',1996,44708000,0,1,'',NULL,NULL),(18,4,NULL,NULL,NULL,'0000-00-00',1996,92084000,0,1,'',NULL,NULL),(19,4,NULL,NULL,NULL,'0000-00-00',1996,151507000,0,1,'',NULL,NULL),(20,4,NULL,NULL,NULL,'0000-00-00',1996,203049000,0,1,'',NULL,NULL),(21,4,NULL,NULL,NULL,'0000-00-00',1996,1420014000,0,1,'',NULL,NULL),(22,2,NULL,NULL,NULL,'0000-00-00',1994,2264613260,0,1,'',NULL,NULL),(23,2,NULL,NULL,NULL,'0000-00-00',1994,1710788400,0,1,'',NULL,NULL),(24,2,NULL,NULL,NULL,'0000-00-00',1994,160413000,0,1,'',NULL,NULL),(25,2,NULL,NULL,NULL,'0000-00-00',1994,785613000,0,1,'',NULL,NULL),(26,4,NULL,NULL,NULL,'0000-00-00',1996,703324000,0,1,'',NULL,NULL),(27,2,NULL,NULL,NULL,'0000-00-00',1994,1023277000,0,1,'',NULL,NULL),(28,4,NULL,NULL,NULL,'0000-00-00',1996,780566000,0,1,'',NULL,NULL),(29,2,NULL,NULL,NULL,'0000-00-00',1994,1077430700,0,1,'',NULL,NULL),(30,2,NULL,NULL,NULL,'0000-00-00',1994,1916830,0,1,'',NULL,NULL),(31,4,NULL,NULL,NULL,'0000-00-00',1996,960324000,0,1,'',NULL,NULL),(32,2,NULL,NULL,NULL,'0000-00-00',1994,7004408400,0,1,'',NULL,NULL),(33,2,NULL,NULL,NULL,'0000-00-00',1994,185400000,0,1,'',NULL,NULL),(34,4,NULL,NULL,NULL,'0000-00-00',1996,2320514000,0,1,'',NULL,NULL),(35,2,NULL,NULL,NULL,'0000-00-00',1994,970910570,0,1,'',NULL,NULL),(36,2,NULL,NULL,NULL,'0000-00-00',1994,1450507780,0,1,'',NULL,NULL),(37,4,NULL,NULL,NULL,'0000-00-00',1996,1207614000,0,1,'',NULL,NULL),(38,2,NULL,NULL,NULL,'0000-00-00',1994,4574028030,0,1,'',NULL,NULL),(39,2,NULL,NULL,NULL,'0000-00-00',1994,13661000,0,1,'',NULL,NULL),(40,4,NULL,NULL,NULL,'0000-00-00',1996,1618711000,0,1,'',NULL,NULL),(41,2,NULL,NULL,NULL,'0000-00-00',1994,6971000,0,1,'',NULL,NULL),(42,4,NULL,NULL,NULL,'0000-00-00',1996,1659263000,0,1,'',NULL,NULL),(43,2,NULL,NULL,NULL,'0000-00-00',1994,1490154000,0,1,'',NULL,NULL),(44,2,NULL,NULL,NULL,'0000-00-00',1994,5911042000,0,1,'',NULL,NULL),(45,2,NULL,NULL,NULL,'0000-00-00',1994,160147000,0,1,'',NULL,NULL),(46,2,NULL,NULL,NULL,'0000-00-00',1994,161608000,0,1,'',NULL,NULL),(47,2,NULL,NULL,NULL,'0000-00-00',1994,463656000,0,1,'',NULL,NULL),(48,4,NULL,NULL,NULL,'0000-00-00',1996,44708000,0,1,'',NULL,NULL),(49,2,NULL,NULL,NULL,'0000-00-00',1994,252015400,0,1,'',NULL,NULL),(50,4,NULL,NULL,NULL,'0000-00-00',1996,2941623000,0,1,'',NULL,NULL),(51,2,NULL,NULL,NULL,'0000-00-00',1994,673604000,0,1,'',NULL,NULL),(52,2,NULL,NULL,NULL,'0000-00-00',1994,146343000,0,1,'',NULL,NULL),(53,2,NULL,NULL,NULL,'0000-00-00',1994,-96062000,0,1,'',NULL,NULL),(54,2,NULL,NULL,NULL,'0000-00-00',1994,314255000,0,1,'',NULL,NULL),(55,2,NULL,NULL,NULL,'0000-00-00',1994,120499000,0,1,'',NULL,NULL),(56,4,NULL,NULL,NULL,'0000-00-00',1996,3542766000,0,1,'',NULL,NULL),(57,2,NULL,NULL,NULL,'0000-00-00',1994,-13206000,0,1,'',NULL,NULL),(58,4,NULL,NULL,NULL,'0000-00-00',1996,4348272000,0,1,'',NULL,NULL),(59,4,NULL,NULL,NULL,'0000-00-00',1996,3824113000,0,1,'',NULL,NULL),(60,2,NULL,NULL,NULL,'0000-00-00',1994,190228280,0,1,'',NULL,NULL),(61,2,NULL,NULL,NULL,'0000-00-00',1994,1549641740,0,1,'',NULL,NULL),(62,2,NULL,NULL,NULL,'0000-00-00',1994,1688805880,0,1,'',NULL,NULL),(63,4,NULL,NULL,NULL,'0000-00-00',1996,5699606000,0,1,'',NULL,NULL),(64,2,NULL,NULL,NULL,'0000-00-00',1994,144740860,0,1,'',NULL,NULL),(65,2,NULL,NULL,NULL,'0000-00-00',1994,191270620,0,1,'',NULL,NULL),(66,4,NULL,NULL,NULL,'0000-00-00',15360,4233600000,0,1,'',NULL,NULL),(67,2,NULL,NULL,NULL,'0000-00-00',1994,342069250,0,1,'',NULL,NULL),(68,2,NULL,NULL,NULL,'0000-00-00',1994,322827460,0,1,'',NULL,NULL),(69,4,NULL,NULL,NULL,'0000-00-00',1996,4751586000,0,1,'',NULL,NULL),(70,2,NULL,NULL,NULL,'0000-00-00',1994,7751000,0,1,'Tanah untuk Stasiun hidrometri',NULL,NULL),(71,4,NULL,NULL,NULL,'0000-00-00',1996,20885117000,0,1,'',NULL,NULL),(72,2,NULL,NULL,NULL,'0000-00-00',1994,141665550,0,1,'Tanah Sipil FFWS',NULL,NULL),(73,2,NULL,NULL,NULL,'0000-00-00',1994,2946700,0,1,'',NULL,NULL),(74,4,NULL,NULL,NULL,'0000-00-00',1996,5517970000,0,1,'',NULL,NULL),(75,2,NULL,NULL,NULL,'0000-00-00',1994,4864570,0,1,'',NULL,NULL),(76,2,NULL,NULL,NULL,'0000-00-00',1994,9459870,0,1,'Tanah Sipil FFWS',NULL,NULL),(77,2,NULL,NULL,NULL,'0000-00-00',1994,17037600,0,1,'Tanah Sipil FFWS',NULL,NULL),(78,4,NULL,NULL,NULL,'0000-00-00',1996,20684680000,0,1,'',NULL,NULL),(79,4,NULL,NULL,NULL,'0000-00-00',1996,88715000,0,1,'',NULL,NULL),(80,4,NULL,NULL,NULL,'0000-00-00',1996,476625000,0,1,'',NULL,NULL),(81,4,NULL,NULL,NULL,'0000-00-00',1996,3426319000,0,1,'',NULL,NULL),(82,4,NULL,NULL,NULL,'0000-00-00',1996,4547550000,0,1,'',NULL,NULL),(83,4,NULL,NULL,NULL,'0000-00-00',1996,31848165000,0,1,'',NULL,NULL),(84,4,NULL,NULL,NULL,'0000-00-00',1996,4990377000,0,1,'',NULL,NULL),(85,4,NULL,NULL,NULL,'0000-00-00',1996,32871625000,0,1,'',NULL,NULL),(86,4,NULL,NULL,NULL,'0000-00-00',1996,9409701000,0,1,'',NULL,NULL),(87,4,NULL,NULL,NULL,'0000-00-00',1996,11981378000,0,1,'',NULL,NULL),(88,4,NULL,NULL,NULL,'0000-00-00',1996,16295977000,0,1,'',NULL,NULL),(89,4,NULL,NULL,NULL,'0000-00-00',1996,17177760000,0,1,'',NULL,NULL),(90,4,NULL,NULL,NULL,'0000-00-00',1996,391510723000,0,1,'',NULL,NULL),(91,4,NULL,NULL,NULL,'0000-00-00',1996,481740712000,0,1,'',NULL,NULL),(92,4,NULL,NULL,NULL,'0000-00-00',1996,75430441000,0,1,'',NULL,NULL),(93,4,NULL,NULL,NULL,'0000-00-00',1996,75764521000,0,1,'',NULL,NULL),(94,4,NULL,NULL,NULL,'0000-00-00',1996,123840000,0,1,'',NULL,NULL),(95,4,NULL,NULL,NULL,'0000-00-00',1996,6628241000,0,1,'',NULL,NULL),(96,4,NULL,NULL,NULL,'0000-00-00',1996,5511941000,0,1,'',NULL,NULL),(97,4,NULL,NULL,NULL,'0000-00-00',1996,44189099000,0,1,'',NULL,NULL),(98,4,NULL,NULL,NULL,'0000-00-00',1996,9245092000,0,1,'',NULL,NULL),(99,4,NULL,NULL,NULL,'0000-00-00',1996,7522841000,0,1,'',NULL,NULL),(100,4,NULL,NULL,NULL,'0000-00-00',1996,9639127000,0,1,'',NULL,NULL),(101,4,NULL,NULL,NULL,'0000-00-00',1996,56015353000,0,1,'',NULL,NULL),(102,4,NULL,NULL,NULL,'0000-00-00',1996,4506496000,0,1,'',NULL,NULL),(103,4,NULL,NULL,NULL,'0000-00-00',1996,2271166000,0,1,'',NULL,NULL),(104,4,NULL,NULL,NULL,'0000-00-00',1996,3190740000,0,1,'',NULL,NULL),(105,4,NULL,NULL,NULL,'0000-00-00',1996,4760390000,0,1,'',NULL,NULL),(106,4,NULL,NULL,NULL,'0000-00-00',1996,5048526000,0,1,'',NULL,NULL),(107,4,NULL,NULL,NULL,'0000-00-00',1996,5048526000,0,1,'',NULL,NULL),(108,4,NULL,NULL,NULL,'0000-00-00',1996,6287920000,0,1,'',NULL,NULL),(109,4,NULL,NULL,NULL,'0000-00-00',1996,6544745000,0,1,'',NULL,NULL),(110,4,NULL,NULL,NULL,'0000-00-00',1996,6835490000,0,1,'',NULL,NULL),(111,4,NULL,NULL,NULL,'0000-00-00',1996,11377923000,0,1,'',NULL,NULL),(112,4,NULL,NULL,NULL,'0000-00-00',1996,1619599000,0,1,'',NULL,NULL),(113,4,NULL,NULL,NULL,'0000-00-00',1996,6165285000,0,1,'',NULL,NULL),(114,4,NULL,NULL,NULL,'0000-00-00',1996,8556849000,0,1,'',NULL,NULL),(115,4,NULL,NULL,NULL,'0000-00-00',1996,6160439000,0,1,'',NULL,NULL),(116,4,NULL,NULL,NULL,'0000-00-00',1996,6160439000,0,1,'',NULL,NULL),(117,4,NULL,NULL,NULL,'0000-00-00',1996,-449004000,0,1,'',NULL,NULL),(118,4,NULL,NULL,NULL,'0000-00-00',1996,6013576000,0,1,'',NULL,NULL),(119,4,NULL,NULL,NULL,'0000-00-00',1996,5318397000,0,1,'',NULL,NULL),(120,4,NULL,NULL,NULL,'0000-00-00',1996,5373564000,0,1,'',NULL,NULL),(121,4,NULL,NULL,NULL,'0000-00-00',1996,5392947000,0,1,'',NULL,NULL),(122,4,NULL,NULL,NULL,'0000-00-00',1996,21120094000,0,1,'',NULL,NULL),(123,4,NULL,NULL,NULL,'0000-00-00',1996,22536287000,0,1,'',NULL,NULL),(124,4,NULL,NULL,NULL,'0000-00-00',1996,25132316000,0,1,'',NULL,NULL),(125,4,NULL,NULL,NULL,'0000-00-00',1996,11377923000,0,1,'',NULL,NULL),(126,4,NULL,NULL,NULL,'0000-00-00',1996,7598910000,0,1,'',NULL,NULL),(127,4,NULL,NULL,NULL,'0000-00-00',1996,8174494000,0,1,'',NULL,NULL),(128,4,NULL,NULL,NULL,'0000-00-00',1996,11129473000,0,1,'',NULL,NULL),(129,4,NULL,NULL,NULL,'0000-00-00',1996,24675894000,0,1,'',NULL,NULL),(130,4,NULL,NULL,NULL,'0000-00-00',1996,30460699000,0,1,'',NULL,NULL),(131,4,NULL,NULL,NULL,'0000-00-00',1996,30514906000,0,1,'',NULL,NULL),(132,4,NULL,NULL,NULL,'0000-00-00',1996,51469161000,0,1,'',NULL,NULL),(133,4,NULL,NULL,NULL,'0000-00-00',1996,44853972000,0,1,'',NULL,NULL),(134,4,NULL,NULL,NULL,'0000-00-00',1996,61550748000,0,1,'',NULL,NULL),(135,4,NULL,NULL,NULL,'0000-00-00',1996,-7716063502,0,1,'',NULL,NULL),(136,4,NULL,NULL,NULL,'0000-00-00',1996,26852768000,0,1,'',NULL,NULL),(137,4,NULL,NULL,NULL,'0000-00-00',1996,43817064000,0,1,'',NULL,NULL),(138,4,NULL,NULL,NULL,'0000-00-00',1996,48869188000,0,1,'',NULL,NULL),(139,4,NULL,NULL,NULL,'0000-00-00',1996,93353928000,0,1,'',NULL,NULL),(140,4,NULL,NULL,NULL,'0000-00-00',1996,93353928000,0,1,'',NULL,NULL),(141,4,NULL,NULL,NULL,'0000-00-00',1996,235940037000,0,1,'',NULL,NULL),(142,4,NULL,NULL,NULL,'0000-00-00',1996,25505065000,0,1,'',NULL,NULL),(143,5,NULL,NULL,NULL,'0000-00-00',1996,4554439000,0,1,'',NULL,NULL),(144,5,NULL,NULL,NULL,'0000-00-00',1996,1379019000,0,1,'',NULL,NULL),(145,5,NULL,NULL,NULL,'0000-00-00',1996,1493063000,0,1,'',NULL,NULL),(146,5,NULL,NULL,NULL,'0000-00-00',1996,3713817000,0,1,'',NULL,NULL),(147,5,NULL,NULL,NULL,'0000-00-00',1996,682798000,0,1,'',NULL,NULL),(148,5,NULL,NULL,NULL,'0000-00-00',1996,10914022000,0,1,'',NULL,NULL),(149,5,NULL,NULL,NULL,'0000-00-00',1996,3583642000,0,1,'',NULL,NULL),(150,5,NULL,NULL,NULL,'0000-00-00',1996,3635185000,0,1,'',NULL,NULL),(151,5,NULL,NULL,NULL,'0000-00-00',1996,5279920000,0,1,'',NULL,NULL),(152,5,NULL,NULL,NULL,'0000-00-00',1996,3558066000,0,1,'',NULL,NULL),(153,5,NULL,NULL,NULL,'0000-00-00',1996,12334311000,0,1,'',NULL,NULL),(154,5,NULL,NULL,NULL,'0000-00-00',1996,20885117000,0,1,'',NULL,NULL),(155,5,NULL,NULL,NULL,'0000-00-00',1996,53230258000,0,1,'',NULL,NULL),(156,5,NULL,NULL,NULL,'0000-00-00',1996,20027510000,0,1,'',NULL,NULL),(157,5,NULL,NULL,NULL,'0000-00-00',1996,32083243000,0,1,'',NULL,NULL),(158,5,NULL,NULL,NULL,'0000-00-00',1996,23883850000,0,1,'',NULL,NULL),(159,1,NULL,NULL,NULL,NULL,2019,2019,NULL,2,'',NULL,NULL),(160,2,NULL,NULL,NULL,NULL,444,4444,NULL,1,'',NULL,NULL),(161,1,NULL,NULL,NULL,NULL,2019,2019,NULL,1,'TEST',NULL,NULL),(162,5,NULL,NULL,NULL,NULL,1996,11345452000,NULL,1,'',NULL,NULL),(163,5,NULL,NULL,NULL,NULL,1996,12569188000,NULL,1,'',NULL,NULL),(164,5,NULL,NULL,NULL,NULL,1996,53230258000,NULL,1,'',NULL,NULL),(165,5,NULL,NULL,NULL,NULL,1996,15185913000,NULL,1,'',NULL,NULL),(166,5,NULL,NULL,NULL,NULL,1996,9395147000,NULL,1,'',NULL,NULL),(167,2,NULL,NULL,NULL,NULL,1973,11709175000,NULL,1,'',NULL,NULL),(168,2,NULL,NULL,NULL,NULL,1994,10775216000,NULL,1,'',NULL,NULL),(169,6,NULL,NULL,NULL,NULL,1996,169305000,NULL,1,'Tanah jalan masyarakat',NULL,NULL),(170,6,NULL,NULL,NULL,NULL,1996,249047000,NULL,1,'Tanah jalan masyarakat',NULL,NULL),(171,6,NULL,NULL,NULL,NULL,1996,6276595000,NULL,1,'Tanah jalan masyarakat',NULL,NULL),(172,6,NULL,NULL,NULL,NULL,1996,24103935000,NULL,1,'Jalan warga dengan posisi berbatu',NULL,NULL),(173,7,NULL,NULL,NULL,NULL,1996,56199999000,NULL,1,'Tanah untuk Acces Road DAM Site Sengguruh',NULL,NULL),(174,4,NULL,NULL,NULL,NULL,1996,5596570000,NULL,1,'Digunakan warga untuk sandaran perahu, sebagian untuk jalan warga',NULL,NULL),(175,4,NULL,NULL,NULL,NULL,1996,12408660000,NULL,1,'Daerah rendaman',NULL,NULL),(176,4,NULL,NULL,NULL,NULL,1996,110315912000,NULL,1,'Disewakan ke masyarakat sebagai tanah sawah',NULL,NULL),(177,1,NULL,NULL,NULL,NULL,888,6969595,NULL,1,'ddd',NULL,NULL),(178,5,NULL,NULL,NULL,NULL,1996,16069337000,NULL,1,'',NULL,NULL),(179,2,NULL,NULL,NULL,NULL,1994,886614700,NULL,1,'',NULL,NULL),(180,2,NULL,NULL,NULL,NULL,1994,872708750,NULL,1,'',NULL,NULL),(181,2,NULL,NULL,NULL,NULL,1994,376796370,NULL,1,'',NULL,NULL),(182,2,NULL,NULL,NULL,NULL,1994,2047956680,NULL,1,'',NULL,NULL),(183,2,NULL,NULL,NULL,NULL,1994,957025820,NULL,1,'',NULL,NULL),(184,2,NULL,NULL,NULL,NULL,1996,99486000,NULL,1,'',NULL,NULL),(185,2,NULL,NULL,NULL,NULL,1996,530754000,NULL,1,'',NULL,NULL),(186,2,NULL,NULL,NULL,NULL,1996,1225826000,NULL,1,'',NULL,NULL),(187,2,NULL,NULL,NULL,NULL,1996,4231728000,NULL,1,'',NULL,NULL),(188,2,NULL,NULL,NULL,NULL,1996,3285322000,NULL,1,'',NULL,NULL),(189,2,NULL,NULL,NULL,NULL,1996,2217468000,NULL,1,'',NULL,NULL),(190,2,NULL,NULL,NULL,NULL,1996,1992060000,NULL,1,'',NULL,NULL),(191,2,NULL,NULL,NULL,NULL,1996,1456562000,NULL,1,'',NULL,NULL),(192,2,NULL,NULL,NULL,NULL,1996,1581694000,NULL,1,'',NULL,NULL),(193,2,NULL,NULL,NULL,NULL,1996,2938572000,NULL,1,'',NULL,NULL),(194,2,NULL,NULL,NULL,NULL,1996,3429658000,NULL,1,'',NULL,NULL),(195,2,NULL,NULL,NULL,NULL,1996,2689392000,NULL,1,'',NULL,NULL),(196,2,NULL,NULL,NULL,NULL,1996,2173975000,NULL,1,'',NULL,NULL),(197,2,NULL,NULL,NULL,NULL,1996,9539076000,NULL,1,'',NULL,NULL),(198,2,NULL,NULL,NULL,NULL,1996,3474726000,NULL,1,'',NULL,NULL),(199,2,NULL,NULL,NULL,NULL,1996,3182381000,NULL,1,'',NULL,NULL),(200,2,NULL,NULL,NULL,NULL,1996,4154558000,NULL,1,'',NULL,NULL),(201,2,NULL,NULL,NULL,NULL,1996,5497426000,NULL,1,'',NULL,NULL),(202,2,NULL,NULL,NULL,NULL,1996,9816775000,NULL,1,'',NULL,NULL),(203,2,NULL,NULL,NULL,NULL,1996,7629852000,NULL,1,'',NULL,NULL),(204,2,NULL,NULL,NULL,NULL,1996,9013420000,NULL,1,'',NULL,NULL),(205,2,NULL,NULL,NULL,NULL,1996,9657968000,NULL,1,'',NULL,NULL),(206,2,NULL,NULL,NULL,NULL,1996,14910436000,NULL,1,'',NULL,NULL),(207,2,NULL,NULL,NULL,NULL,1996,19604970000,NULL,1,'',NULL,NULL),(208,2,NULL,NULL,NULL,NULL,1996,10988520000,NULL,1,'',NULL,NULL),(209,2,NULL,NULL,NULL,NULL,1996,17003852000,NULL,1,'',NULL,NULL),(210,2,NULL,NULL,NULL,NULL,1996,10809066000,NULL,1,'',NULL,NULL),(211,2,NULL,NULL,NULL,NULL,1996,24702368000,NULL,1,'',NULL,NULL),(212,2,NULL,NULL,NULL,NULL,1996,6137758000,NULL,1,'',NULL,NULL),(213,2,NULL,NULL,NULL,NULL,1996,18669228000,NULL,1,'',NULL,NULL),(214,2,NULL,NULL,NULL,NULL,1996,23966904000,NULL,1,'',NULL,NULL),(215,2,NULL,NULL,NULL,NULL,1996,19369078000,NULL,1,'',NULL,NULL),(216,2,NULL,NULL,NULL,NULL,1996,24991188000,NULL,1,'',NULL,NULL),(217,2,NULL,NULL,NULL,NULL,1996,26246000,NULL,1,'',NULL,NULL),(218,2,NULL,NULL,NULL,NULL,1996,138507000,NULL,1,'',NULL,NULL),(219,2,NULL,NULL,NULL,NULL,1996,189241000,NULL,1,'',NULL,NULL),(220,2,NULL,NULL,NULL,NULL,1996,326256000,NULL,1,'',NULL,NULL),(221,2,NULL,NULL,NULL,NULL,1996,566344000,NULL,1,'',NULL,NULL),(222,2,NULL,NULL,NULL,NULL,1996,544501000,NULL,1,'',NULL,NULL),(223,2,NULL,NULL,NULL,NULL,1996,651710000,NULL,1,'',NULL,NULL),(224,2,NULL,NULL,NULL,NULL,1996,1301663000,NULL,1,'',NULL,NULL),(225,2,NULL,NULL,NULL,NULL,1996,716419000,NULL,1,'',NULL,NULL),(226,2,NULL,NULL,NULL,NULL,1996,2410571000,NULL,1,'',NULL,NULL),(227,2,NULL,NULL,NULL,NULL,1996,1407046000,NULL,1,'',NULL,NULL),(228,2,NULL,NULL,NULL,NULL,1996,3281040000,NULL,1,'',NULL,NULL),(229,2,NULL,NULL,NULL,NULL,1996,1927913000,NULL,1,'',NULL,NULL),(230,2,NULL,NULL,NULL,NULL,1996,1937766000,NULL,1,'',NULL,NULL),(231,2,NULL,NULL,NULL,NULL,1996,8734815000,NULL,1,'',NULL,NULL),(232,2,NULL,NULL,NULL,NULL,1996,10665307000,NULL,1,'',NULL,NULL),(233,2,NULL,NULL,NULL,NULL,1996,861407000,NULL,1,'',NULL,NULL),(234,2,NULL,NULL,NULL,NULL,1996,2023219000,NULL,1,'',NULL,NULL),(235,2,NULL,NULL,NULL,NULL,1996,3696406000,NULL,1,'',NULL,NULL),(236,2,NULL,NULL,NULL,NULL,1996,2986007000,NULL,1,'',NULL,NULL),(237,2,NULL,NULL,NULL,NULL,1977,737175131640,NULL,1,'',NULL,NULL),(238,2,NULL,NULL,NULL,NULL,1978,126166086310,NULL,1,'',NULL,NULL),(239,2,NULL,NULL,NULL,NULL,1978,98781847750,NULL,1,'',NULL,NULL),(240,2,NULL,NULL,NULL,NULL,1978,8790021310,NULL,1,'',NULL,NULL),(241,5,NULL,NULL,NULL,NULL,1996,68673170000,NULL,1,'',NULL,NULL),(242,2,NULL,NULL,NULL,NULL,1996,12060261000,NULL,1,'',NULL,NULL),(243,2,NULL,NULL,NULL,NULL,1996,18912091000,NULL,1,'',NULL,NULL),(244,2,NULL,NULL,NULL,NULL,1978,39240608000,NULL,1,'',NULL,NULL),(245,2,NULL,NULL,NULL,NULL,1978,272027752360,NULL,1,'',NULL,NULL),(246,2,NULL,NULL,NULL,NULL,1987,81742396090,NULL,1,'',NULL,NULL),(247,5,NULL,NULL,NULL,NULL,1996,84989680000,NULL,1,'',NULL,NULL),(248,2,NULL,NULL,NULL,NULL,1978,247258860750,NULL,1,'',NULL,NULL),(249,6,NULL,NULL,NULL,NULL,1996,747903000,NULL,1,'',NULL,NULL),(250,2,NULL,NULL,NULL,NULL,1978,4249714888010,NULL,1,'',NULL,NULL),(251,6,NULL,NULL,NULL,NULL,1996,2731537000,NULL,1,'',NULL,NULL),(252,2,NULL,NULL,NULL,NULL,1978,503754234900,NULL,1,'',NULL,NULL),(253,6,NULL,NULL,NULL,NULL,1996,4278853000,NULL,1,'',NULL,NULL),(254,6,NULL,NULL,NULL,NULL,1996,3234089000,NULL,1,'',NULL,NULL),(255,6,NULL,NULL,NULL,NULL,1996,5627760000,NULL,1,'',NULL,NULL),(256,6,NULL,NULL,NULL,NULL,1996,1098283000,NULL,1,'',NULL,NULL),(257,3,NULL,NULL,NULL,NULL,1985,4392795000,NULL,1,'',NULL,NULL),(258,6,NULL,NULL,NULL,NULL,1996,4391702000,NULL,1,'',NULL,NULL),(259,6,NULL,NULL,NULL,NULL,1996,7085091000,NULL,1,'',NULL,NULL),(260,3,NULL,NULL,NULL,NULL,1985,4229657000,NULL,1,'',NULL,NULL),(261,7,NULL,NULL,NULL,NULL,1994,1035171285000,NULL,1,'',NULL,NULL),(262,3,NULL,NULL,NULL,NULL,1985,377082000,NULL,1,'',NULL,NULL),(263,2,NULL,NULL,NULL,NULL,1994,315903450,NULL,1,'',NULL,NULL),(264,2,NULL,NULL,NULL,NULL,1994,545987000,NULL,1,'',NULL,NULL),(265,2,NULL,NULL,NULL,NULL,1994,3891086000,NULL,1,'',NULL,NULL),(266,2,NULL,NULL,NULL,NULL,1992,3003600000,NULL,1,'',NULL,NULL),(267,2,NULL,NULL,NULL,NULL,1994,2156613500,NULL,1,'',NULL,NULL),(268,2,NULL,NULL,NULL,NULL,1994,1274848700,NULL,1,'',NULL,NULL),(269,7,NULL,NULL,NULL,NULL,1994,907034000,NULL,1,'',NULL,NULL),(270,3,NULL,NULL,NULL,NULL,1983,224377250,NULL,1,'',NULL,NULL),(271,2,NULL,NULL,NULL,NULL,1994,12701500,NULL,1,'',NULL,NULL),(272,2,NULL,NULL,NULL,NULL,1994,11614367000,NULL,1,'',NULL,NULL),(273,2,NULL,NULL,NULL,NULL,1994,127388000,NULL,1,'',NULL,NULL),(274,2,NULL,NULL,NULL,NULL,1994,23254368750,NULL,1,'',NULL,NULL),(275,2,NULL,NULL,NULL,NULL,1994,5543058000,NULL,1,'',NULL,NULL),(276,2,NULL,NULL,NULL,NULL,1994,1690361000,NULL,1,'',NULL,NULL),(277,2,NULL,NULL,NULL,NULL,1994,1392410000,NULL,1,'',NULL,NULL),(278,2,NULL,NULL,NULL,NULL,1994,400199000,NULL,1,'',NULL,NULL),(279,2,NULL,NULL,NULL,NULL,1994,346015000,NULL,1,'',NULL,NULL),(280,2,NULL,NULL,NULL,NULL,1994,32766000,NULL,1,'',NULL,NULL),(281,3,NULL,NULL,NULL,NULL,1982,224377250,NULL,1,'',NULL,NULL),(282,2,NULL,NULL,NULL,NULL,1994,60792000,NULL,1,'',NULL,NULL),(283,3,NULL,NULL,NULL,NULL,1987,4909393000,NULL,1,'',NULL,NULL),(284,2,NULL,NULL,NULL,NULL,1994,415431000,NULL,1,'',NULL,NULL),(285,2,NULL,NULL,NULL,NULL,1994,42657260,NULL,1,'',NULL,NULL),(286,4,NULL,NULL,NULL,NULL,1996,15112403000,NULL,1,'',NULL,NULL),(287,4,NULL,NULL,NULL,NULL,1996,37143000000,NULL,1,'',NULL,NULL),(288,3,NULL,NULL,NULL,NULL,1996,19295615,NULL,1,'',NULL,NULL),(289,4,NULL,NULL,NULL,NULL,1996,171100000,NULL,1,'',NULL,NULL),(290,3,NULL,NULL,NULL,NULL,1996,72478790,NULL,1,'',NULL,NULL),(291,4,NULL,NULL,NULL,NULL,1996,5187328000,NULL,1,'',NULL,NULL),(292,3,NULL,NULL,NULL,NULL,1996,154155880,NULL,1,'',NULL,NULL),(293,4,NULL,NULL,NULL,NULL,1996,920750000,NULL,1,'',NULL,NULL),(294,4,NULL,NULL,NULL,NULL,1996,1634874000,NULL,1,'',NULL,NULL),(295,3,NULL,NULL,NULL,NULL,1996,31037067,NULL,1,'',NULL,NULL),(296,4,NULL,NULL,NULL,NULL,1996,61115092000,NULL,1,'',NULL,NULL),(297,4,NULL,NULL,NULL,NULL,1996,5382400000,NULL,1,'',NULL,NULL),(298,3,NULL,NULL,NULL,NULL,1996,52620340,NULL,1,'',NULL,NULL),(299,4,NULL,NULL,NULL,NULL,1996,106759536000,NULL,1,'',NULL,NULL),(300,3,NULL,NULL,NULL,NULL,1996,34523142,NULL,1,'',NULL,NULL),(301,4,NULL,NULL,NULL,NULL,1996,22004606000,NULL,1,'',NULL,NULL),(302,4,NULL,NULL,NULL,NULL,1996,5178344000,NULL,1,'',NULL,NULL),(303,3,NULL,NULL,NULL,NULL,1996,1162025,NULL,1,'',NULL,NULL),(304,4,NULL,NULL,NULL,NULL,1996,15395872000,NULL,1,'',NULL,NULL),(305,3,NULL,NULL,NULL,NULL,1996,113452537,NULL,1,'',NULL,NULL),(306,4,NULL,NULL,NULL,NULL,1996,623354298000,NULL,1,'',NULL,NULL),(307,4,NULL,NULL,NULL,NULL,1996,118189918000,NULL,1,'',NULL,NULL),(308,3,NULL,NULL,NULL,NULL,1996,81291787,NULL,1,'',NULL,NULL),(309,3,NULL,NULL,NULL,NULL,1996,9300200,NULL,1,'',NULL,NULL),(310,4,NULL,NULL,NULL,NULL,1996,302852711000,NULL,1,'',NULL,NULL),(311,4,NULL,NULL,NULL,NULL,1996,1072148000,NULL,1,'',NULL,NULL),(312,3,NULL,NULL,NULL,NULL,1996,4532897,NULL,1,'',NULL,NULL),(313,3,NULL,NULL,NULL,NULL,1996,3488075,NULL,1,'',NULL,NULL),(314,4,NULL,NULL,NULL,NULL,1996,4251072000,NULL,1,'',NULL,NULL),(315,4,NULL,NULL,NULL,NULL,1996,1642563000,NULL,1,'',NULL,NULL),(316,3,NULL,NULL,NULL,NULL,1996,86437507,NULL,1,'',NULL,NULL),(317,4,NULL,NULL,NULL,NULL,1996,2516875000,NULL,1,'',NULL,NULL),(318,4,NULL,NULL,NULL,NULL,1996,205486489000,NULL,1,'',NULL,NULL),(319,3,NULL,NULL,NULL,NULL,1996,17203970,NULL,1,'',NULL,NULL),(320,4,NULL,NULL,NULL,NULL,1996,330297106000,NULL,1,'',NULL,NULL),(321,3,NULL,NULL,NULL,NULL,1996,8092272732,NULL,1,'',NULL,NULL),(322,4,NULL,NULL,NULL,NULL,1996,924095000,NULL,1,'',NULL,NULL),(323,4,NULL,NULL,NULL,NULL,1996,6189395000,NULL,1,'',NULL,NULL),(324,3,NULL,NULL,NULL,NULL,1996,7664053477,NULL,1,'',NULL,NULL),(325,4,NULL,NULL,NULL,NULL,1996,2382149000,NULL,1,'',NULL,NULL),(326,3,NULL,NULL,NULL,NULL,1996,69446322,NULL,1,'',NULL,NULL),(327,1,NULL,NULL,NULL,NULL,1994,2553964000,NULL,1,'',NULL,NULL),(328,4,NULL,NULL,NULL,NULL,1996,10064035000,NULL,1,'',NULL,NULL),(329,4,NULL,NULL,NULL,NULL,1996,32978170000,NULL,1,'',NULL,NULL),(330,3,NULL,NULL,NULL,NULL,1996,497041570,NULL,1,'',NULL,NULL),(331,4,NULL,NULL,NULL,NULL,1996,4705299000,NULL,1,'',NULL,NULL),(332,3,NULL,NULL,NULL,NULL,1996,317883892,NULL,1,'',NULL,NULL),(333,4,NULL,NULL,NULL,NULL,1996,407790000,NULL,1,'',NULL,NULL),(334,4,NULL,NULL,NULL,NULL,1996,10279553000,NULL,1,'',NULL,NULL),(335,3,NULL,NULL,NULL,NULL,1996,453116077,NULL,1,'',NULL,NULL),(336,4,NULL,NULL,NULL,NULL,1996,5105016000,NULL,1,'',NULL,NULL),(337,3,NULL,NULL,NULL,NULL,1996,141049175,NULL,1,'',NULL,NULL),(338,4,NULL,NULL,NULL,NULL,1996,47190505000,NULL,1,'',NULL,NULL),(339,3,NULL,NULL,NULL,NULL,1996,232524640,NULL,1,'',NULL,NULL),(340,1,NULL,NULL,NULL,NULL,1994,193770000,NULL,1,'',NULL,NULL),(341,4,NULL,NULL,NULL,NULL,1996,42461035000,NULL,1,'',NULL,NULL),(342,3,NULL,NULL,NULL,NULL,1996,284818295,NULL,1,'',NULL,NULL),(343,3,NULL,NULL,NULL,NULL,1996,522641410,NULL,1,'',NULL,NULL),(344,1,NULL,NULL,NULL,NULL,1994,341652000,NULL,1,'',NULL,NULL),(345,3,NULL,NULL,NULL,NULL,1996,114631765,NULL,1,'',NULL,NULL),(346,1,NULL,NULL,NULL,NULL,1994,828896000,NULL,1,'',NULL,NULL),(347,3,NULL,NULL,NULL,NULL,1996,298723430,NULL,1,'',NULL,NULL),(348,3,NULL,NULL,NULL,NULL,1996,714813930,NULL,1,'',NULL,NULL),(349,3,NULL,NULL,NULL,NULL,1996,5239616420,NULL,1,'',NULL,NULL),(350,1,NULL,NULL,NULL,NULL,1994,1195912000,NULL,1,'',NULL,NULL),(351,3,NULL,NULL,NULL,NULL,1996,739418567,NULL,1,'',NULL,NULL),(352,3,NULL,NULL,NULL,NULL,1996,6276935,NULL,1,'',NULL,NULL),(353,4,NULL,NULL,NULL,NULL,1996,73294655000,NULL,1,'',NULL,NULL),(354,3,NULL,NULL,NULL,NULL,1996,97586567,NULL,1,'',NULL,NULL),(355,4,NULL,NULL,NULL,NULL,1996,22218604000,NULL,1,'',NULL,NULL),(356,1,NULL,NULL,NULL,NULL,1994,1380374000,NULL,1,'',NULL,NULL),(357,3,NULL,NULL,NULL,NULL,1996,87831140,NULL,1,'',NULL,NULL),(358,4,NULL,NULL,NULL,NULL,1996,76656033000,NULL,1,'',NULL,NULL),(359,4,NULL,NULL,NULL,NULL,1996,55600824000,NULL,1,'',NULL,NULL),(360,3,NULL,NULL,NULL,NULL,1996,100481035,NULL,1,'',NULL,NULL),(361,1,NULL,NULL,NULL,NULL,1981,113748648000,NULL,1,'',NULL,NULL),(362,4,NULL,NULL,NULL,NULL,1996,24472634000,NULL,1,'',NULL,NULL),(363,4,NULL,NULL,NULL,NULL,1996,8723664000,NULL,1,'',NULL,NULL),(364,3,NULL,NULL,NULL,NULL,1996,109378842,NULL,1,'',NULL,NULL),(365,3,NULL,NULL,NULL,NULL,1996,168015002,NULL,1,'',NULL,NULL),(366,4,NULL,NULL,NULL,NULL,1996,28570727000,NULL,1,'',NULL,NULL),(367,3,NULL,NULL,NULL,NULL,1996,411303762,NULL,1,'',NULL,NULL),(368,1,NULL,NULL,NULL,NULL,1994,498354000,NULL,1,'',NULL,NULL),(369,3,NULL,NULL,NULL,NULL,1996,97800972,NULL,1,'',NULL,NULL),(370,4,NULL,NULL,NULL,NULL,1996,10168516000,NULL,1,'',NULL,NULL),(371,3,NULL,NULL,NULL,NULL,1996,3255670,NULL,1,'',NULL,NULL),(372,4,NULL,NULL,NULL,NULL,1996,12802131000,NULL,1,'',NULL,NULL),(373,1,NULL,NULL,NULL,NULL,1994,373854000,NULL,1,'',NULL,NULL),(374,3,NULL,NULL,NULL,NULL,1996,32083890,NULL,1,'',NULL,NULL),(375,4,NULL,NULL,NULL,NULL,1996,813484000,NULL,1,'',NULL,NULL),(376,3,NULL,NULL,NULL,NULL,1996,32083890,NULL,1,'',NULL,NULL),(377,1,NULL,NULL,NULL,NULL,1994,206922000,NULL,1,'',NULL,NULL),(378,1,NULL,NULL,NULL,NULL,1980,284374018000,NULL,1,'',NULL,NULL),(379,2,NULL,NULL,NULL,NULL,1995,24262279427,NULL,1,'',NULL,NULL),(380,4,NULL,NULL,NULL,NULL,1996,1832893000,NULL,1,'',NULL,NULL),(381,4,NULL,NULL,NULL,NULL,1996,7830480000,NULL,1,'',NULL,NULL),(382,2,NULL,NULL,NULL,NULL,1995,21788244379,NULL,1,'',NULL,NULL),(383,1,NULL,NULL,NULL,NULL,1994,26293886000,NULL,1,'',NULL,NULL),(384,4,NULL,NULL,NULL,NULL,1996,8912062000,NULL,1,'',NULL,NULL),(385,4,NULL,NULL,NULL,NULL,1996,3991000,NULL,1,'',NULL,NULL),(386,1,NULL,NULL,NULL,NULL,1981,39427372000,NULL,1,'',NULL,NULL),(387,2,NULL,NULL,NULL,NULL,1993,2365827207,NULL,1,'',NULL,NULL),(388,2,NULL,NULL,NULL,NULL,1992,9000113982,NULL,1,'',NULL,NULL),(389,1,NULL,NULL,NULL,NULL,1981,50935808000,NULL,1,'',NULL,NULL),(390,2,NULL,NULL,NULL,NULL,1992,5389271945,NULL,1,'',NULL,NULL),(391,2,NULL,NULL,NULL,NULL,1992,9141543767,NULL,1,'',NULL,NULL),(392,1,NULL,NULL,NULL,NULL,1981,71631158000,NULL,1,'',NULL,NULL),(393,2,NULL,NULL,NULL,NULL,1992,5470756535,NULL,1,'',NULL,NULL),(394,2,NULL,NULL,NULL,NULL,1992,6201361145,NULL,1,'',NULL,NULL),(395,1,NULL,NULL,NULL,NULL,1980,282257548000,NULL,1,'',NULL,NULL),(396,2,NULL,NULL,NULL,NULL,1992,8853815105,NULL,1,'',NULL,NULL),(397,2,NULL,NULL,NULL,NULL,1993,1997561536,NULL,1,'',NULL,NULL),(398,2,NULL,NULL,NULL,NULL,1993,408158356,NULL,1,'',NULL,NULL),(399,1,NULL,NULL,NULL,NULL,1976,1857864000,NULL,1,'',NULL,NULL),(400,4,NULL,NULL,NULL,NULL,1996,3071928000,NULL,1,'',NULL,NULL),(401,2,NULL,NULL,NULL,NULL,1993,280110609,NULL,1,'',NULL,NULL),(402,5,NULL,NULL,NULL,NULL,1996,1886705000,NULL,1,'',NULL,NULL),(403,2,NULL,NULL,NULL,NULL,1993,237022799,NULL,1,'',NULL,NULL),(404,5,NULL,NULL,NULL,NULL,1996,1913053000,NULL,1,'',NULL,NULL),(405,2,NULL,NULL,NULL,NULL,1993,396537205,NULL,1,'',NULL,NULL),(406,5,NULL,NULL,NULL,NULL,1996,1949752000,NULL,1,'',NULL,NULL),(407,5,NULL,NULL,NULL,NULL,1996,2079610000,NULL,1,'',NULL,NULL),(408,2,NULL,NULL,NULL,NULL,1993,403249529,NULL,1,'',NULL,NULL),(409,5,NULL,NULL,NULL,NULL,1996,2978735000,NULL,1,'',NULL,NULL),(410,5,NULL,NULL,NULL,NULL,1996,2982970000,NULL,1,'',NULL,NULL),(411,2,NULL,NULL,NULL,NULL,1993,354678279,NULL,1,'',NULL,NULL),(412,5,NULL,NULL,NULL,NULL,1996,112920000,NULL,1,'',NULL,NULL),(413,5,NULL,NULL,NULL,NULL,1996,3406420000,NULL,1,'',NULL,NULL),(414,5,NULL,NULL,NULL,NULL,1996,4136636000,NULL,1,'',NULL,NULL),(415,5,NULL,NULL,NULL,NULL,1996,8102010000,NULL,1,'',NULL,NULL),(416,5,NULL,NULL,NULL,NULL,1996,9180396000,NULL,1,'',NULL,NULL),(417,5,NULL,NULL,NULL,NULL,1996,10670940000,NULL,1,'',NULL,NULL),(418,5,NULL,NULL,NULL,NULL,1996,11395510000,NULL,1,'',NULL,NULL),(419,5,NULL,NULL,NULL,NULL,1996,5871840000,NULL,1,'',NULL,NULL),(420,5,NULL,NULL,NULL,NULL,1996,8230840000,NULL,1,'',NULL,NULL),(421,1,NULL,NULL,NULL,NULL,1994,26293886000,NULL,1,'',NULL,NULL),(422,5,NULL,NULL,NULL,NULL,1996,4554439000,NULL,1,'',NULL,NULL),(423,5,NULL,NULL,NULL,NULL,1996,995650000,NULL,1,'',NULL,NULL),(424,5,NULL,NULL,NULL,NULL,1996,460311000,NULL,1,'',NULL,NULL),(425,5,NULL,NULL,NULL,NULL,1996,1144205000,NULL,1,'',NULL,NULL),(426,5,NULL,NULL,NULL,NULL,1996,46890000,NULL,1,'',NULL,NULL),(427,1,NULL,NULL,NULL,NULL,2009,2164145000,NULL,1,'',NULL,NULL),(428,5,NULL,NULL,NULL,NULL,1996,53382930000,NULL,1,'',NULL,NULL),(429,5,NULL,NULL,NULL,NULL,1996,12791287000,NULL,1,'',NULL,NULL),(430,5,NULL,NULL,NULL,NULL,1996,17583204000,NULL,1,'',NULL,NULL),(431,5,NULL,NULL,NULL,NULL,1996,1163462000,NULL,1,'',NULL,NULL),(432,6,NULL,NULL,NULL,NULL,1969,2503710000,NULL,1,'',NULL,NULL),(433,1,NULL,NULL,NULL,NULL,2009,1735639000,NULL,1,'',NULL,NULL),(434,6,NULL,NULL,NULL,NULL,1964,387021000,NULL,1,'',NULL,NULL),(435,6,NULL,NULL,NULL,NULL,1964,2458401000,NULL,1,'',NULL,NULL),(436,6,NULL,NULL,NULL,NULL,1969,1539907000,NULL,1,'',NULL,NULL),(437,6,NULL,NULL,NULL,NULL,1972,6499048000,NULL,1,'',NULL,NULL),(438,6,NULL,NULL,NULL,NULL,1969,2888906000,NULL,1,'',NULL,NULL),(439,1,NULL,NULL,NULL,NULL,1981,292352762000,NULL,1,'',NULL,NULL),(440,6,NULL,NULL,NULL,NULL,1963,750266000,NULL,1,'',NULL,NULL),(441,6,NULL,NULL,NULL,NULL,1964,486717000,NULL,1,'',NULL,NULL),(442,6,NULL,NULL,NULL,NULL,1965,4773648000,NULL,1,'',NULL,NULL),(443,6,NULL,NULL,NULL,NULL,1972,3396389000,NULL,1,'',NULL,NULL),(444,1,NULL,NULL,NULL,NULL,1981,275145080000,NULL,1,'',NULL,NULL),(445,7,NULL,NULL,NULL,NULL,1996,2691500000,NULL,1,'',NULL,NULL),(446,7,NULL,NULL,NULL,NULL,1996,826556000,NULL,1,'',NULL,NULL),(447,1,NULL,NULL,NULL,NULL,2005,161179695000,NULL,1,'',NULL,NULL),(448,1,NULL,NULL,NULL,NULL,2009,2081882000,NULL,1,'',NULL,NULL),(449,1,NULL,NULL,NULL,NULL,2009,29072000000,NULL,1,'',NULL,NULL),(450,2,NULL,NULL,NULL,NULL,1975,9307806000,NULL,1,'',NULL,NULL),(451,2,NULL,NULL,NULL,NULL,1975,16349184000,NULL,1,'',NULL,NULL),(452,2,NULL,NULL,NULL,NULL,1978,7387051000,NULL,1,'',NULL,NULL),(453,2,NULL,NULL,NULL,NULL,1978,63780886000,NULL,1,'',NULL,NULL),(454,2,NULL,NULL,NULL,NULL,1978,14641091000,NULL,1,'',NULL,NULL),(455,2,NULL,NULL,NULL,NULL,1978,8220782000,NULL,1,'',NULL,NULL),(456,2,NULL,NULL,NULL,NULL,1978,14770399000,NULL,1,'',NULL,NULL),(457,1,NULL,NULL,NULL,NULL,2009,26472600000,NULL,1,'',NULL,NULL),(458,2,NULL,NULL,NULL,NULL,1978,50043371000,NULL,1,'',NULL,NULL),(459,2,NULL,NULL,NULL,NULL,1978,13108111000,NULL,1,'',NULL,NULL),(460,1,NULL,NULL,NULL,NULL,2009,7253244000,NULL,1,'',NULL,NULL),(461,1,NULL,NULL,NULL,NULL,2009,18802568000,NULL,1,'',NULL,NULL),(462,1,NULL,NULL,NULL,NULL,2009,12439282000,NULL,1,'',NULL,NULL),(463,1,NULL,NULL,NULL,NULL,2009,3503025000,NULL,1,'',NULL,NULL),(464,1,NULL,NULL,NULL,NULL,2009,2236954000,NULL,1,'',NULL,NULL),(465,1,NULL,NULL,NULL,NULL,1981,7889284000,NULL,1,'',NULL,NULL),(466,1,NULL,NULL,NULL,NULL,1981,158155996000,NULL,1,'',NULL,NULL),(467,1,NULL,NULL,NULL,NULL,1980,220127986000,NULL,1,'',NULL,NULL),(468,1,NULL,NULL,NULL,NULL,1981,29832522000,NULL,1,'',NULL,NULL),(469,1,NULL,NULL,NULL,NULL,1981,113360544000,NULL,1,'',NULL,NULL),(470,1,NULL,NULL,NULL,NULL,1980,208939258000,NULL,1,'',NULL,NULL),(471,1,NULL,NULL,NULL,NULL,1980,15741088000,NULL,1,'',NULL,NULL),(472,1,NULL,NULL,NULL,NULL,1994,6376836000,NULL,1,'',NULL,NULL),(473,1,NULL,NULL,NULL,NULL,1980,205813162000,NULL,1,'',NULL,NULL),(474,1,NULL,NULL,NULL,NULL,2009,131622000,NULL,1,'',NULL,NULL),(475,1,NULL,NULL,NULL,NULL,2009,235870000,NULL,1,'',NULL,NULL),(476,1,NULL,NULL,NULL,NULL,1981,219979938000,NULL,1,'',NULL,NULL),(477,1,NULL,NULL,NULL,NULL,1994,297706000,NULL,1,'',NULL,NULL),(478,1,NULL,NULL,NULL,NULL,2009,270378000,NULL,1,'',NULL,NULL),(479,1,NULL,NULL,NULL,NULL,1994,7844542000,NULL,1,'',NULL,NULL),(480,1,NULL,NULL,NULL,NULL,2009,417068000,NULL,1,'',NULL,NULL),(481,1,NULL,NULL,NULL,NULL,1994,188166000,NULL,1,'',NULL,NULL),(482,1,NULL,NULL,NULL,NULL,1981,19576038000,NULL,1,'',NULL,NULL),(483,1,NULL,NULL,NULL,NULL,1994,3872142000,NULL,1,'',NULL,NULL),(484,1,NULL,NULL,NULL,NULL,1994,13671484000,NULL,1,'',NULL,NULL),(485,1,NULL,NULL,NULL,NULL,1981,185635980000,NULL,1,'',NULL,NULL),(486,1,NULL,NULL,NULL,NULL,1994,2678544000,NULL,1,'',NULL,NULL),(487,1,NULL,NULL,NULL,NULL,1994,3584160000,NULL,1,'',NULL,NULL),(488,1,NULL,NULL,NULL,NULL,1994,412568000,NULL,1,'',NULL,NULL),(489,1,NULL,NULL,NULL,NULL,1994,975314000,NULL,1,'',NULL,NULL),(490,1,NULL,NULL,NULL,NULL,1994,94402000,NULL,1,'',NULL,NULL),(491,1,NULL,NULL,NULL,NULL,1994,6200542000,NULL,1,'',NULL,NULL),(492,1,NULL,NULL,NULL,NULL,1994,747068000,NULL,1,'',NULL,NULL),(493,1,NULL,NULL,NULL,NULL,1994,151849506000,NULL,1,'',NULL,NULL),(494,1,NULL,NULL,NULL,NULL,1994,1641312000,NULL,1,'',NULL,NULL),(495,1,NULL,NULL,NULL,NULL,1994,56024000,NULL,1,'',NULL,NULL),(496,1,NULL,NULL,NULL,NULL,1994,2555396000,NULL,1,'',NULL,NULL),(497,1,NULL,NULL,NULL,NULL,1981,31461596000,NULL,1,'',NULL,NULL),(498,1,NULL,NULL,NULL,NULL,1996,2928762000,NULL,1,'',NULL,NULL),(499,1,NULL,NULL,NULL,NULL,1996,302994000,NULL,1,'',NULL,NULL),(500,1,NULL,NULL,NULL,NULL,1996,73628000,NULL,1,'',NULL,NULL),(501,1,NULL,NULL,NULL,NULL,1981,3528112000,NULL,1,'',NULL,NULL),(502,1,NULL,NULL,NULL,NULL,1996,204612000,NULL,1,'',NULL,NULL),(503,1,NULL,NULL,NULL,NULL,1996,96344000,NULL,1,'',NULL,NULL),(504,1,NULL,NULL,NULL,NULL,1996,342378000,NULL,1,'',NULL,NULL),(505,1,NULL,NULL,NULL,NULL,1994,442566000,NULL,1,'',NULL,NULL),(506,1,NULL,NULL,NULL,NULL,1996,47378000,NULL,1,'',NULL,NULL),(507,1,NULL,NULL,NULL,NULL,1996,283626000,NULL,1,'',NULL,NULL),(508,1,NULL,NULL,NULL,NULL,1994,130190000,NULL,1,'',NULL,NULL),(509,1,NULL,NULL,NULL,NULL,1996,109184000,NULL,1,'',NULL,NULL),(510,1,NULL,NULL,NULL,NULL,1996,47287170000,NULL,1,'',NULL,NULL),(511,1,NULL,NULL,NULL,NULL,1994,764364000,NULL,1,'',NULL,NULL),(512,1,NULL,NULL,NULL,NULL,1996,607460000,NULL,1,'',NULL,NULL),(513,1,NULL,NULL,NULL,NULL,1996,326436000,NULL,1,'',NULL,NULL),(514,1,NULL,NULL,NULL,NULL,1994,2669324000,NULL,1,'',NULL,NULL),(515,1,NULL,NULL,NULL,NULL,1996,539732000,NULL,1,'',NULL,NULL),(516,1,NULL,NULL,NULL,NULL,1994,1108852000,NULL,1,'',NULL,NULL),(517,1,NULL,NULL,NULL,NULL,1996,247916000,NULL,1,'',NULL,NULL),(518,1,NULL,NULL,NULL,NULL,1996,111384000,NULL,1,'',NULL,NULL),(519,1,NULL,NULL,NULL,NULL,1996,168546000,NULL,1,'',NULL,NULL),(520,1,NULL,NULL,NULL,NULL,1996,3586322000,NULL,1,'',NULL,NULL),(521,1,NULL,NULL,NULL,NULL,1981,21218064000,NULL,1,'',NULL,NULL),(522,1,NULL,NULL,NULL,NULL,1996,38938374000,NULL,1,'',NULL,NULL),(523,1,NULL,NULL,NULL,NULL,1981,96132038000,NULL,1,'',NULL,NULL),(524,1,NULL,NULL,NULL,NULL,1994,155998000,NULL,1,'',NULL,NULL),(525,1,NULL,NULL,NULL,NULL,1994,745232000,NULL,1,'',NULL,NULL),(526,1,NULL,NULL,NULL,NULL,1994,153640000,NULL,1,'',NULL,NULL),(527,1,NULL,NULL,NULL,NULL,1994,1745796000,NULL,1,'',NULL,NULL),(528,1,NULL,NULL,NULL,NULL,1994,3777298000,NULL,1,'',NULL,NULL),(529,1,NULL,NULL,NULL,NULL,1994,2010846000,NULL,1,'',NULL,NULL),(530,1,NULL,NULL,NULL,NULL,1994,273862000,NULL,1,'',NULL,NULL),(531,1,NULL,NULL,NULL,NULL,1994,1258036000,NULL,1,'',NULL,NULL),(532,1,NULL,NULL,NULL,NULL,1994,96202000,NULL,1,'',NULL,NULL),(533,1,NULL,NULL,NULL,NULL,1994,2606670000,NULL,1,'',NULL,NULL),(534,1,NULL,NULL,NULL,NULL,2009,1023643000,NULL,1,'',NULL,NULL),(535,1,NULL,NULL,NULL,NULL,2009,3143888000,NULL,1,'',NULL,NULL),(536,1,NULL,NULL,NULL,NULL,1994,959446000,NULL,1,'',NULL,NULL),(537,1,NULL,NULL,NULL,NULL,1994,300278000,NULL,1,'',NULL,NULL),(538,1,NULL,NULL,NULL,NULL,2009,14881110000,NULL,1,'',NULL,NULL),(539,1,NULL,NULL,NULL,NULL,1994,10889170000,NULL,1,'',NULL,NULL),(540,1,NULL,NULL,NULL,NULL,1994,2613402000,NULL,1,'',NULL,NULL),(541,1,NULL,NULL,NULL,NULL,1981,28795670000,NULL,1,'',NULL,NULL),(542,1,NULL,NULL,NULL,NULL,1994,485810000,NULL,1,'',NULL,NULL),(543,1,NULL,NULL,NULL,NULL,1994,840946000,NULL,1,'',NULL,NULL),(544,1,NULL,NULL,NULL,NULL,1994,4333674000,NULL,1,'',NULL,NULL),(545,1,NULL,NULL,NULL,NULL,1994,3249248000,NULL,1,'',NULL,NULL),(546,1,NULL,NULL,NULL,NULL,1994,1232272000,NULL,1,'',NULL,NULL),(547,1,NULL,NULL,NULL,NULL,1994,1468772000,NULL,1,'',NULL,NULL),(548,1,NULL,NULL,NULL,NULL,1994,673112000,NULL,1,'',NULL,NULL),(549,1,NULL,NULL,NULL,NULL,1994,7786384000,NULL,1,'',NULL,NULL),(550,1,NULL,NULL,NULL,NULL,1994,155324000,NULL,1,'',NULL,NULL),(551,1,NULL,NULL,NULL,NULL,1994,947686000,NULL,1,'',NULL,NULL),(552,1,NULL,NULL,NULL,NULL,1994,502670000,NULL,1,'',NULL,NULL),(553,1,NULL,NULL,NULL,NULL,1981,45227804000,NULL,1,'',NULL,NULL),(554,1,NULL,NULL,NULL,NULL,1994,5752270000,NULL,1,'',NULL,NULL),(555,1,NULL,NULL,NULL,NULL,1994,1483432000,NULL,1,'',NULL,NULL),(556,1,NULL,NULL,NULL,NULL,1981,49976998000,NULL,1,'',NULL,NULL),(557,1,NULL,NULL,NULL,NULL,1994,1479494000,NULL,1,'',NULL,NULL),(558,1,NULL,NULL,NULL,NULL,1994,481940000,NULL,1,'',NULL,NULL),(559,1,NULL,NULL,NULL,NULL,1994,1734690000,NULL,1,'',NULL,NULL),(560,1,NULL,NULL,NULL,NULL,1994,84688000,NULL,1,'',NULL,NULL),(561,1,NULL,NULL,NULL,NULL,1994,4954660000,NULL,1,'',NULL,NULL),(562,1,NULL,NULL,NULL,NULL,1981,250727408000,NULL,1,'',NULL,NULL),(563,1,NULL,NULL,NULL,NULL,1994,1797518000,NULL,1,'',NULL,NULL),(564,1,NULL,NULL,NULL,NULL,2009,15165006000,NULL,1,'',NULL,NULL),(565,1,NULL,NULL,NULL,NULL,2009,16210408000,NULL,1,'',NULL,NULL),(566,1,NULL,NULL,NULL,NULL,2009,5714930000,NULL,1,'',NULL,NULL),(567,1,NULL,NULL,NULL,NULL,1994,146390000,NULL,1,'',NULL,NULL),(568,1,NULL,NULL,NULL,NULL,1994,2065920000,NULL,1,'',NULL,NULL),(569,1,NULL,NULL,NULL,NULL,1994,90596000,NULL,1,'',NULL,NULL),(570,1,NULL,NULL,NULL,NULL,1994,1542176000,NULL,1,'',NULL,NULL),(571,1,NULL,NULL,NULL,NULL,1994,10913248000,NULL,1,'',NULL,NULL),(572,1,NULL,NULL,NULL,NULL,1980,154014354000,NULL,1,'',NULL,NULL),(573,1,NULL,NULL,NULL,NULL,2009,3834580000,NULL,1,'',NULL,NULL),(574,1,NULL,NULL,NULL,NULL,2009,1096942000,NULL,1,'',NULL,NULL),(575,1,NULL,NULL,NULL,NULL,2009,18246732000,NULL,1,'',NULL,NULL),(576,1,NULL,NULL,NULL,NULL,2009,7802068000,NULL,1,'',NULL,NULL),(577,1,NULL,NULL,NULL,NULL,2009,1624382000,NULL,1,'',NULL,NULL),(578,1,NULL,NULL,NULL,NULL,2009,1790496000,NULL,1,'',NULL,NULL),(579,1,NULL,NULL,NULL,NULL,1993,76372000,NULL,1,'',NULL,NULL),(580,1,NULL,NULL,NULL,NULL,2009,171746000,NULL,1,'',NULL,NULL),(581,1,NULL,NULL,NULL,NULL,2009,14362982000,NULL,1,'',NULL,NULL),(582,1,NULL,NULL,NULL,NULL,2009,3562876000,NULL,1,'',NULL,NULL),(583,1,NULL,NULL,NULL,NULL,1980,2494686000,NULL,1,'',NULL,NULL),(584,1,NULL,NULL,NULL,NULL,1981,333670460000,NULL,1,'',NULL,NULL),(585,1,NULL,NULL,NULL,NULL,1980,189236080000,NULL,1,'',NULL,NULL),(586,1,NULL,NULL,NULL,NULL,1981,408010680000,NULL,1,'',NULL,NULL),(587,1,NULL,NULL,NULL,NULL,1980,1721346000,NULL,1,'',NULL,NULL),(588,1,NULL,NULL,NULL,NULL,1994,1547380000,NULL,1,'',NULL,NULL),(589,1,NULL,NULL,NULL,NULL,1980,292438870000,NULL,1,'',NULL,NULL),(590,1,NULL,NULL,NULL,NULL,1980,396598070000,NULL,1,'',NULL,NULL),(591,1,NULL,NULL,NULL,NULL,1981,172644522000,NULL,1,'',NULL,NULL),(592,1,NULL,NULL,NULL,NULL,1980,1543390000,NULL,1,'',NULL,NULL),(593,1,NULL,NULL,NULL,NULL,1981,37710368000,NULL,1,'',NULL,NULL),(594,1,NULL,NULL,NULL,NULL,1980,1846812000,NULL,1,'',NULL,NULL),(595,1,NULL,NULL,NULL,NULL,1981,49378952000,NULL,1,'',NULL,NULL),(596,1,NULL,NULL,NULL,NULL,1994,3723124000,NULL,1,'',NULL,NULL),(597,1,NULL,NULL,NULL,NULL,1994,769892000,NULL,1,'',NULL,NULL),(598,1,NULL,NULL,NULL,NULL,1994,2391746000,NULL,1,'',NULL,NULL),(599,1,NULL,NULL,NULL,NULL,1994,430174000,NULL,1,'',NULL,NULL),(600,1,NULL,NULL,NULL,NULL,2009,2972284000,NULL,1,'',NULL,NULL),(601,1,NULL,NULL,NULL,NULL,2009,6292998000,NULL,1,'',NULL,NULL),(602,1,NULL,NULL,NULL,NULL,2009,383442000,NULL,1,'',NULL,NULL),(603,1,NULL,NULL,NULL,NULL,2009,62021782000,NULL,1,'',NULL,NULL),(604,1,NULL,NULL,NULL,NULL,2009,35400392000,NULL,1,'',NULL,NULL),(605,1,NULL,NULL,NULL,NULL,2009,105538000,NULL,1,'',NULL,NULL),(606,1,NULL,NULL,NULL,NULL,2009,2389980000,NULL,1,'',NULL,NULL),(607,1,NULL,NULL,NULL,NULL,2009,23510462000,NULL,1,'',NULL,NULL),(608,1,NULL,NULL,NULL,NULL,2009,1235062000,NULL,1,'',NULL,NULL),(609,1,NULL,NULL,NULL,NULL,2009,3136004000,NULL,1,'',NULL,NULL),(610,1,NULL,NULL,NULL,NULL,1986,53520000,NULL,1,'',NULL,NULL),(611,1,NULL,NULL,NULL,NULL,2009,1800984000,NULL,1,'',NULL,NULL),(612,1,NULL,NULL,NULL,NULL,1980,212536682000,NULL,1,'',NULL,NULL),(613,1,NULL,NULL,NULL,NULL,1994,953036000,NULL,1,'',NULL,NULL),(614,1,NULL,NULL,NULL,NULL,1994,2390894000,NULL,1,'',NULL,NULL),(615,1,NULL,NULL,NULL,NULL,1994,712056000,NULL,1,'',NULL,NULL),(616,1,NULL,NULL,NULL,NULL,1994,126280000,NULL,1,'',NULL,NULL),(617,1,NULL,NULL,NULL,NULL,1994,2414572000,NULL,1,'',NULL,NULL),(618,1,NULL,NULL,NULL,NULL,1981,29093340000,NULL,1,'',NULL,NULL),(619,7,NULL,NULL,NULL,NULL,1996,135781000,NULL,1,'',NULL,NULL),(620,7,NULL,NULL,NULL,NULL,1996,154687000,NULL,1,'',NULL,NULL),(621,1,NULL,NULL,NULL,NULL,1994,14065956000,NULL,1,'',NULL,NULL),(622,7,NULL,NULL,NULL,NULL,1996,3131562000,NULL,1,'',NULL,NULL),(623,1,NULL,NULL,NULL,NULL,1994,906728000,NULL,1,'',NULL,NULL),(624,7,NULL,NULL,NULL,NULL,1996,3204094000,NULL,1,'',NULL,NULL),(625,7,NULL,NULL,NULL,NULL,1996,21736000000,NULL,1,'',NULL,NULL),(626,1,NULL,NULL,NULL,NULL,1981,132656124000,NULL,1,'',NULL,NULL),(627,7,NULL,NULL,NULL,NULL,1996,419509000,NULL,1,'',NULL,NULL),(628,1,NULL,NULL,NULL,NULL,1994,706924000,NULL,1,'',NULL,NULL),(629,7,NULL,NULL,NULL,NULL,1996,448583000,NULL,1,'',NULL,NULL),(630,1,NULL,NULL,NULL,NULL,1994,775786000,NULL,1,'',NULL,NULL),(631,7,NULL,NULL,NULL,NULL,1996,3897276000,NULL,1,'',NULL,NULL),(632,1,NULL,NULL,NULL,NULL,1994,390786000,NULL,1,'',NULL,NULL),(633,7,NULL,NULL,NULL,NULL,1996,5113020000,NULL,1,'',NULL,NULL),(634,1,NULL,NULL,NULL,NULL,1994,1319590000,NULL,1,'',NULL,NULL),(635,1,NULL,NULL,NULL,NULL,1994,745874000,NULL,1,'',NULL,NULL),(636,1,NULL,NULL,NULL,NULL,1994,2547618000,NULL,1,'',NULL,NULL),(637,1,NULL,NULL,NULL,NULL,1994,470446000,NULL,1,'',NULL,NULL),(638,1,NULL,NULL,NULL,NULL,1996,178721634000,NULL,1,'',NULL,NULL),(639,1,NULL,NULL,NULL,NULL,1996,494238000,NULL,1,'',NULL,NULL),(640,1,NULL,NULL,NULL,NULL,1996,378486000,NULL,1,'',NULL,NULL),(641,7,NULL,NULL,NULL,NULL,1996,5507607000,NULL,1,'',NULL,NULL),(642,1,NULL,NULL,NULL,NULL,1981,23629078000,NULL,1,'',NULL,NULL),(643,7,NULL,NULL,NULL,NULL,1996,5931269000,NULL,1,'',NULL,NULL),(644,1,NULL,NULL,NULL,NULL,1994,658548000,NULL,1,'',NULL,NULL),(645,1,NULL,NULL,NULL,NULL,1994,235832000,NULL,1,'',NULL,NULL),(646,7,NULL,NULL,NULL,NULL,1996,8165879000,NULL,1,'',NULL,NULL),(647,1,NULL,NULL,NULL,NULL,1994,4703776000,NULL,1,'',NULL,NULL),(648,7,NULL,NULL,NULL,NULL,1996,8207415000,NULL,1,'',NULL,NULL),(649,7,NULL,NULL,NULL,NULL,1996,8651845000,NULL,1,'',NULL,NULL),(650,7,NULL,NULL,NULL,NULL,1996,23218344000,NULL,1,'',NULL,NULL),(651,7,NULL,NULL,NULL,NULL,1996,30981329000,NULL,1,'',NULL,NULL),(652,2,NULL,NULL,NULL,NULL,1978,417955414340,NULL,1,'',NULL,NULL),(653,7,NULL,NULL,NULL,NULL,1996,42941280000,NULL,1,'',NULL,NULL),(654,2,NULL,NULL,NULL,NULL,1980,12587253120,NULL,1,'',NULL,NULL),(655,1,NULL,NULL,NULL,NULL,1993,3622398000,NULL,1,'',NULL,NULL),(656,1,NULL,NULL,NULL,NULL,1993,2623096000,NULL,1,'',NULL,NULL),(657,1,NULL,NULL,NULL,NULL,2009,14569150000,NULL,1,'',NULL,NULL),(658,2,NULL,NULL,NULL,NULL,1978,388459966000,NULL,1,'',NULL,NULL),(659,20,NULL,NULL,NULL,NULL,1996,89936800000,NULL,1,'',NULL,NULL),(660,2,NULL,NULL,NULL,NULL,1994,442366050,NULL,1,'',NULL,NULL),(661,2,NULL,NULL,NULL,NULL,1994,2192198500,NULL,1,'',NULL,NULL),(662,2,NULL,NULL,NULL,NULL,1994,5826402350,NULL,1,'',NULL,NULL),(663,2,NULL,NULL,NULL,NULL,1996,2817362000,NULL,1,'',NULL,NULL),(664,2,NULL,NULL,NULL,NULL,1994,1326587870,NULL,1,'',NULL,NULL),(665,2,NULL,NULL,NULL,NULL,1994,739514780,NULL,1,'',NULL,NULL),(666,2,NULL,NULL,NULL,NULL,1996,3531542000,NULL,1,'',NULL,NULL),(667,2,NULL,NULL,NULL,NULL,1994,12597281300,NULL,1,'',NULL,NULL),(668,2,NULL,NULL,NULL,NULL,1994,6116006340,NULL,1,'',NULL,NULL),(669,2,NULL,NULL,NULL,NULL,1994,2804966550,NULL,1,'',NULL,NULL),(670,2,NULL,NULL,NULL,NULL,1994,1810869430,NULL,1,'',NULL,NULL),(671,2,NULL,NULL,NULL,NULL,1994,2620874000,NULL,1,'',NULL,NULL),(672,2,NULL,NULL,NULL,NULL,1994,2515074000,NULL,1,'',NULL,NULL),(673,2,NULL,NULL,NULL,NULL,1994,149933790,NULL,1,'',NULL,NULL),(674,2,NULL,NULL,NULL,NULL,1994,7386786000,NULL,1,'',NULL,NULL),(675,2,NULL,NULL,NULL,NULL,1994,776370000,NULL,1,'',NULL,NULL),(676,2,NULL,NULL,NULL,NULL,1994,62991300,NULL,1,'',NULL,NULL),(677,2,NULL,NULL,NULL,NULL,1994,20711632200,NULL,1,'',NULL,NULL),(678,2,NULL,NULL,NULL,NULL,1994,8214780300,NULL,1,'',NULL,NULL),(679,2,NULL,NULL,NULL,NULL,1994,316912000,NULL,1,'',NULL,NULL),(680,2,NULL,NULL,NULL,NULL,1994,137447000,NULL,1,'',NULL,NULL),(681,2,NULL,NULL,NULL,NULL,1994,1805652000,NULL,1,'',NULL,NULL),(682,2,NULL,NULL,NULL,NULL,1994,713880000,NULL,1,'',NULL,NULL),(683,2,NULL,NULL,NULL,NULL,1994,111037170,NULL,1,'',NULL,NULL),(684,2,NULL,NULL,NULL,NULL,1994,587194340,NULL,1,'',NULL,NULL),(685,2,NULL,NULL,NULL,NULL,1994,644390000,NULL,1,'',NULL,NULL),(686,2,NULL,NULL,NULL,NULL,1994,402348000,NULL,1,'',NULL,NULL),(687,2,NULL,NULL,NULL,NULL,1994,1073207000,NULL,1,'',NULL,NULL),(688,2,NULL,NULL,NULL,NULL,1994,98840000,NULL,1,'',NULL,NULL),(689,2,NULL,NULL,NULL,NULL,1994,362336000,NULL,1,'',NULL,NULL),(690,2,NULL,NULL,NULL,NULL,1994,549064000,NULL,1,'',NULL,NULL),(691,2,NULL,NULL,NULL,NULL,1994,814853000,NULL,1,'',NULL,NULL),(692,2,NULL,NULL,NULL,NULL,1994,463060000,NULL,1,'',NULL,NULL),(693,2,NULL,NULL,NULL,NULL,1994,3530027800,NULL,1,'',NULL,NULL),(694,2,NULL,NULL,NULL,NULL,1994,240458000,NULL,1,'',NULL,NULL),(695,2,NULL,NULL,NULL,NULL,1994,17612000,NULL,1,'',NULL,NULL),(696,2,NULL,NULL,NULL,NULL,1994,240520000,NULL,1,'',NULL,NULL),(697,2,NULL,NULL,NULL,NULL,1994,1137802000,NULL,1,'',NULL,NULL),(698,2,NULL,NULL,NULL,NULL,1994,861323000,NULL,1,'',NULL,NULL),(699,2,NULL,NULL,NULL,NULL,1994,1600012000,NULL,1,'',NULL,NULL),(700,2,NULL,NULL,NULL,NULL,1994,2275069000,NULL,1,'',NULL,NULL),(701,2,NULL,NULL,NULL,NULL,1994,3143909310,NULL,1,'',NULL,NULL),(702,2,NULL,NULL,NULL,NULL,1994,589262640,NULL,1,'',NULL,NULL),(703,2,NULL,NULL,NULL,NULL,1994,4379036900,NULL,1,'',NULL,NULL),(704,2,NULL,NULL,NULL,NULL,1994,2045768000,NULL,1,'',NULL,NULL),(705,2,NULL,NULL,NULL,NULL,1994,4862604940,NULL,1,'',NULL,NULL),(706,2,NULL,NULL,NULL,NULL,1994,2061547000,NULL,1,'',NULL,NULL),(707,2,NULL,NULL,NULL,NULL,1994,2317872460,NULL,1,'',NULL,NULL),(708,2,NULL,NULL,NULL,NULL,1994,35247000,NULL,1,'',NULL,NULL),(709,2,NULL,NULL,NULL,NULL,1994,2989654800,NULL,1,'',NULL,NULL),(710,2,NULL,NULL,NULL,NULL,1994,9669860,NULL,1,'',NULL,NULL),(711,2,NULL,NULL,NULL,NULL,1994,4199000,NULL,1,'',NULL,NULL),(712,2,NULL,NULL,NULL,NULL,1994,436026500,NULL,1,'',NULL,NULL),(713,2,NULL,NULL,NULL,NULL,1994,822342000,NULL,1,'',NULL,NULL),(714,2,NULL,NULL,NULL,NULL,1994,475963000,NULL,1,'',NULL,NULL),(715,2,NULL,NULL,NULL,NULL,1994,291145000,NULL,1,'',NULL,NULL),(716,2,NULL,NULL,NULL,NULL,1994,535791330,NULL,1,'',NULL,NULL),(717,2,NULL,NULL,NULL,NULL,1994,221518000,NULL,1,'',NULL,NULL),(718,2,NULL,NULL,NULL,NULL,1994,35138930000,NULL,1,'',NULL,NULL),(719,2,NULL,NULL,NULL,NULL,1994,3684428000,NULL,1,'',NULL,NULL),(720,2,NULL,NULL,NULL,NULL,1994,664612680,NULL,1,'',NULL,NULL),(721,2,NULL,NULL,NULL,NULL,1994,2466918000,NULL,1,'',NULL,NULL),(722,2,NULL,NULL,NULL,NULL,1994,1590826020,NULL,1,'',NULL,NULL),(723,2,NULL,NULL,NULL,NULL,1994,190668000,NULL,1,'',NULL,NULL),(724,2,NULL,NULL,NULL,NULL,1994,15076454000,NULL,1,'',NULL,NULL),(725,2,NULL,NULL,NULL,NULL,1994,1264915000,NULL,1,'',NULL,NULL),(726,2,NULL,NULL,NULL,NULL,1994,29200583000,NULL,1,'',NULL,NULL),(727,2,NULL,NULL,NULL,NULL,1994,15300499070,NULL,1,'',NULL,NULL),(728,2,NULL,NULL,NULL,NULL,1994,2444956000,NULL,1,'',NULL,NULL),(729,2,NULL,NULL,NULL,NULL,1994,53140000,NULL,1,'',NULL,NULL),(730,2,NULL,NULL,NULL,NULL,1994,6300603320,NULL,1,'',NULL,NULL),(731,2,NULL,NULL,NULL,NULL,1994,56766350,NULL,1,'',NULL,NULL),(732,2,NULL,NULL,NULL,NULL,1994,18401000,NULL,1,'',NULL,NULL),(733,2,NULL,NULL,NULL,NULL,1994,3181914000,NULL,1,'',NULL,NULL),(734,2,NULL,NULL,NULL,NULL,1994,632457000,NULL,1,'',NULL,NULL),(735,2,NULL,NULL,NULL,NULL,1994,866043430,NULL,1,'',NULL,NULL),(736,2,NULL,NULL,NULL,NULL,1994,734791000,NULL,1,'',NULL,NULL),(737,2,NULL,NULL,NULL,NULL,1994,18141884000,NULL,1,'',NULL,NULL),(738,2,NULL,NULL,NULL,NULL,1994,38871480000,NULL,1,'',NULL,NULL),(739,2,NULL,NULL,NULL,NULL,1994,12808752000,NULL,1,'',NULL,NULL),(740,2,NULL,NULL,NULL,NULL,1994,19450193000,NULL,1,'',NULL,NULL),(741,2,NULL,NULL,NULL,NULL,1994,21668380000,NULL,1,'',NULL,NULL),(742,2,NULL,NULL,NULL,NULL,1994,12952853000,NULL,1,'',NULL,NULL),(743,2,NULL,NULL,NULL,NULL,1994,29429274000,NULL,1,'',NULL,NULL),(744,2,NULL,NULL,NULL,NULL,1994,639166000,NULL,1,'',NULL,NULL),(745,2,NULL,NULL,NULL,NULL,1994,10412968630,NULL,1,'',NULL,NULL),(746,2,NULL,NULL,NULL,NULL,1994,6573750000,NULL,1,'',NULL,NULL),(747,2,NULL,NULL,NULL,NULL,1994,865933000,NULL,1,'',NULL,NULL),(748,2,NULL,NULL,NULL,NULL,1994,438476350,NULL,1,'',NULL,NULL),(749,2,NULL,NULL,NULL,NULL,1994,195648000,NULL,1,'',NULL,NULL),(750,2,NULL,NULL,NULL,NULL,1994,1867312000,NULL,1,'',NULL,NULL),(751,2,NULL,NULL,NULL,NULL,1994,106181650,NULL,1,'',NULL,NULL),(752,2,NULL,NULL,NULL,NULL,1994,1485456000,NULL,1,'',NULL,NULL),(753,2,NULL,NULL,NULL,NULL,1994,17650000,NULL,1,'',NULL,NULL),(754,2,NULL,NULL,NULL,NULL,1994,637689000,NULL,1,'',NULL,NULL),(755,2,NULL,NULL,NULL,NULL,1994,534026000,NULL,1,'',NULL,NULL),(756,1,NULL,NULL,NULL,NULL,1994,4679895080,NULL,1,'',NULL,NULL),(757,2,NULL,NULL,NULL,NULL,1994,17523000,NULL,1,'',NULL,NULL),(758,2,NULL,NULL,NULL,NULL,1994,363829000,NULL,1,'',NULL,NULL),(759,2,NULL,NULL,NULL,NULL,1994,44292740,NULL,1,'',NULL,NULL),(760,2,NULL,NULL,NULL,NULL,1994,215212000,NULL,1,'',NULL,NULL),(761,2,NULL,NULL,NULL,NULL,1994,47922000,NULL,1,'',NULL,NULL),(762,2,NULL,NULL,NULL,NULL,1994,885264000,NULL,1,'',NULL,NULL),(763,2,NULL,NULL,NULL,NULL,1994,995289000,NULL,1,'',NULL,NULL),(764,2,NULL,NULL,NULL,NULL,1994,7322690000,NULL,1,'',NULL,NULL),(765,2,NULL,NULL,NULL,NULL,1994,1295678000,NULL,1,'',NULL,NULL),(766,2,NULL,NULL,NULL,NULL,1994,401595000,NULL,1,'',NULL,NULL),(767,2,NULL,NULL,NULL,NULL,1994,3273347000,NULL,1,'',NULL,NULL),(768,2,NULL,NULL,NULL,NULL,1994,557493000,NULL,1,'',NULL,NULL),(769,2,NULL,NULL,NULL,NULL,1994,401595000,NULL,1,'',NULL,NULL),(770,2,NULL,NULL,NULL,NULL,1994,176269000,NULL,1,'',NULL,NULL),(771,2,NULL,NULL,NULL,NULL,1994,1093530000,NULL,1,'',NULL,NULL),(772,2,NULL,NULL,NULL,NULL,1994,404024000,NULL,1,'',NULL,NULL),(773,2,NULL,NULL,NULL,NULL,1994,861020440,NULL,1,'',NULL,NULL),(774,2,NULL,NULL,NULL,NULL,1994,364319660,NULL,1,'',NULL,NULL),(775,2,NULL,NULL,NULL,NULL,1994,2482685330,NULL,1,'',NULL,NULL),(776,2,NULL,NULL,NULL,NULL,1994,1238155610,NULL,1,'',NULL,NULL),(777,2,NULL,NULL,NULL,NULL,1994,5142728230,NULL,1,'',NULL,NULL),(778,2,NULL,NULL,NULL,NULL,1994,2090857820,NULL,1,'',NULL,NULL),(779,2,NULL,NULL,NULL,NULL,1994,1728100,NULL,1,'',NULL,NULL),(780,2,NULL,NULL,NULL,NULL,1994,1728100,NULL,1,'',NULL,NULL),(781,2,NULL,NULL,NULL,NULL,1994,1142245510,NULL,1,'',NULL,NULL),(782,2,NULL,NULL,NULL,NULL,1994,138365750,NULL,1,'',NULL,NULL),(783,2,NULL,NULL,NULL,NULL,1975,25842060000,NULL,1,'',NULL,NULL),(784,2,NULL,NULL,NULL,NULL,1972,53331589000,NULL,1,'',NULL,NULL),(785,2,NULL,NULL,NULL,NULL,1976,34139212000,NULL,1,'',NULL,NULL),(786,2,NULL,NULL,NULL,NULL,1974,63524040000,NULL,1,'',NULL,NULL),(787,2,NULL,NULL,NULL,NULL,1975,31377123000,NULL,1,'',NULL,NULL),(788,2,NULL,NULL,NULL,NULL,1977,64220550000,NULL,1,'',NULL,NULL),(789,2,NULL,NULL,NULL,NULL,1977,46987859890,NULL,1,'',NULL,NULL),(790,2,NULL,NULL,NULL,NULL,1975,5448776000,NULL,1,'',NULL,NULL),(791,2,NULL,NULL,NULL,NULL,1976,15085858000,NULL,1,'',NULL,NULL),(792,2,NULL,NULL,NULL,NULL,1976,8636831000,NULL,1,'',NULL,NULL),(793,2,NULL,NULL,NULL,NULL,1976,6962830000,NULL,1,'',NULL,NULL),(794,2,NULL,NULL,NULL,NULL,1976,5438775000,NULL,1,'',NULL,NULL),(795,2,NULL,NULL,NULL,NULL,1977,39937088000,NULL,1,'',NULL,NULL),(796,2,NULL,NULL,NULL,NULL,1977,90693526000,NULL,1,'',NULL,NULL),(797,2,NULL,NULL,NULL,NULL,1977,3312602000,NULL,1,'',NULL,NULL),(798,2,NULL,NULL,NULL,NULL,1977,56899400000,NULL,1,'',NULL,NULL),(799,2,NULL,NULL,NULL,NULL,1994,1142245510,NULL,1,'',NULL,NULL),(800,2,NULL,NULL,NULL,NULL,1994,2329446170,NULL,1,'',NULL,NULL),(801,2,NULL,NULL,NULL,NULL,1994,56375200,NULL,1,'',NULL,NULL),(802,2,NULL,NULL,NULL,NULL,1994,138365750,NULL,1,'',NULL,NULL),(803,2,NULL,NULL,NULL,NULL,1994,2284252960,NULL,1,'',NULL,NULL),(804,1,NULL,NULL,NULL,NULL,2009,2082104000,NULL,1,'',NULL,NULL),(805,1,NULL,NULL,NULL,NULL,2009,3034662000,NULL,1,'',NULL,NULL),(806,1,NULL,NULL,NULL,NULL,2009,1107898000,NULL,1,'',NULL,NULL),(807,1,NULL,NULL,NULL,NULL,2009,23457533000,NULL,1,'',NULL,NULL),(808,8,NULL,NULL,NULL,NULL,1995,201522000,NULL,1,'',NULL,NULL),(809,6,NULL,NULL,NULL,NULL,1995,4399041000,NULL,1,'',NULL,NULL),(810,9,NULL,NULL,NULL,NULL,2005,2867896000,NULL,1,'',NULL,NULL),(811,10,NULL,NULL,NULL,NULL,2005,-4244003000,NULL,1,'',NULL,NULL),(812,1,NULL,NULL,NULL,NULL,2009,744236000,NULL,1,'',NULL,NULL),(813,1,NULL,NULL,NULL,NULL,1985,9727521000,NULL,1,'',NULL,NULL),(814,1,NULL,NULL,NULL,NULL,1983,2539105000,NULL,1,'',NULL,NULL),(815,1,NULL,NULL,NULL,NULL,1985,349873000,NULL,1,'',NULL,NULL),(816,1,NULL,NULL,NULL,NULL,1989,455554000,NULL,1,'',NULL,NULL),(817,16,NULL,NULL,NULL,NULL,0,0,NULL,1,'',NULL,NULL),(818,16,NULL,NULL,NULL,NULL,0,0,NULL,1,'',NULL,NULL),(819,16,NULL,NULL,NULL,NULL,0,0,NULL,1,'',NULL,NULL),(820,16,NULL,NULL,NULL,NULL,0,0,NULL,1,'',NULL,NULL),(821,16,NULL,NULL,NULL,NULL,0,0,NULL,1,'',NULL,NULL),(822,16,NULL,NULL,NULL,NULL,0,0,NULL,1,'',NULL,NULL),(823,16,NULL,NULL,NULL,NULL,0,0,NULL,1,'',NULL,NULL),(824,16,NULL,NULL,NULL,NULL,0,0,NULL,1,'',NULL,NULL),(825,16,NULL,NULL,NULL,NULL,0,0,NULL,1,'',NULL,NULL),(826,16,NULL,NULL,NULL,NULL,0,0,NULL,1,'',NULL,NULL),(827,16,NULL,NULL,NULL,NULL,0,0,NULL,1,'',NULL,NULL),(828,16,NULL,NULL,NULL,NULL,0,0,NULL,1,'',NULL,NULL),(829,16,NULL,NULL,NULL,NULL,0,0,NULL,1,'',NULL,NULL),(830,16,NULL,NULL,NULL,NULL,0,0,NULL,1,'',NULL,NULL),(831,16,NULL,NULL,NULL,NULL,0,0,NULL,1,'',NULL,NULL),(832,16,NULL,NULL,NULL,NULL,0,0,NULL,1,'',NULL,NULL),(833,16,NULL,NULL,NULL,NULL,0,0,NULL,1,'',NULL,NULL),(834,16,NULL,NULL,NULL,NULL,0,0,NULL,1,'',NULL,NULL),(835,16,NULL,NULL,NULL,NULL,0,0,NULL,1,'',NULL,NULL),(836,16,NULL,NULL,NULL,NULL,0,0,NULL,1,'',NULL,NULL),(837,16,NULL,NULL,NULL,NULL,0,0,NULL,1,'',NULL,NULL),(838,16,NULL,NULL,NULL,NULL,0,0,NULL,1,'',NULL,NULL),(839,16,NULL,NULL,NULL,NULL,0,0,NULL,1,'',NULL,NULL),(840,16,NULL,NULL,NULL,NULL,0,0,NULL,1,'',NULL,NULL),(841,16,NULL,NULL,NULL,NULL,0,0,NULL,1,'',NULL,NULL),(842,16,NULL,NULL,NULL,NULL,0,0,NULL,1,'',NULL,NULL),(843,16,NULL,NULL,NULL,NULL,0,0,NULL,1,'',NULL,NULL),(844,16,NULL,NULL,NULL,NULL,0,0,NULL,1,'',NULL,NULL),(845,16,NULL,NULL,NULL,NULL,0,0,NULL,1,'',NULL,NULL),(846,16,NULL,NULL,NULL,NULL,0,0,NULL,1,'',NULL,NULL),(847,16,NULL,NULL,NULL,NULL,0,0,NULL,1,'',NULL,NULL),(848,16,NULL,NULL,NULL,NULL,0,0,NULL,1,'',NULL,NULL),(849,16,NULL,NULL,NULL,NULL,0,0,NULL,1,'',NULL,NULL),(850,16,NULL,NULL,NULL,NULL,0,0,NULL,1,'',NULL,NULL),(851,16,NULL,NULL,NULL,NULL,0,0,NULL,1,'',NULL,NULL),(852,16,NULL,NULL,NULL,NULL,0,0,NULL,1,'',NULL,NULL),(853,16,NULL,NULL,NULL,NULL,0,0,NULL,1,'',NULL,NULL),(854,16,NULL,NULL,NULL,NULL,0,0,NULL,1,'',NULL,NULL),(855,16,NULL,NULL,NULL,NULL,0,0,NULL,1,'',NULL,NULL),(856,16,NULL,NULL,NULL,NULL,0,0,NULL,1,'',NULL,NULL),(857,16,NULL,NULL,NULL,NULL,0,0,NULL,1,'',NULL,NULL),(858,16,NULL,NULL,NULL,NULL,0,0,NULL,1,'',NULL,NULL),(859,16,NULL,NULL,NULL,NULL,0,0,NULL,1,'',NULL,NULL),(860,16,NULL,NULL,NULL,NULL,0,0,NULL,1,'',NULL,NULL),(861,16,NULL,NULL,NULL,NULL,0,0,NULL,1,'',NULL,NULL),(862,16,NULL,NULL,NULL,NULL,0,0,NULL,1,'',NULL,NULL),(863,16,NULL,NULL,NULL,NULL,0,0,NULL,1,'',NULL,NULL),(864,16,NULL,NULL,NULL,NULL,0,0,NULL,1,'',NULL,NULL),(865,16,NULL,NULL,NULL,NULL,0,0,NULL,1,'',NULL,NULL),(866,16,NULL,NULL,NULL,NULL,0,0,NULL,1,'',NULL,NULL),(867,16,NULL,NULL,NULL,NULL,0,0,NULL,1,'',NULL,NULL),(868,16,NULL,NULL,NULL,NULL,0,0,NULL,1,'',NULL,NULL),(869,16,NULL,NULL,NULL,NULL,0,0,NULL,1,'',NULL,NULL),(870,16,NULL,NULL,NULL,NULL,0,0,NULL,1,'',NULL,NULL),(871,16,NULL,NULL,NULL,NULL,0,0,NULL,1,'',NULL,NULL),(872,16,NULL,NULL,NULL,NULL,0,0,NULL,1,'',NULL,NULL),(873,16,NULL,NULL,NULL,NULL,0,0,NULL,1,'',NULL,NULL),(874,16,NULL,NULL,NULL,NULL,0,0,NULL,1,'',NULL,NULL),(875,16,NULL,NULL,NULL,NULL,0,0,NULL,1,'',NULL,NULL),(876,16,NULL,NULL,NULL,NULL,0,0,NULL,1,'',NULL,NULL),(877,16,NULL,NULL,NULL,NULL,0,0,NULL,1,'',NULL,NULL),(878,16,NULL,NULL,NULL,NULL,0,0,NULL,1,'',NULL,NULL),(879,16,NULL,NULL,NULL,NULL,0,0,NULL,1,'',NULL,NULL),(880,16,NULL,NULL,NULL,NULL,0,0,NULL,1,'',NULL,NULL),(881,16,NULL,NULL,NULL,NULL,0,0,NULL,1,'',NULL,NULL),(882,16,NULL,NULL,NULL,NULL,0,0,NULL,1,'',NULL,NULL),(883,16,NULL,NULL,NULL,NULL,0,0,NULL,1,'',NULL,NULL),(884,16,NULL,NULL,NULL,NULL,0,0,NULL,1,'',NULL,NULL),(885,16,NULL,NULL,NULL,NULL,0,0,NULL,1,'',NULL,NULL),(886,16,NULL,NULL,NULL,NULL,0,0,NULL,1,'',NULL,NULL),(887,16,NULL,NULL,NULL,NULL,0,0,NULL,1,'',NULL,NULL),(888,16,NULL,NULL,NULL,NULL,0,0,NULL,1,'',NULL,NULL),(889,16,NULL,NULL,NULL,NULL,0,0,NULL,1,'',NULL,NULL),(890,16,NULL,NULL,NULL,NULL,0,0,NULL,1,'',NULL,NULL),(891,16,NULL,NULL,NULL,NULL,0,0,NULL,1,'',NULL,NULL),(892,17,NULL,NULL,NULL,NULL,0,0,NULL,1,'',NULL,NULL),(893,17,NULL,NULL,NULL,NULL,0,0,NULL,1,'',NULL,NULL),(894,17,NULL,NULL,NULL,NULL,0,0,NULL,1,'',NULL,NULL),(895,17,NULL,NULL,NULL,NULL,0,0,NULL,1,'',NULL,NULL),(896,17,NULL,NULL,NULL,NULL,0,0,NULL,1,'',NULL,NULL),(897,17,NULL,NULL,NULL,NULL,0,0,NULL,1,'',NULL,NULL),(898,17,NULL,NULL,NULL,NULL,0,0,NULL,1,'',NULL,NULL),(899,17,NULL,NULL,NULL,NULL,0,0,NULL,1,'',NULL,NULL),(900,17,NULL,NULL,NULL,NULL,0,0,NULL,1,'',NULL,NULL),(901,19,NULL,NULL,NULL,NULL,0,0,NULL,1,'',NULL,NULL),(902,17,NULL,NULL,NULL,NULL,0,0,NULL,1,'',NULL,NULL),(903,17,NULL,NULL,NULL,NULL,0,0,NULL,1,'',NULL,NULL),(904,17,NULL,NULL,NULL,NULL,0,0,NULL,1,'',NULL,NULL),(905,17,NULL,NULL,NULL,NULL,0,0,NULL,1,'',NULL,NULL),(906,17,NULL,NULL,NULL,NULL,0,0,NULL,1,'',NULL,NULL),(907,17,NULL,NULL,NULL,NULL,0,0,NULL,1,'',NULL,NULL),(908,17,NULL,NULL,NULL,NULL,0,0,NULL,1,'',NULL,NULL),(909,17,NULL,NULL,NULL,NULL,0,0,NULL,1,'',NULL,NULL),(910,17,NULL,NULL,NULL,NULL,0,0,NULL,1,'',NULL,NULL),(911,17,NULL,NULL,NULL,NULL,0,0,NULL,1,'',NULL,NULL),(912,17,NULL,NULL,NULL,NULL,0,0,NULL,1,'',NULL,NULL),(913,17,NULL,NULL,NULL,NULL,0,0,NULL,1,'',NULL,NULL),(914,17,NULL,NULL,NULL,NULL,0,0,NULL,1,'',NULL,NULL),(915,17,NULL,NULL,NULL,NULL,0,0,NULL,1,'',NULL,NULL),(916,18,NULL,NULL,NULL,NULL,0,0,NULL,1,'',NULL,NULL),(917,14,NULL,NULL,NULL,NULL,0,0,NULL,1,'',NULL,NULL),(918,16,NULL,NULL,NULL,NULL,0,0,NULL,1,'',NULL,NULL),(919,16,NULL,NULL,NULL,NULL,0,0,NULL,1,'',NULL,NULL),(920,16,NULL,NULL,NULL,NULL,0,0,NULL,1,'',NULL,NULL),(921,16,NULL,NULL,NULL,NULL,0,0,NULL,1,'',NULL,NULL),(922,16,NULL,NULL,NULL,NULL,0,0,NULL,1,'',NULL,NULL),(923,16,NULL,NULL,NULL,NULL,0,0,NULL,1,'',NULL,NULL),(924,16,NULL,NULL,NULL,NULL,0,0,NULL,1,'',NULL,NULL),(925,16,NULL,NULL,NULL,NULL,0,0,NULL,1,'',NULL,NULL),(926,16,NULL,NULL,NULL,NULL,0,0,NULL,1,'',NULL,NULL),(927,16,NULL,NULL,NULL,NULL,0,0,NULL,1,'',NULL,NULL),(928,16,NULL,NULL,NULL,NULL,0,0,NULL,1,'',NULL,NULL),(929,16,NULL,NULL,NULL,NULL,0,0,NULL,1,'',NULL,NULL),(930,16,NULL,NULL,NULL,NULL,0,0,NULL,1,'',NULL,NULL),(931,16,NULL,NULL,NULL,NULL,0,0,NULL,1,'',NULL,NULL),(932,16,NULL,NULL,NULL,NULL,0,0,NULL,1,'',NULL,NULL),(933,16,NULL,NULL,NULL,NULL,0,0,NULL,1,'',NULL,NULL),(934,16,NULL,NULL,NULL,NULL,0,0,NULL,1,'',NULL,NULL),(935,16,NULL,NULL,NULL,NULL,0,0,NULL,1,'',NULL,NULL),(936,16,NULL,NULL,NULL,NULL,0,0,NULL,1,'',NULL,NULL),(937,16,NULL,NULL,NULL,NULL,0,0,NULL,1,'',NULL,NULL),(938,16,NULL,NULL,NULL,NULL,0,0,NULL,1,'',NULL,NULL),(939,16,NULL,NULL,NULL,NULL,0,0,NULL,1,'',NULL,NULL),(940,17,NULL,NULL,NULL,NULL,0,0,NULL,1,'',NULL,NULL),(941,17,NULL,NULL,NULL,NULL,0,0,NULL,1,'',NULL,NULL),(942,17,NULL,NULL,NULL,NULL,0,0,NULL,1,'',NULL,NULL),(943,17,NULL,NULL,NULL,NULL,0,0,NULL,1,'',NULL,NULL),(944,17,NULL,NULL,NULL,NULL,0,0,NULL,1,'',NULL,NULL),(945,17,NULL,NULL,NULL,NULL,0,0,NULL,1,'',NULL,NULL),(946,17,NULL,NULL,NULL,NULL,0,0,NULL,1,'',NULL,NULL),(947,17,NULL,NULL,NULL,NULL,0,0,NULL,1,'',NULL,NULL),(948,17,NULL,NULL,NULL,NULL,0,0,NULL,1,'',NULL,NULL),(949,17,NULL,NULL,NULL,NULL,0,0,NULL,1,'',NULL,NULL),(950,17,NULL,NULL,NULL,NULL,0,0,NULL,1,'',NULL,NULL),(951,16,NULL,NULL,NULL,NULL,0,0,NULL,1,'',NULL,NULL),(952,17,NULL,NULL,NULL,NULL,0,0,NULL,1,'',NULL,NULL),(953,17,NULL,NULL,NULL,NULL,0,0,NULL,1,'',NULL,NULL),(954,17,NULL,NULL,NULL,NULL,0,0,NULL,1,'',NULL,NULL),(955,17,NULL,NULL,NULL,NULL,0,0,NULL,1,'',NULL,NULL),(956,17,NULL,NULL,NULL,NULL,0,0,NULL,1,'',NULL,NULL),(957,17,NULL,NULL,NULL,NULL,0,0,NULL,1,'',NULL,NULL),(958,17,NULL,NULL,NULL,NULL,0,0,NULL,1,'',NULL,NULL),(959,17,NULL,NULL,NULL,NULL,0,0,NULL,1,'',NULL,NULL),(960,17,NULL,NULL,NULL,NULL,0,0,NULL,1,'',NULL,NULL),(961,17,NULL,NULL,NULL,NULL,0,0,NULL,1,'',NULL,NULL),(962,17,NULL,NULL,NULL,NULL,0,0,NULL,1,'',NULL,NULL),(963,17,NULL,NULL,NULL,NULL,0,0,NULL,1,'',NULL,NULL),(964,17,NULL,NULL,NULL,NULL,0,0,NULL,1,'',NULL,NULL),(965,17,NULL,NULL,NULL,NULL,0,0,NULL,1,'',NULL,NULL),(966,17,NULL,NULL,NULL,NULL,0,0,NULL,1,'',NULL,NULL),(967,17,NULL,NULL,NULL,NULL,0,0,NULL,1,'',NULL,NULL),(968,17,NULL,NULL,NULL,NULL,0,0,NULL,1,'',NULL,NULL),(969,15,NULL,NULL,NULL,NULL,0,0,NULL,1,'',NULL,NULL),(970,15,NULL,NULL,NULL,NULL,0,0,NULL,1,'',NULL,NULL),(971,15,NULL,NULL,NULL,NULL,0,0,NULL,1,'',NULL,NULL),(972,15,NULL,NULL,NULL,NULL,0,0,NULL,1,'',NULL,NULL),(973,14,NULL,NULL,NULL,NULL,0,0,NULL,1,'',NULL,NULL),(974,15,NULL,NULL,NULL,NULL,0,0,NULL,1,'',NULL,NULL),(975,15,NULL,NULL,NULL,NULL,0,0,NULL,1,'',NULL,NULL),(976,15,NULL,NULL,NULL,NULL,0,0,NULL,1,'',NULL,NULL),(977,13,NULL,NULL,NULL,NULL,0,0,NULL,1,'',NULL,NULL),(978,13,NULL,NULL,NULL,NULL,0,0,NULL,1,'',NULL,NULL),(979,14,NULL,NULL,NULL,NULL,0,0,NULL,1,'',NULL,NULL),(980,14,NULL,NULL,NULL,NULL,0,0,NULL,1,'',NULL,NULL),(981,14,NULL,NULL,NULL,NULL,0,0,NULL,1,'',NULL,NULL),(982,14,NULL,NULL,NULL,NULL,0,0,NULL,1,'',NULL,NULL),(983,14,NULL,NULL,NULL,NULL,0,0,NULL,1,'',NULL,NULL),(984,14,NULL,NULL,NULL,NULL,0,0,NULL,1,'',NULL,NULL),(985,14,NULL,NULL,NULL,NULL,0,0,NULL,1,'',NULL,NULL),(986,13,NULL,NULL,NULL,NULL,0,0,NULL,1,'',NULL,NULL),(987,13,NULL,NULL,NULL,NULL,0,0,NULL,1,'',NULL,NULL),(988,13,NULL,NULL,NULL,NULL,0,0,NULL,1,'',NULL,NULL),(989,13,NULL,NULL,NULL,NULL,0,0,NULL,1,'',NULL,NULL),(990,13,NULL,NULL,NULL,NULL,0,0,NULL,1,'',NULL,NULL),(991,13,NULL,NULL,NULL,NULL,0,0,NULL,1,'',NULL,NULL),(992,13,NULL,NULL,NULL,NULL,0,0,NULL,1,'',NULL,NULL),(993,13,NULL,NULL,NULL,NULL,0,0,NULL,1,'',NULL,NULL),(994,13,NULL,NULL,NULL,NULL,0,0,NULL,1,'',NULL,NULL),(995,12,NULL,NULL,NULL,NULL,0,0,NULL,1,'',NULL,NULL),(996,12,NULL,NULL,NULL,NULL,0,0,NULL,1,'',NULL,NULL),(997,12,NULL,NULL,NULL,NULL,0,0,NULL,1,'',NULL,NULL),(998,17,NULL,NULL,NULL,NULL,0,0,NULL,1,'',NULL,NULL),(999,17,NULL,NULL,NULL,NULL,0,0,NULL,1,'',NULL,NULL),(1000,17,NULL,NULL,NULL,NULL,0,0,NULL,1,'',NULL,NULL),(1001,17,NULL,NULL,NULL,NULL,0,0,NULL,1,'',NULL,NULL),(1002,17,NULL,NULL,NULL,NULL,0,0,NULL,1,'',NULL,NULL),(1003,17,NULL,NULL,NULL,NULL,0,0,NULL,1,'',NULL,NULL),(1004,17,NULL,NULL,NULL,NULL,0,0,NULL,1,'',NULL,NULL),(1005,17,NULL,NULL,NULL,NULL,0,0,NULL,1,'',NULL,NULL),(1006,17,NULL,NULL,NULL,NULL,0,0,NULL,1,'',NULL,NULL),(1007,17,NULL,NULL,NULL,NULL,0,0,NULL,1,'',NULL,NULL),(1008,17,NULL,NULL,NULL,NULL,0,0,NULL,1,'',NULL,NULL),(1009,17,NULL,NULL,NULL,NULL,0,0,NULL,1,'',NULL,NULL),(1010,16,NULL,NULL,NULL,NULL,0,0,NULL,1,'',NULL,NULL),(1011,17,NULL,NULL,NULL,NULL,0,0,NULL,1,'',NULL,NULL),(1012,17,NULL,NULL,NULL,NULL,0,0,NULL,1,'',NULL,NULL),(1013,11,NULL,NULL,NULL,NULL,0,0,NULL,1,'',NULL,NULL),(1014,16,NULL,NULL,NULL,NULL,0,0,NULL,1,'',NULL,NULL),(1015,3,NULL,NULL,NULL,NULL,1996,72478790,NULL,1,'',NULL,NULL),(1016,3,NULL,NULL,NULL,NULL,1996,739418567,NULL,1,'',NULL,NULL),(1017,16,NULL,NULL,NULL,NULL,0,533589000,NULL,1,'',NULL,NULL),(1018,17,NULL,NULL,NULL,NULL,0,1347080000,NULL,1,'',NULL,NULL),(1019,17,NULL,NULL,NULL,NULL,0,2079891000,NULL,1,'',NULL,NULL),(1020,17,NULL,NULL,NULL,NULL,0,237690000,NULL,1,'',NULL,NULL),(1021,17,NULL,NULL,NULL,NULL,0,866890000,NULL,1,'',NULL,NULL),(1022,2,NULL,NULL,NULL,NULL,1994,1423771380,NULL,1,'',NULL,NULL),(1023,2,NULL,NULL,NULL,NULL,1994,209935000,NULL,1,'',NULL,NULL),(1024,1,NULL,NULL,NULL,NULL,2009,171746000,NULL,1,'',NULL,NULL);
/*!40000 ALTER TABLE `asset_received` ENABLE KEYS */;
UNLOCK TABLES;

--
-- Table structure for table `auth_assignment`
--

DROP TABLE IF EXISTS `auth_assignment`;
/*!40101 SET @saved_cs_client     = @@character_set_client */;
/*!40101 SET character_set_client = utf8 */;
CREATE TABLE `auth_assignment` (
  `item_name` varchar(64) COLLATE utf8_unicode_ci NOT NULL,
  `user_id` varchar(64) COLLATE utf8_unicode_ci NOT NULL,
  `created_at` int(11) DEFAULT NULL,
  PRIMARY KEY (`item_name`,`user_id`),
  KEY `auth_assignment_user_id_idx` (`user_id`),
  CONSTRAINT `auth_assignment_ibfk_1` FOREIGN KEY (`item_name`) REFERENCES `auth_item` (`name`) ON DELETE CASCADE ON UPDATE CASCADE
) ENGINE=InnoDB DEFAULT CHARSET=utf8 COLLATE=utf8_unicode_ci;
/*!40101 SET character_set_client = @saved_cs_client */;

--
-- Dumping data for table `auth_assignment`
--

LOCK TABLES `auth_assignment` WRITE;
/*!40000 ALTER TABLE `auth_assignment` DISABLE KEYS */;
INSERT INTO `auth_assignment` VALUES ('admin','1',1542014079),('admin','36',1565786619),('admin','37',1565787233),('admin','39',1574829716),('admin','7',1552641965),('member','13',1563241503),('member','14',1547712959),('member','15',1547712959),('member','16',1563241503),('member','18',1547712959),('member','32',1565784712),('member','33',1565785037),('member','38',1565820068);
/*!40000 ALTER TABLE `auth_assignment` ENABLE KEYS */;
UNLOCK TABLES;

--
-- Table structure for table `auth_item`
--

DROP TABLE IF EXISTS `auth_item`;
/*!40101 SET @saved_cs_client     = @@character_set_client */;
/*!40101 SET character_set_client = utf8 */;
CREATE TABLE `auth_item` (
  `name` varchar(64) COLLATE utf8_unicode_ci NOT NULL,
  `type` smallint(6) NOT NULL,
  `description` text COLLATE utf8_unicode_ci DEFAULT NULL,
  `rule_name` varchar(64) COLLATE utf8_unicode_ci DEFAULT NULL,
  `data` blob DEFAULT NULL,
  `created_at` int(11) DEFAULT NULL,
  `updated_at` int(11) DEFAULT NULL,
  PRIMARY KEY (`name`),
  KEY `rule_name` (`rule_name`),
  KEY `idx-auth_item-type` (`type`),
  CONSTRAINT `auth_item_ibfk_1` FOREIGN KEY (`rule_name`) REFERENCES `auth_rule` (`name`) ON DELETE SET NULL ON UPDATE CASCADE
) ENGINE=InnoDB DEFAULT CHARSET=utf8 COLLATE=utf8_unicode_ci;
/*!40101 SET character_set_client = @saved_cs_client */;

--
-- Dumping data for table `auth_item`
--

LOCK TABLES `auth_item` WRITE;
/*!40000 ALTER TABLE `auth_item` DISABLE KEYS */;
INSERT INTO `auth_item` VALUES ('/admin/assignment/*',2,NULL,NULL,NULL,1552641503,1552641503),('/admin/assignment/assign',2,NULL,NULL,NULL,1552641510,1552641510),('/admin/assignment/index',2,NULL,NULL,NULL,1552641510,1552641510),('/admin/assignment/revoke',2,NULL,NULL,NULL,1552641510,1552641510),('/admin/assignment/view',2,NULL,NULL,NULL,1552641510,1552641510),('/admin/default/*',2,NULL,NULL,NULL,1552641513,1552641513),('/admin/default/index',2,NULL,NULL,NULL,1552641513,1552641513),('/admin/permission/*',2,NULL,NULL,NULL,1552641517,1552641517),('/admin/permission/assign',2,NULL,NULL,NULL,1552641517,1552641517),('/admin/permission/create',2,NULL,NULL,NULL,1552641517,1552641517),('/admin/permission/delete',2,NULL,NULL,NULL,1552641517,1552641517),('/admin/permission/index',2,NULL,NULL,NULL,1552641517,1552641517),('/admin/permission/remove',2,NULL,NULL,NULL,1552641517,1552641517),('/admin/permission/update',2,NULL,NULL,NULL,1552641517,1552641517),('/admin/permission/view',2,NULL,NULL,NULL,1552641517,1552641517),('/admin/role/*',2,NULL,NULL,NULL,1552641520,1552641520),('/admin/role/assign',2,NULL,NULL,NULL,1552641520,1552641520),('/admin/role/create',2,NULL,NULL,NULL,1552641520,1552641520),('/admin/role/delete',2,NULL,NULL,NULL,1552641520,1552641520),('/admin/role/index',2,NULL,NULL,NULL,1552641520,1552641520),('/admin/role/remove',2,NULL,NULL,NULL,1552641520,1552641520),('/admin/role/update',2,NULL,NULL,NULL,1552641520,1552641520),('/admin/role/view',2,NULL,NULL,NULL,1552641520,1552641520),('/admin/route/*',2,NULL,NULL,NULL,1552641523,1552641523),('/admin/route/assign',2,NULL,NULL,NULL,1552641523,1552641523),('/admin/route/create',2,NULL,NULL,NULL,1552641523,1552641523),('/admin/route/index',2,NULL,NULL,NULL,1552641523,1552641523),('/admin/route/refresh',2,NULL,NULL,NULL,1552641523,1552641523),('/admin/route/remove',2,NULL,NULL,NULL,1552641523,1552641523),('/admin/rule/*',2,NULL,NULL,NULL,1552641527,1552641527),('/admin/rule/create',2,NULL,NULL,NULL,1552641527,1552641527),('/admin/rule/delete',2,NULL,NULL,NULL,1552641527,1552641527),('/admin/rule/index',2,NULL,NULL,NULL,1552641527,1552641527),('/admin/rule/update',2,NULL,NULL,NULL,1552641527,1552641527),('/admin/rule/view',2,NULL,NULL,NULL,1552641527,1552641527),('/admin/user/delete',2,NULL,NULL,NULL,1552641538,1552641538),('/admin/user/index',2,NULL,NULL,NULL,1552641538,1552641538),('/admin/user/view',2,NULL,NULL,NULL,1552641538,1552641538),('/app-field-config/*',2,NULL,NULL,NULL,1574905325,1574905325),('/app-field-config/create',2,NULL,NULL,NULL,1574905325,1574905325),('/app-field-config/delete',2,NULL,NULL,NULL,1574905325,1574905325),('/app-field-config/editable',2,NULL,NULL,NULL,1574905325,1574905325),('/app-field-config/generate',2,NULL,NULL,NULL,1574905325,1574905325),('/app-field-config/index',2,NULL,NULL,NULL,1574905325,1574905325),('/app-field-config/update',2,NULL,NULL,NULL,1574905325,1574905325),('/app-field-config/view',2,NULL,NULL,NULL,1574905325,1574905325),('/app-setting/*',2,NULL,NULL,NULL,1571279315,1571279315),('/app-setting/create',2,NULL,NULL,NULL,1571279315,1571279315),('/app-setting/delete',2,NULL,NULL,NULL,1571279315,1571279315),('/app-setting/index',2,NULL,NULL,NULL,1571279315,1571279315),('/app-setting/update',2,NULL,NULL,NULL,1571279315,1571279315),('/app-setting/view',2,NULL,NULL,NULL,1571279315,1571279315),('/asset-code/*',2,NULL,NULL,NULL,1571279315,1571279315),('/asset-code/create',2,NULL,NULL,NULL,1571279315,1571279315),('/asset-code/delete',2,NULL,NULL,NULL,1571279315,1571279315),('/asset-code/index',2,NULL,NULL,NULL,1571279315,1571279315),('/asset-code/update',2,NULL,NULL,NULL,1571279315,1571279315),('/asset-code/view',2,NULL,NULL,NULL,1571279315,1571279315),('/asset-item-location/*',2,NULL,NULL,NULL,1571279316,1571279316),('/asset-item-location/create',2,NULL,NULL,NULL,1571279316,1571279316),('/asset-item-location/delete',2,NULL,NULL,NULL,1571279316,1571279316),('/asset-item-location/index',2,NULL,NULL,NULL,1571279316,1571279316),('/asset-item-location/update',2,NULL,NULL,NULL,1571279316,1571279316),('/asset-item-location/view',2,NULL,NULL,NULL,1571279316,1571279316),('/asset-item/*',2,NULL,NULL,NULL,1571279316,1571279316),('/asset-item/create',2,NULL,NULL,NULL,1571279316,1571279316),('/asset-item/delete',2,NULL,NULL,NULL,1571279316,1571279316),('/asset-item/index',2,NULL,NULL,NULL,1571279316,1571279316),('/asset-item/update',2,NULL,NULL,NULL,1571279316,1571279316),('/asset-item/view',2,NULL,NULL,NULL,1571279316,1571279316),('/asset-master-field-config/*',2,NULL,NULL,NULL,1571279316,1571279316),('/asset-master-field-config/create',2,NULL,NULL,NULL,1571279316,1571279316),('/asset-master-field-config/delete',2,NULL,NULL,NULL,1571279316,1571279316),('/asset-master-field-config/index',2,NULL,NULL,NULL,1571279316,1571279316),('/asset-master-field-config/update',2,NULL,NULL,NULL,1571279316,1571279316),('/asset-master-field-config/view',2,NULL,NULL,NULL,1571279316,1571279316),('/asset-master-location/*',2,NULL,NULL,NULL,1571279317,1571279317),('/asset-master-location/create',2,NULL,NULL,NULL,1571279317,1571279317),('/asset-master-location/delete',2,NULL,NULL,NULL,1571279317,1571279317),('/asset-master-location/index',2,NULL,NULL,NULL,1571279316,1571279316),('/asset-master-location/update',2,NULL,NULL,NULL,1571279317,1571279317),('/asset-master-location/view',2,NULL,NULL,NULL,1571279316,1571279316),('/asset-master/*',2,NULL,NULL,NULL,1571279316,1571279316),('/asset-master/create',2,NULL,NULL,NULL,1571279316,1571279316),('/asset-master/delete',2,NULL,NULL,NULL,1571279316,1571279316),('/asset-master/index',2,NULL,NULL,NULL,1571279316,1571279316),('/asset-master/update',2,NULL,NULL,NULL,1571279316,1571279316),('/asset-master/view',2,NULL,NULL,NULL,1571279316,1571279316),('/asset-received/*',2,NULL,NULL,NULL,1571279317,1571279317),('/asset-received/create',2,NULL,NULL,NULL,1571279317,1571279317),('/asset-received/delete',2,NULL,NULL,NULL,1571279317,1571279317),('/asset-received/index',2,NULL,NULL,NULL,1571279317,1571279317),('/asset-received/update',2,NULL,NULL,NULL,1571279317,1571279317),('/asset-received/view',2,NULL,NULL,NULL,1571279317,1571279317),('/cpanel-leftmenu/*',2,NULL,NULL,NULL,1552641574,1552641574),('/cpanel-leftmenu/create',2,NULL,NULL,NULL,1552641574,1552641574),('/cpanel-leftmenu/delete',2,NULL,NULL,NULL,1552641574,1552641574),('/cpanel-leftmenu/index',2,NULL,NULL,NULL,1552641574,1552641574),('/cpanel-leftmenu/update',2,NULL,NULL,NULL,1552641574,1552641574),('/cpanel-leftmenu/view',2,NULL,NULL,NULL,1552641574,1552641574),('/dashboard/*',2,NULL,NULL,NULL,1552641577,1552641577),('/dashboard/index',2,NULL,NULL,NULL,1569294058,1569294058),('/dashboard/main',2,NULL,NULL,NULL,1552641577,1552641577),('/gii/*',2,NULL,NULL,NULL,1552641560,1552641560),('/gridview/export/*',2,NULL,NULL,NULL,1575264749,1575264749),('/gridview/export/download',2,NULL,NULL,NULL,1575264749,1575264749),('/hrm-pegawai/*',2,NULL,NULL,NULL,1552641579,1552641579),('/hrm-pegawai/create',2,NULL,NULL,NULL,1552641579,1552641579),('/hrm-pegawai/delete',2,NULL,NULL,NULL,1552641579,1552641579),('/hrm-pegawai/index',2,NULL,NULL,NULL,1552641579,1552641579),('/hrm-pegawai/update',2,NULL,NULL,NULL,1552641579,1552641579),('/hrm-pegawai/view',2,NULL,NULL,NULL,1552641579,1552641579),('/kabupaten/*',2,NULL,NULL,NULL,1571279317,1571279317),('/kabupaten/create',2,NULL,NULL,NULL,1571279317,1571279317),('/kabupaten/delete',2,NULL,NULL,NULL,1571279317,1571279317),('/kabupaten/index',2,NULL,NULL,NULL,1571279317,1571279317),('/kabupaten/update',2,NULL,NULL,NULL,1571279317,1571279317),('/kabupaten/view',2,NULL,NULL,NULL,1571279317,1571279317),('/kamus-petunjuk/*',2,NULL,NULL,NULL,1565760399,1565760399),('/kamus-petunjuk/create',2,NULL,NULL,NULL,1565760399,1565760399),('/kamus-petunjuk/delete',2,NULL,NULL,NULL,1565760399,1565760399),('/kamus-petunjuk/index',2,NULL,NULL,NULL,1565760399,1565760399),('/kamus-petunjuk/update',2,NULL,NULL,NULL,1565760399,1565760399),('/kamus-petunjuk/view',2,NULL,NULL,NULL,1565760399,1565760399),('/kecamatan/*',2,NULL,NULL,NULL,1571279317,1571279317),('/kecamatan/create',2,NULL,NULL,NULL,1571279317,1571279317),('/kecamatan/delete',2,NULL,NULL,NULL,1571279317,1571279317),('/kecamatan/index',2,NULL,NULL,NULL,1571279317,1571279317),('/kecamatan/update',2,NULL,NULL,NULL,1571279317,1571279317),('/kecamatan/view',2,NULL,NULL,NULL,1571279317,1571279317),('/kelurahan/*',2,NULL,NULL,NULL,1571279317,1571279317),('/kelurahan/create',2,NULL,NULL,NULL,1571279317,1571279317),('/kelurahan/delete',2,NULL,NULL,NULL,1571279317,1571279317),('/kelurahan/index',2,NULL,NULL,NULL,1571279317,1571279317),('/kelurahan/update',2,NULL,NULL,NULL,1571279317,1571279317),('/kelurahan/view',2,NULL,NULL,NULL,1571279317,1571279317),('/laporan/*',2,NULL,NULL,NULL,1552641588,1552641588),('/laporan/bulanan',2,NULL,NULL,NULL,1552641588,1552641588),('/laporan/captcha',2,NULL,NULL,NULL,1552641588,1552641588),('/laporan/error',2,NULL,NULL,NULL,1552641588,1552641588),('/laporan/harian',2,NULL,NULL,NULL,1552641588,1552641588),('/laporan/scan',2,NULL,NULL,NULL,1552641588,1552641588),('/market-place/*',2,NULL,NULL,NULL,1566904898,1566904898),('/market-place/create',2,NULL,NULL,NULL,1566904898,1566904898),('/market-place/delete',2,NULL,NULL,NULL,1566904898,1566904898),('/market-place/index',2,NULL,NULL,NULL,1566904898,1566904898),('/market-place/update',2,NULL,NULL,NULL,1566904898,1566904898),('/market-place/view',2,NULL,NULL,NULL,1566904898,1566904898),('/mst-status-received/*',2,NULL,NULL,NULL,1571279306,1571279306),('/mst-status-received/create',2,NULL,NULL,NULL,1571279305,1571279305),('/mst-status-received/delete',2,NULL,NULL,NULL,1571279306,1571279306),('/mst-status-received/index',2,NULL,NULL,NULL,1571279305,1571279305),('/mst-status-received/update',2,NULL,NULL,NULL,1571279306,1571279306),('/mst-status-received/view',2,NULL,NULL,NULL,1571279305,1571279305),('/perusahaan/*',2,NULL,NULL,NULL,1552641592,1552641592),('/perusahaan/create',2,NULL,NULL,NULL,1552641592,1552641592),('/perusahaan/delete',2,NULL,NULL,NULL,1552641592,1552641592),('/perusahaan/index',2,NULL,NULL,NULL,1552641592,1552641592),('/perusahaan/update',2,NULL,NULL,NULL,1552641592,1552641592),('/perusahaan/view',2,NULL,NULL,NULL,1552641592,1552641592),('/product-marketplace/*',2,NULL,NULL,NULL,1566904715,1566904715),('/product-marketplace/create',2,NULL,NULL,NULL,1566904715,1566904715),('/product-marketplace/delete',2,NULL,NULL,NULL,1566904715,1566904715),('/product-marketplace/index',2,NULL,NULL,NULL,1566904715,1566904715),('/product-marketplace/update',2,NULL,NULL,NULL,1566904715,1566904715),('/product-marketplace/view',2,NULL,NULL,NULL,1566904715,1566904715),('/propinsi/*',2,NULL,NULL,NULL,1571279306,1571279306),('/propinsi/create',2,NULL,NULL,NULL,1571279306,1571279306),('/propinsi/delete',2,NULL,NULL,NULL,1571279306,1571279306),('/propinsi/index',2,NULL,NULL,NULL,1571279306,1571279306),('/propinsi/update',2,NULL,NULL,NULL,1571279306,1571279306),('/propinsi/view',2,NULL,NULL,NULL,1571279306,1571279306),('/request-pick/*',2,NULL,NULL,NULL,1567478656,1567478656),('/request-pick/create',2,NULL,NULL,NULL,1567478656,1567478656),('/request-pick/delete',2,NULL,NULL,NULL,1567478656,1567478656),('/request-pick/index',2,NULL,NULL,NULL,1567478656,1567478656),('/request-pick/update',2,NULL,NULL,NULL,1567478656,1567478656),('/request-pick/view',2,NULL,NULL,NULL,1567478656,1567478656),('/sensor/*',2,NULL,NULL,NULL,1567474278,1567474278),('/sensor/create',2,NULL,NULL,NULL,1567474277,1567474277),('/sensor/delete',2,NULL,NULL,NULL,1567474277,1567474277),('/sensor/index',2,NULL,NULL,NULL,1567474277,1567474277),('/sensor/update',2,NULL,NULL,NULL,1567474277,1567474277),('/sensor/view',2,NULL,NULL,NULL,1567474277,1567474277),('/site/*',2,NULL,NULL,NULL,1552641595,1552641595),('/site/about',2,NULL,NULL,NULL,1552641595,1552641595),('/site/captcha',2,NULL,NULL,NULL,1552641595,1552641595),('/site/contact',2,NULL,NULL,NULL,1552641595,1552641595),('/site/error',2,NULL,NULL,NULL,1552641595,1552641595),('/site/index',2,NULL,NULL,NULL,1552641595,1552641595),('/site/login',2,NULL,NULL,NULL,1552641595,1552641595),('/site/logout',2,NULL,NULL,NULL,1552641595,1552641595),('/site/scan',2,NULL,NULL,NULL,1552641595,1552641595),('/supplier/*',2,NULL,NULL,NULL,1563246527,1563246527),('/supplier/change-password',2,NULL,NULL,NULL,1565820642,1565820642),('/supplier/create',2,NULL,NULL,NULL,1563246527,1563246527),('/supplier/delete',2,NULL,NULL,NULL,1563246527,1563246527),('/supplier/generate-user',2,NULL,NULL,NULL,1565760430,1565760430),('/supplier/index',2,NULL,NULL,NULL,1563246527,1563246527),('/supplier/update',2,NULL,NULL,NULL,1563246527,1563246527),('/supplier/userlist',2,NULL,NULL,NULL,1565760430,1565760430),('/supplier/view',2,NULL,NULL,NULL,1563246527,1563246527),('/tester/*',2,NULL,NULL,NULL,1569291049,1569291049),('/tester/create',2,NULL,NULL,NULL,1569291048,1569291048),('/tester/delete',2,NULL,NULL,NULL,1569291048,1569291048),('/tester/editable',2,NULL,NULL,NULL,1569291048,1569291048),('/tester/index',2,NULL,NULL,NULL,1569291048,1569291048),('/tester/update',2,NULL,NULL,NULL,1569291048,1569291048),('/tester/view',2,NULL,NULL,NULL,1569291048,1569291048),('/type-asset-item1/*',2,NULL,NULL,NULL,1572835234,1572835234),('/type-asset-item1/create',2,NULL,NULL,NULL,1572835234,1572835234),('/type-asset-item1/delete',2,NULL,NULL,NULL,1572835234,1572835234),('/type-asset-item1/index',2,NULL,NULL,NULL,1572835234,1572835234),('/type-asset-item1/update',2,NULL,NULL,NULL,1572835234,1572835234),('/type-asset-item1/view',2,NULL,NULL,NULL,1572835234,1572835234),('/type-asset-item2/*',2,NULL,NULL,NULL,1572835234,1572835234),('/type-asset-item2/create',2,NULL,NULL,NULL,1572835234,1572835234),('/type-asset-item2/delete',2,NULL,NULL,NULL,1572835234,1572835234),('/type-asset-item2/index',2,NULL,NULL,NULL,1572835234,1572835234),('/type-asset-item2/update',2,NULL,NULL,NULL,1572835234,1572835234),('/type-asset-item2/view',2,NULL,NULL,NULL,1572835234,1572835234),('/type-asset-item3/*',2,NULL,NULL,NULL,1572835234,1572835234),('/type-asset-item3/create',2,NULL,NULL,NULL,1572835234,1572835234),('/type-asset-item3/delete',2,NULL,NULL,NULL,1572835234,1572835234),('/type-asset-item3/index',2,NULL,NULL,NULL,1572835234,1572835234),('/type-asset-item3/update',2,NULL,NULL,NULL,1572835234,1572835234),('/type-asset-item3/view',2,NULL,NULL,NULL,1572835234,1572835234),('/type-asset-item4/*',2,NULL,NULL,NULL,1572835234,1572835234),('/type-asset-item4/create',2,NULL,NULL,NULL,1572835234,1572835234),('/type-asset-item4/delete',2,NULL,NULL,NULL,1572835234,1572835234),('/type-asset-item4/index',2,NULL,NULL,NULL,1572835234,1572835234),('/type-asset-item4/update',2,NULL,NULL,NULL,1572835234,1572835234),('/type-asset-item4/view',2,NULL,NULL,NULL,1572835234,1572835234),('/type-asset-item5/*',2,NULL,NULL,NULL,1572835234,1572835234),('/type-asset-item5/create',2,NULL,NULL,NULL,1572835234,1572835234),('/type-asset-item5/delete',2,NULL,NULL,NULL,1572835234,1572835234),('/type-asset-item5/index',2,NULL,NULL,NULL,1572835234,1572835234),('/type-asset-item5/update',2,NULL,NULL,NULL,1572835234,1572835234),('/type-asset-item5/view',2,NULL,NULL,NULL,1572835234,1572835234),('/type-asset1/*',2,NULL,NULL,NULL,1571279296,1571279296),('/type-asset1/create',2,NULL,NULL,NULL,1571279296,1571279296),('/type-asset1/delete',2,NULL,NULL,NULL,1571279296,1571279296),('/type-asset1/index',2,NULL,NULL,NULL,1571279296,1571279296),('/type-asset1/update',2,NULL,NULL,NULL,1571279296,1571279296),('/type-asset1/view',2,NULL,NULL,NULL,1571279296,1571279296),('/type-asset2/*',2,NULL,NULL,NULL,1571279296,1571279296),('/type-asset2/create',2,NULL,NULL,NULL,1571279296,1571279296),('/type-asset2/delete',2,NULL,NULL,NULL,1571279296,1571279296),('/type-asset2/index',2,NULL,NULL,NULL,1571279296,1571279296),('/type-asset2/update',2,NULL,NULL,NULL,1571279296,1571279296),('/type-asset2/view',2,NULL,NULL,NULL,1571279296,1571279296),('/type-asset3/*',2,NULL,NULL,NULL,1571279297,1571279297),('/type-asset3/create',2,NULL,NULL,NULL,1571279297,1571279297),('/type-asset3/delete',2,NULL,NULL,NULL,1571279297,1571279297),('/type-asset3/index',2,NULL,NULL,NULL,1571279296,1571279296),('/type-asset3/update',2,NULL,NULL,NULL,1571279297,1571279297),('/type-asset3/view',2,NULL,NULL,NULL,1571279297,1571279297),('/type-asset4/*',2,NULL,NULL,NULL,1571279297,1571279297),('/type-asset4/create',2,NULL,NULL,NULL,1571279297,1571279297),('/type-asset4/delete',2,NULL,NULL,NULL,1571279297,1571279297),('/type-asset4/index',2,NULL,NULL,NULL,1571279297,1571279297),('/type-asset4/update',2,NULL,NULL,NULL,1571279297,1571279297),('/type-asset4/view',2,NULL,NULL,NULL,1571279297,1571279297),('/type-asset5/*',2,NULL,NULL,NULL,1571279297,1571279297),('/type-asset5/create',2,NULL,NULL,NULL,1571279297,1571279297),('/type-asset5/delete',2,NULL,NULL,NULL,1571279297,1571279297),('/type-asset5/index',2,NULL,NULL,NULL,1571279297,1571279297),('/type-asset5/update',2,NULL,NULL,NULL,1571279297,1571279297),('/type-asset5/view',2,NULL,NULL,NULL,1571279297,1571279297),('/user-perusahaan/*',2,NULL,NULL,NULL,1552641605,1552641605),('/user-perusahaan/create',2,NULL,NULL,NULL,1552641604,1552641604),('/user-perusahaan/delete',2,NULL,NULL,NULL,1552641605,1552641605),('/user-perusahaan/index',2,NULL,NULL,NULL,1552641604,1552641604),('/user-perusahaan/update',2,NULL,NULL,NULL,1552641605,1552641605),('/user-perusahaan/view',2,NULL,NULL,NULL,1552641604,1552641604),('/user/*',2,NULL,NULL,NULL,1552641600,1552641600),('/user/create',2,NULL,NULL,NULL,1552641600,1552641600),('/user/delete',2,NULL,NULL,NULL,1552641600,1552641600),('/user/index',2,NULL,NULL,NULL,1552641600,1552641600),('/user/update',2,NULL,NULL,NULL,1552641600,1552641600),('/user/view',2,NULL,NULL,NULL,1552641600,1552641600),('abs-absence/create',2,'Create a log',NULL,NULL,1547712959,1547712959),('abs-absence/index',2,'Create a index',NULL,NULL,1547712959,1547712959),('abs-absence/view',2,'View a log',NULL,NULL,1547712959,1547712959),('admin',1,'Application Admin',NULL,NULL,1542013792,1552641743),('cpanel-leftmenu/create',2,'Create a menu',NULL,NULL,1547712959,1547712959),('cpanel-leftmenu/delete',2,'delete a menu',NULL,NULL,1547712959,1547712959),('cpanel-leftmenu/index',2,'Create a index',NULL,NULL,1547712959,1547712959),('cpanel-leftmenu/update',2,'Update a menu',NULL,NULL,1547713493,1547713493),('cpanel-leftmenu/view',2,'View a menu',NULL,NULL,1547712959,1547712959),('grievance-list-request/index',2,'View Grievance List',NULL,NULL,1563228150,1563228150),('hrm-pegawai/create',2,'Create Pegawai',NULL,NULL,NULL,NULL),('hrm-pegawai/delete',2,'Delete Pegawai',NULL,NULL,NULL,NULL),('hrm-pegawai/index',2,'Display index',NULL,NULL,NULL,NULL),('hrm-pegawai/update',2,'Update Pegawai',NULL,NULL,NULL,NULL),('hrm-pegawai/view',2,'view Pegawai',NULL,NULL,1547712959,1547712959),('kartu-rfid/create',2,'Create a Kartu RFID',NULL,NULL,1547716430,1547716430),('kartu-rfid/delete',2,'delete a Kartu RFID',NULL,NULL,1547716430,1547716430),('kartu-rfid/index',2,'Index of Kartu RFID',NULL,NULL,1547716430,1547716430),('kartu-rfid/update',2,'Update a Kartu RFID',NULL,NULL,1547716430,1547716430),('kartu-rfid/view',2,'View a Kartu RFID',NULL,NULL,1547716430,1547716430),('member',1,'Member or supplier',NULL,NULL,1563240747,1563240747),('user/create',2,'Create a user',NULL,NULL,1542013422,1542013422),('user/delete',2,'Delete a user',NULL,NULL,1542013422,1548749079),('user/index',2,'Create a index',NULL,NULL,1542013422,1548749389),('user/update',2,'Update a user',NULL,NULL,1542013422,1542013422),('user/view',2,'View a user',NULL,NULL,1542013422,1548749426);
/*!40000 ALTER TABLE `auth_item` ENABLE KEYS */;
UNLOCK TABLES;

--
-- Table structure for table `auth_item_child`
--

DROP TABLE IF EXISTS `auth_item_child`;
/*!40101 SET @saved_cs_client     = @@character_set_client */;
/*!40101 SET character_set_client = utf8 */;
CREATE TABLE `auth_item_child` (
  `parent` varchar(64) COLLATE utf8_unicode_ci NOT NULL,
  `child` varchar(64) COLLATE utf8_unicode_ci NOT NULL,
  PRIMARY KEY (`parent`,`child`),
  KEY `child` (`child`),
  CONSTRAINT `auth_item_child_ibfk_1` FOREIGN KEY (`parent`) REFERENCES `auth_item` (`name`) ON DELETE CASCADE ON UPDATE CASCADE,
  CONSTRAINT `auth_item_child_ibfk_2` FOREIGN KEY (`child`) REFERENCES `auth_item` (`name`) ON DELETE CASCADE ON UPDATE CASCADE
) ENGINE=InnoDB DEFAULT CHARSET=utf8 COLLATE=utf8_unicode_ci;
/*!40101 SET character_set_client = @saved_cs_client */;

--
-- Dumping data for table `auth_item_child`
--

LOCK TABLES `auth_item_child` WRITE;
/*!40000 ALTER TABLE `auth_item_child` DISABLE KEYS */;
INSERT INTO `auth_item_child` VALUES ('admin','/admin/assignment/*'),('admin','/admin/assignment/assign'),('admin','/admin/assignment/index'),('admin','/admin/assignment/revoke'),('admin','/admin/assignment/view'),('admin','/admin/default/*'),('admin','/admin/default/index'),('admin','/admin/permission/*'),('admin','/admin/permission/assign'),('admin','/admin/permission/create'),('admin','/admin/permission/delete'),('admin','/admin/permission/index'),('admin','/admin/permission/remove'),('admin','/admin/permission/update'),('admin','/admin/permission/view'),('admin','/admin/role/*'),('admin','/admin/role/assign'),('admin','/admin/role/create'),('admin','/admin/role/delete'),('admin','/admin/role/index'),('admin','/admin/role/remove'),('admin','/admin/role/update'),('admin','/admin/role/view'),('admin','/admin/route/*'),('admin','/admin/route/assign'),('admin','/admin/route/create'),('admin','/admin/route/index'),('admin','/admin/route/refresh'),('admin','/admin/route/remove'),('admin','/admin/rule/*'),('admin','/admin/rule/create'),('admin','/admin/rule/delete'),('admin','/admin/rule/index'),('admin','/admin/rule/update'),('admin','/admin/rule/view'),('admin','/admin/user/delete'),('admin','/admin/user/index'),('admin','/admin/user/view'),('admin','/app-field-config/*'),('admin','/app-field-config/create'),('admin','/app-field-config/delete'),('admin','/app-field-config/editable'),('admin','/app-field-config/generate'),('admin','/app-field-config/index'),('admin','/app-field-config/update'),('admin','/app-field-config/view'),('admin','/app-setting/*'),('admin','/app-setting/create'),('admin','/app-setting/delete'),('admin','/app-setting/index'),('admin','/app-setting/update'),('admin','/app-setting/view'),('admin','/asset-code/*'),('admin','/asset-code/create'),('admin','/asset-code/delete'),('admin','/asset-code/index'),('admin','/asset-code/update'),('admin','/asset-code/view'),('admin','/asset-item-location/*'),('admin','/asset-item-location/create'),('admin','/asset-item-location/delete'),('admin','/asset-item-location/index'),('admin','/asset-item-location/update'),('admin','/asset-item-location/view'),('admin','/asset-item/*'),('admin','/asset-item/create'),('admin','/asset-item/delete'),('admin','/asset-item/index'),('admin','/asset-item/update'),('admin','/asset-item/view'),('admin','/asset-master-field-config/*'),('admin','/asset-master-field-config/create'),('admin','/asset-master-field-config/delete'),('admin','/asset-master-field-config/index'),('admin','/asset-master-field-config/update'),('admin','/asset-master-field-config/view'),('admin','/asset-master-location/*'),('admin','/asset-master-location/create'),('admin','/asset-master-location/delete'),('admin','/asset-master-location/index'),('admin','/asset-master-location/update'),('admin','/asset-master-location/view'),('admin','/asset-master/*'),('admin','/asset-master/create'),('admin','/asset-master/delete'),('admin','/asset-master/index'),('admin','/asset-master/update'),('admin','/asset-master/view'),('admin','/asset-received/*'),('admin','/asset-received/create'),('admin','/asset-received/delete'),('admin','/asset-received/index'),('admin','/asset-received/update'),('admin','/asset-received/view'),('admin','/cpanel-leftmenu/*'),('admin','/cpanel-leftmenu/create'),('admin','/cpanel-leftmenu/delete'),('admin','/cpanel-leftmenu/index'),('admin','/cpanel-leftmenu/update'),('admin','/cpanel-leftmenu/view'),('admin','/dashboard/*'),('admin','/dashboard/index'),('admin','/dashboard/main'),('admin','/gii/*'),('admin','/gridview/export/*'),('admin','/gridview/export/download'),('admin','/hrm-pegawai/*'),('admin','/hrm-pegawai/create'),('admin','/hrm-pegawai/delete'),('admin','/hrm-pegawai/index'),('admin','/hrm-pegawai/update'),('admin','/hrm-pegawai/view'),('admin','/kabupaten/*'),('admin','/kabupaten/create'),('admin','/kabupaten/delete'),('admin','/kabupaten/index'),('admin','/kabupaten/update'),('admin','/kabupaten/view'),('admin','/kamus-petunjuk/*'),('admin','/kamus-petunjuk/create'),('admin','/kamus-petunjuk/delete'),('admin','/kamus-petunjuk/index'),('admin','/kamus-petunjuk/update'),('admin','/kamus-petunjuk/view'),('admin','/kecamatan/*'),('admin','/kecamatan/create'),('admin','/kecamatan/delete'),('admin','/kecamatan/index'),('admin','/kecamatan/update'),('admin','/kecamatan/view'),('admin','/kelurahan/*'),('admin','/kelurahan/create'),('admin','/kelurahan/delete'),('admin','/kelurahan/index'),('admin','/kelurahan/update'),('admin','/kelurahan/view'),('admin','/laporan/*'),('admin','/laporan/bulanan'),('admin','/laporan/captcha'),('admin','/laporan/error'),('admin','/laporan/harian'),('admin','/laporan/scan'),('admin','/market-place/*'),('admin','/market-place/create'),('admin','/market-place/delete'),('admin','/market-place/index'),('admin','/market-place/update'),('admin','/market-place/view'),('admin','/mst-status-received/*'),('admin','/mst-status-received/create'),('admin','/mst-status-received/delete'),('admin','/mst-status-received/index'),('admin','/mst-status-received/update'),('admin','/mst-status-received/view'),('admin','/perusahaan/*'),('admin','/perusahaan/create'),('admin','/perusahaan/delete'),('admin','/perusahaan/index'),('admin','/perusahaan/update'),('admin','/perusahaan/view'),('admin','/product-marketplace/*'),('admin','/product-marketplace/create'),('admin','/product-marketplace/delete'),('admin','/product-marketplace/index'),('admin','/product-marketplace/update'),('admin','/product-marketplace/view'),('admin','/propinsi/*'),('admin','/propinsi/create'),('admin','/propinsi/delete'),('admin','/propinsi/index'),('admin','/propinsi/update'),('admin','/propinsi/view'),('admin','/request-pick/*'),('admin','/request-pick/create'),('admin','/request-pick/delete'),('admin','/request-pick/index'),('admin','/request-pick/update'),('admin','/request-pick/view'),('admin','/sensor/*'),('admin','/sensor/create'),('admin','/sensor/delete'),('admin','/sensor/index'),('admin','/sensor/update'),('admin','/sensor/view'),('admin','/site/*'),('admin','/site/about'),('admin','/site/captcha'),('admin','/site/contact'),('admin','/site/error'),('admin','/site/index'),('admin','/site/login'),('admin','/site/logout'),('admin','/site/scan'),('admin','/supplier/*'),('admin','/supplier/change-password'),('admin','/supplier/create'),('admin','/supplier/delete'),('admin','/supplier/generate-user'),('admin','/supplier/index'),('admin','/supplier/update'),('admin','/supplier/userlist'),('admin','/supplier/view'),('admin','/tester/*'),('admin','/tester/create'),('admin','/tester/delete'),('admin','/tester/editable'),('admin','/tester/index'),('admin','/tester/update'),('admin','/tester/view'),('admin','/type-asset-item1/*'),('admin','/type-asset-item1/create'),('admin','/type-asset-item1/delete'),('admin','/type-asset-item1/index'),('admin','/type-asset-item1/update'),('admin','/type-asset-item1/view'),('admin','/type-asset-item2/*'),('admin','/type-asset-item2/create'),('admin','/type-asset-item2/delete'),('admin','/type-asset-item2/index'),('admin','/type-asset-item2/update'),('admin','/type-asset-item2/view'),('admin','/type-asset-item3/*'),('admin','/type-asset-item3/create'),('admin','/type-asset-item3/delete'),('admin','/type-asset-item3/index'),('admin','/type-asset-item3/update'),('admin','/type-asset-item3/view'),('admin','/type-asset-item4/*'),('admin','/type-asset-item4/create'),('admin','/type-asset-item4/delete'),('admin','/type-asset-item4/index'),('admin','/type-asset-item4/update'),('admin','/type-asset-item4/view'),('admin','/type-asset-item5/*'),('admin','/type-asset-item5/create'),('admin','/type-asset-item5/delete'),('admin','/type-asset-item5/index'),('admin','/type-asset-item5/update'),('admin','/type-asset-item5/view'),('admin','/type-asset1/*'),('admin','/type-asset1/create'),('admin','/type-asset1/delete'),('admin','/type-asset1/index'),('admin','/type-asset1/update'),('admin','/type-asset1/view'),('admin','/type-asset2/*'),('admin','/type-asset2/create'),('admin','/type-asset2/delete'),('admin','/type-asset2/index'),('admin','/type-asset2/update'),('admin','/type-asset2/view'),('admin','/type-asset3/*'),('admin','/type-asset3/create'),('admin','/type-asset3/delete'),('admin','/type-asset3/index'),('admin','/type-asset3/update'),('admin','/type-asset3/view'),('admin','/type-asset4/*'),('admin','/type-asset4/create'),('admin','/type-asset4/delete'),('admin','/type-asset4/index'),('admin','/type-asset4/update'),('admin','/type-asset4/view'),('admin','/type-asset5/*'),('admin','/type-asset5/create'),('admin','/type-asset5/delete'),('admin','/type-asset5/index'),('admin','/type-asset5/update'),('admin','/type-asset5/view'),('admin','/user-perusahaan/*'),('admin','/user-perusahaan/create'),('admin','/user-perusahaan/delete'),('admin','/user-perusahaan/index'),('admin','/user-perusahaan/update'),('admin','/user-perusahaan/view'),('admin','/user/*'),('admin','/user/create'),('admin','/user/delete'),('admin','/user/index'),('admin','/user/update'),('admin','/user/view'),('admin','cpanel-leftmenu/create'),('admin','cpanel-leftmenu/delete'),('admin','cpanel-leftmenu/index'),('admin','cpanel-leftmenu/update'),('admin','cpanel-leftmenu/view'),('admin','grievance-list-request/index'),('admin','user/create'),('admin','user/delete'),('admin','user/index'),('admin','user/update'),('admin','user/view'),('member','/site/index');
/*!40000 ALTER TABLE `auth_item_child` ENABLE KEYS */;
UNLOCK TABLES;

--
-- Table structure for table `auth_rule`
--

DROP TABLE IF EXISTS `auth_rule`;
/*!40101 SET @saved_cs_client     = @@character_set_client */;
/*!40101 SET character_set_client = utf8 */;
CREATE TABLE `auth_rule` (
  `name` varchar(64) COLLATE utf8_unicode_ci NOT NULL,
  `data` blob DEFAULT NULL,
  `created_at` int(11) DEFAULT NULL,
  `updated_at` int(11) DEFAULT NULL,
  PRIMARY KEY (`name`)
) ENGINE=InnoDB DEFAULT CHARSET=utf8 COLLATE=utf8_unicode_ci;
/*!40101 SET character_set_client = @saved_cs_client */;

--
-- Dumping data for table `auth_rule`
--

LOCK TABLES `auth_rule` WRITE;
/*!40000 ALTER TABLE `auth_rule` DISABLE KEYS */;
/*!40000 ALTER TABLE `auth_rule` ENABLE KEYS */;
UNLOCK TABLES;

--
-- Table structure for table `cpanel_leftmenu`
--

DROP TABLE IF EXISTS `cpanel_leftmenu`;
/*!40101 SET @saved_cs_client     = @@character_set_client */;
/*!40101 SET character_set_client = utf8 */;
CREATE TABLE `cpanel_leftmenu` (
  `id_leftmenu` int(11) NOT NULL,
  `id_parent_leftmenu` int(11) NOT NULL,
  `has_child` int(1) NOT NULL,
  `menu_name` varchar(200) NOT NULL,
  `menu_icon` varchar(100) NOT NULL,
  `value_indo` varchar(250) NOT NULL,
  `value_eng` varchar(250) NOT NULL,
  `url` varchar(250) NOT NULL,
  `is_public` int(1) NOT NULL DEFAULT 0,
  `auth` text NOT NULL,
  `mobile_display` set('NONE','MOBILE_TOP','MOBILE_BOTTOM') NOT NULL,
  `visible` int(1) NOT NULL DEFAULT 1,
  PRIMARY KEY (`id_leftmenu`)
) ENGINE=InnoDB DEFAULT CHARSET=latin1;
/*!40101 SET character_set_client = @saved_cs_client */;

--
-- Dumping data for table `cpanel_leftmenu`
--

LOCK TABLES `cpanel_leftmenu` WRITE;
/*!40000 ALTER TABLE `cpanel_leftmenu` DISABLE KEYS */;
INSERT INTO `cpanel_leftmenu` VALUES (2000,0,1,'Dashboard','','Dashboard','Dashboard','dashboard/index',0,'admin','',0),(2001,2000,0,'Sebaran Asset','','Sebaran Asset','Sebaran Asset','dashboard/index',0,'admin','MOBILE_TOP',0),(2010,0,1,'Aset','','Aset','Aset','asset-item/index',0,'admin','',1),(2011,0,1,'Pencarian Data Aset','','Pencarian Data Aset','Pencarian Data Aset','asset-item/list-search',0,'admin','',1),(2110,0,1,'Aset','','Aset','Aset','#',0,'admin','',0),(2111,2110,0,'Aset Item','','Aset Item','Aset Item','asset/index',0,'admin','MOBILE_TOP',0),(2112,2110,0,'Aset','','Aset','Aset','asset-item/index',0,'admin','MOBILE_TOP',1),(2200,0,1,'Kategori Aset','','Kategori Aset','Kategori Aset','#',0,'admin','',0),(2201,2200,0,'Kode Aset','','Kode Aset','Kode Aset','asset-master/index',0,'admin','MOBILE_TOP',1),(2202,2200,0,'Asset Code','','Asset Code','Asset Code','asset-code/index',0,'admin','MOBILE_TOP',0),(12000,0,1,'Data Master','','Data Master','Data Master','#',0,'admin','',1),(12001,12000,0,'Kamus Petujuk','','Kamus Petujuk','Kamus Petujuk','kamus-petunjuk/index',0,'admin','MOBILE_TOP',0),(12002,12000,0,'Type Asset 1','','Type Asset 1','Type Asset 1','type-asset1/index',0,'admin','MOBILE_TOP',0),(12003,12000,0,'Type Asset 2','','Type Asset 2','Type Asset 2','type-asset2/index',0,'admin','MOBILE_TOP',0),(12004,12000,0,'Type Asset 3','','Type Asset 3','Type Asset 3','type-asset3/index',0,'admin','MOBILE_TOP',0),(12005,12000,0,'Type Asset 4','','Type Asset 4','Type Asset 4','type-asset4/index',0,'admin','MOBILE_TOP',0),(12006,12000,0,'Type Asset 5','','Type Asset 5','Type Asset 5','type-asset5/index',0,'admin','MOBILE_TOP',0),(12007,12000,0,'Kode Aset','','Kode Aset','Kode Aset','asset-master/index',0,'admin','MOBILE_TOP',1),(12008,12000,0,'Type Aset','','Type Aset','Type Aset','type-asset-item1/index',0,'admin','MOBILE_TOP',1),(12009,12000,0,'Status SIMAK','','Status SIMAK','Status SIMAK','type-asset-item2/index',0,'admin','MOBILE_TOP',1),(12010,12000,0,'Status Penerimaan Aset','','Status Penerimaan Aset','Status Penerimaan Aset','mst-status-received/index',0,'admin','MOBILE_TOP',1),(12011,12000,0,'Propinsi','','Propinsi','Propinsi','propinsi/index',0,'admin','MOBILE_TOP',1),(12012,12000,0,'Kabupaten','','Kabupaten','Kabupaten','kabupaten/index',0,'admin','MOBILE_TOP',1),(12013,12000,0,'Kecamatan','','Kecamatan','Kecamatan','kecamatan/index',0,'admin','MOBILE_TOP',1),(12014,12000,0,'Kelurahan','','Kelurahan','Kelurahan','kelurahan/index',0,'admin','MOBILE_TOP',1),(13000,0,1,'Tester page','','Tester page','Tester page','tester/index',0,'admin','',0),(14000,0,1,'Master Lokasi','','Master Lokasi','Master Lokasi','#',0,'admin','',0),(14001,14000,0,'Propinsi','','Propinsi','Propinsi','propinsi/index',0,'admin','MOBILE_TOP',1),(14002,14000,0,'Kabupaten','','Kabupaten','Kabupaten','kabupaten/index',0,'admin','MOBILE_TOP',1),(14003,14000,0,'Kecamatan','','Kecamatan','Kecamatan','kecamatan/index',0,'admin','MOBILE_TOP',1),(14004,14000,0,'Kelurahan','','Kelurahan','Kelurahan','kelurahan/index',0,'admin','MOBILE_TOP',1),(15000,0,1,'Setting','','Setting','Setting','#',0,'admin','',1),(15001,15000,0,'Setting Aplikasi','','Setting Aplikasi','Setting Aplikasi','app-setting/index',0,'admin','MOBILE_TOP',1),(15002,15000,0,'Konfigurasi Aset Master','','Konfigurasi Aset Master','Konfigurasi Aset Master','asset-master-field-config/index',0,'admin','MOBILE_TOP',0),(15003,15000,0,'Konfigurasi Aset Item','','Konfigurasi Aset Item','Konfigurasi Aset Item','',0,'admin','MOBILE_TOP',0),(16000,0,1,'Manajemen User','','Manajemen User','User Management','#',0,'admin','',1),(16001,16000,0,'User Perusahaan','','User Perusahaan','User Perusahaan','user-perusahaan/index',0,'admin','MOBILE_TOP',0),(16002,16000,0,'User','','User','User','user/index',0,'admin','MOBILE_TOP',1),(16003,16000,0,'RBAC','','RBAC','RBAC','admin/assignment',0,'admin','MOBILE_TOP',0),(17000,0,1,'Management RBAC','','Management RBAC','Management RBAC','',0,'admin','',0),(17001,17000,0,'Assignments','','Assignments','Assignments','admin/assignment',0,'admin','MOBILE_TOP',1),(17002,17000,0,'Roles','','Roles','Roles','admin/role',0,'admin','MOBILE_TOP',0),(17003,17000,0,'Permissions','','Permissions','Permissions','admin/permission',0,'admin','MOBILE_TOP',0),(17004,17000,0,'Routes','','Routes','Routes','admin/route',0,'admin','MOBILE_TOP',0),(17005,17000,0,'Rules','','Rules','Rules','admin/rule',0,'admin','MOBILE_TOP',0),(1100000,0,0,'Logout ','','Logout ','Logout ','site/logout',0,'admin, member','',0);
/*!40000 ALTER TABLE `cpanel_leftmenu` ENABLE KEYS */;
UNLOCK TABLES;

--
-- Table structure for table `hrm_pegawai`
--

DROP TABLE IF EXISTS `hrm_pegawai`;
/*!40101 SET @saved_cs_client     = @@character_set_client */;
/*!40101 SET character_set_client = utf8 */;
CREATE TABLE `hrm_pegawai` (
  `id_pegawai` bigint(20) NOT NULL AUTO_INCREMENT,
  `id_perusahaan` bigint(20) NOT NULL,
  `userid` varchar(45) NOT NULL,
  `cid` bigint(20) NOT NULL,
  `no_dossier` int(11) NOT NULL,
  `NIP` varchar(100) NOT NULL,
  `nama_lengkap` varchar(250) NOT NULL,
  `foto` varchar(250) DEFAULT NULL,
  `tempat_lahir` varchar(250) NOT NULL,
  `tanggal_lahir` date NOT NULL,
  `usia` int(4) DEFAULT 0,
  `usia_lebih_bulan` int(2) NOT NULL,
  `jenis_kelamin` set('PRIA','WANITA') NOT NULL,
  `golongan_darah` set('A','B','AB','O','-') DEFAULT '-',
  `tinggi_badan` int(5) DEFAULT NULL,
  `berat_badan` int(5) DEFAULT NULL,
  `agama` set('ISLAM','KRISTEN','KATOLIK','HINDU','BUDHA','KONGHUCU','LAINNYA','-') DEFAULT '-',
  `status_pernikahan` set('BELUM MENIKAH','MENIKAH','DUDA/JANDA','-') DEFAULT '-',
  `no_identitas_pribadi` varchar(250) DEFAULT NULL,
  `NPWP` varchar(150) DEFAULT NULL,
  `no_kartu_kesehatan` varchar(150) DEFAULT NULL,
  `no_kartu_tenagakerja` varchar(150) DEFAULT NULL,
  `kartu_kesehatan` set('BPJS','ASURANSI') DEFAULT NULL,
  `no_kartu_keluarga` varchar(150) DEFAULT NULL,
  `scan_ktp` varchar(150) DEFAULT NULL,
  `scan_bpjs` varchar(150) DEFAULT NULL,
  `scan_npwp` varchar(150) DEFAULT NULL,
  `scan_paraf` varchar(150) DEFAULT NULL,
  `scan_kk` varchar(250) NOT NULL,
  `scan_tandatangan` varchar(150) DEFAULT NULL,
  `id_hrm_status_pegawai` int(11) NOT NULL DEFAULT 0,
  `id_hrm_status_organik` int(11) NOT NULL DEFAULT 0,
  `status_tenaga_kerja` set('WNI','WNA') NOT NULL DEFAULT 'WNI',
  `reg_tanggal_masuk` date DEFAULT NULL,
  `reg_tanggal_diangkat` date DEFAULT NULL,
  `reg_tanggal_training` date NOT NULL,
  `reg_status_pegawai` set('AKTIF','TIDAK AKTIF','PENSIUN','MPP') NOT NULL DEFAULT 'AKTIF',
  `tanggal_mpp` date DEFAULT NULL,
  `tanggal_pensiun` date DEFAULT NULL,
  `tanggal_terminasi` date NOT NULL,
  `id_hrm_mst_jenis_terminasi_bi` int(11) NOT NULL,
  `gelar_akademik` varchar(250) DEFAULT NULL,
  `gelar_profesi` varchar(250) DEFAULT NULL,
  `pdk_id_tingkatpendidikan` int(11) DEFAULT NULL,
  `pdk_sekolah_terakhir` varchar(250) DEFAULT NULL,
  `pdk_jurusan_terakhir` varchar(250) DEFAULT NULL,
  `pdk_ipk_terakhir` varchar(30) DEFAULT NULL,
  `pdk_tahun_lulus` int(4) DEFAULT NULL,
  `alamat_termutakhir` text DEFAULT NULL,
  `alamat_sesuai_identitas` text DEFAULT NULL,
  `mobilephone1` varchar(250) DEFAULT NULL,
  `mobilephone2` varchar(250) DEFAULT NULL,
  `telepon_rumah` varchar(250) DEFAULT NULL,
  `fax_rumah` varchar(250) DEFAULT NULL,
  `email1` varchar(200) NOT NULL,
  `email2` varchar(200) NOT NULL,
  `jbt_id_jabatan` bigint(20) NOT NULL DEFAULT 0,
  `jbt_jabatan` varchar(250) DEFAULT NULL,
  `jbt_id_tingkat_jabatan` bigint(20) DEFAULT NULL,
  `jbt_no_sk_jabatan` varchar(250) DEFAULT NULL,
  `jbt_tgl_keputusan` date DEFAULT NULL,
  `jbt_tanggal_berlaku` date DEFAULT NULL,
  `jbt_keterangan_mutasi` varchar(250) DEFAULT NULL,
  `pkt_id_pangkat` int(11) DEFAULT NULL,
  `pkt_no_sk` varchar(250) DEFAULT NULL,
  `pkt_tgl_keputusan` date DEFAULT NULL,
  `pkt_tgl_berlaku` date DEFAULT NULL,
  `pkt_gaji_pokok` double(20,2) DEFAULT NULL,
  `pkt_id_jenis_kenaikan_pangkat` int(11) DEFAULT NULL,
  `pkt_eselon` varchar(64) NOT NULL,
  `pkt_ruang` varchar(64) NOT NULL,
  `pos_id_hrm_kantor` bigint(20) NOT NULL DEFAULT 0,
  `pos_id_hrm_unit_kerja` bigint(20) NOT NULL DEFAULT 0,
  `pos_kantor` varchar(250) NOT NULL,
  `sta_total_hukuman_disiplin` int(11) NOT NULL,
  `sta_total_penghargaan` int(11) NOT NULL,
  `pst_masabakti_20` date DEFAULT NULL,
  `pst_masabakti_25` date DEFAULT NULL,
  `pst_masabakti_30` date DEFAULT NULL,
  `pst_masabakti_35` date DEFAULT NULL,
  `pst_masabakti_40` date DEFAULT NULL,
  `cuti_besar_terakhir_start` date NOT NULL,
  `cuti_besar_terakhir_end` date NOT NULL,
  `cuti_besar_terakhir_ke` int(10) NOT NULL,
  `cuti_besar_plan_1` date DEFAULT NULL,
  `cuti_besar_plan_2` date DEFAULT NULL,
  `cuti_besar_plan_3` date DEFAULT NULL,
  `cuti_besar_plan_4` date DEFAULT NULL,
  `cuti_besar_plan_5` date DEFAULT NULL,
  `cuti_besar_plan_6` date DEFAULT NULL,
  `cuti_besar_plan_7` date DEFAULT NULL,
  `cuti_besar_ambil_1` int(1) DEFAULT NULL,
  `cuti_besar_ambil_2` int(1) DEFAULT NULL,
  `cuti_besar_ambil_3` int(1) DEFAULT NULL,
  `cuti_besar_ambil_4` int(1) DEFAULT NULL,
  `cuti_besar_ambil_5` int(1) DEFAULT NULL,
  `cuti_besar_ambil_6` int(1) DEFAULT NULL,
  `cuti_besar_ambil_7` int(1) DEFAULT NULL,
  `cuti_besar_aktual_1` date DEFAULT NULL,
  `cuti_besar_aktual_2` date DEFAULT NULL,
  `cuti_besar_aktual_3` date DEFAULT NULL,
  `cuti_besar_aktual_4` date DEFAULT NULL,
  `cuti_besar_aktual_5` date DEFAULT NULL,
  `cuti_besar_aktual_6` date DEFAULT NULL,
  `cuti_besar_aktual_7` date DEFAULT NULL,
  `cuti_besar_aktual_end_1` date DEFAULT NULL,
  `cuti_besar_aktual_end_2` date DEFAULT NULL,
  `cuti_besar_aktual_end_3` date DEFAULT NULL,
  `cuti_besar_aktual_end_4` date DEFAULT NULL,
  `cuti_besar_aktual_end_5` date DEFAULT NULL,
  `cuti_besar_aktual_end_6` date DEFAULT NULL,
  `cuti_besar_aktual_end_7` date DEFAULT NULL,
  `created_date` date NOT NULL,
  `created_user` varchar(64) NOT NULL,
  `created_ip_address` varchar(64) NOT NULL,
  `modified_date` date NOT NULL,
  `modified_user` varchar(64) NOT NULL,
  `modified_ip_address` varchar(64) NOT NULL,
  PRIMARY KEY (`id_pegawai`),
  KEY `jenis_kelamin` (`jenis_kelamin`),
  KEY `NIP` (`NIP`),
  KEY `agama` (`agama`),
  KEY `status_pernikahan` (`status_pernikahan`),
  KEY `golongan_darah` (`golongan_darah`),
  KEY `cid` (`cid`),
  KEY `id_hrm_status_pegawai` (`id_hrm_status_pegawai`),
  KEY `id_hrm_status_organik` (`id_hrm_status_organik`),
  KEY `pdk_id_tingkatpendidikan` (`pdk_id_tingkatpendidikan`),
  KEY `reg_status_pegawai` (`reg_status_pegawai`),
  KEY `id_perusahaan` (`id_perusahaan`),
  KEY `userid` (`userid`)
) ENGINE=InnoDB DEFAULT CHARSET=latin1;
/*!40101 SET character_set_client = @saved_cs_client */;

--
-- Dumping data for table `hrm_pegawai`
--

LOCK TABLES `hrm_pegawai` WRITE;
/*!40000 ALTER TABLE `hrm_pegawai` DISABLE KEYS */;
/*!40000 ALTER TABLE `hrm_pegawai` ENABLE KEYS */;
UNLOCK TABLES;

--
-- Table structure for table `kabupaten`
--

DROP TABLE IF EXISTS `kabupaten`;
/*!40101 SET @saved_cs_client     = @@character_set_client */;
/*!40101 SET character_set_client = utf8 */;
CREATE TABLE `kabupaten` (
  `id_kabupaten` int(11) NOT NULL AUTO_INCREMENT,
  `id_propinsi` int(11) NOT NULL,
  `nama_kabupaten` varchar(250) NOT NULL,
  PRIMARY KEY (`id_kabupaten`),
  KEY `id_propinsi` (`id_propinsi`)
) ENGINE=InnoDB AUTO_INCREMENT=24 DEFAULT CHARSET=latin1;
/*!40101 SET character_set_client = @saved_cs_client */;

--
-- Dumping data for table `kabupaten`
--

LOCK TABLES `kabupaten` WRITE;
/*!40000 ALTER TABLE `kabupaten` DISABLE KEYS */;
INSERT INTO `kabupaten` VALUES (2,1,'Blitar'),(3,1,'Mojokerto'),(4,1,'Kodya Surabaya'),(5,1,'Jombang'),(6,1,'Kediri'),(7,1,'Malang'),(9,1,'Nganjuk'),(10,1,'Sidoarjo'),(11,1,'Tulungagung'),(12,1,'Trenggalek'),(13,1,'Pasuruan'),(14,1,'Ngawi'),(15,1,'Madiun'),(16,2,'Klaten'),(17,2,'Sragen'),(18,2,'Sukoharjo'),(19,2,'Wonogiri'),(20,1,'Bojonegoro'),(21,1,'Gresik'),(22,1,'Lamongan'),(23,1,'Tuban');
/*!40000 ALTER TABLE `kabupaten` ENABLE KEYS */;
UNLOCK TABLES;

--
-- Table structure for table `kamus_petunjuk`
--

DROP TABLE IF EXISTS `kamus_petunjuk`;
/*!40101 SET @saved_cs_client     = @@character_set_client */;
/*!40101 SET character_set_client = utf8 */;
CREATE TABLE `kamus_petunjuk` (
  `id_kamus_petunjuk` bigint(20) NOT NULL AUTO_INCREMENT,
  `nama` varchar(150) NOT NULL,
  `deskripsi` varchar(1000) NOT NULL,
  `is_visible` int(1) DEFAULT NULL,
  PRIMARY KEY (`id_kamus_petunjuk`)
) ENGINE=InnoDB AUTO_INCREMENT=502 DEFAULT CHARSET=latin1;
/*!40101 SET character_set_client = @saved_cs_client */;

--
-- Dumping data for table `kamus_petunjuk`
--

LOCK TABLES `kamus_petunjuk` WRITE;
/*!40000 ALTER TABLE `kamus_petunjuk` DISABLE KEYS */;
INSERT INTO `kamus_petunjuk` VALUES (100,'Petunjuk Form Visitor','Form-form ini dapat digunakan oleh anda pengunjung website kami untuk berbagai keperluan.Silakan dipilih beberapa form yang sesuai dengan keperluan anda.',1),(101,'Grievance Submission - Info','Form ini bisa anda gunakan untuk mengajukan \"grievance\" / keluhan secara spesifik kepada perusahaan kami.',1),(102,'Grievance List Request - Info','Form ini digunakan untuk keperluan mengajukan list/daftar grievance yang pernah dimiliki. Anda silakan mengisi form pengajuannya, kemudian akan kami proses jika syarat dan ketentuan terpenuhi.',1),(103,'Supplier List Request - Info','Form ini digunakan untuk melakukan pengajuan daftar/list supplier yang kami miliki. Anda silakan mengisi form pengajuannya. Jika menurut kami memenuhi syarat dan ketentukan maka daftar list supplier tersebut akan kami kirimkan.',1),(111,'Grievance List Request - Petunjuk','Form ini merupakan form yang digunakan untuk mengajukan permintaan \"Grievance List Request\". \r\nAnda silakan mengisi terlebih dahulu data diri pribadi atau instansi yang anda wakili, serta tujuan dari permintaan ini.',1),(112,'Grievance Submission - Petunjuk','Form ini merupakan form yang digunakan untuk mengajukan permintaan \"Grievance Submission\". Anda silakan mengisi terlebih dahulu data diri pribadi atau instansi yang anda wakili, serta tujuan dari permintaan ini.',1),(113,'Supplier List Request  - Petunjuk','Form ini merupakan form yang digunakan untuk mengajukan permintaan \"Supplier List Request\". Anda silakan mengisi terlebih dahulu data diri pribadi atau instansi yang anda wakili, serta tujuan dari permintaan ini',1),(501,'Disclaimer Assesment','Saya bersedia mengisi data-data terkait ini dengan sejujur-jujurnya dan penuh tanggung jawab. ',1);
/*!40000 ALTER TABLE `kamus_petunjuk` ENABLE KEYS */;
UNLOCK TABLES;

--
-- Table structure for table `kecamatan`
--

DROP TABLE IF EXISTS `kecamatan`;
/*!40101 SET @saved_cs_client     = @@character_set_client */;
/*!40101 SET character_set_client = utf8 */;
CREATE TABLE `kecamatan` (
  `id_kecamatan` int(11) NOT NULL AUTO_INCREMENT,
  `id_kabupaten` int(11) NOT NULL,
  `nama_kecamatan` varchar(250) NOT NULL,
  PRIMARY KEY (`id_kecamatan`),
  KEY `id_kabupaten` (`id_kabupaten`)
) ENGINE=InnoDB AUTO_INCREMENT=155 DEFAULT CHARSET=latin1;
/*!40101 SET character_set_client = @saved_cs_client */;

--
-- Dumping data for table `kecamatan`
--

LOCK TABLES `kecamatan` WRITE;
/*!40000 ALTER TABLE `kecamatan` DISABLE KEYS */;
INSERT INTO `kecamatan` VALUES (1,4,'Kec. Pabean Cantikan'),(2,4,' Kec. Bubutan'),(3,4,' Kec. Semampir'),(4,4,'Kec. Tambaksari'),(5,2,'Kec. Talun'),(7,2,' Kec. Binangun'),(8,2,' Kec. Kesamben (Blitar)'),(9,2,' Kec. Sutojayan'),(10,2,' Kec. Wlingi'),(11,2,' Kec. Kanigoro'),(12,2,' Kec. Kademangan'),(13,5,'Kec. Tembelang'),(14,5,'Kec. Kudu'),(15,5,' Kec. Ploso'),(16,5,' Kec. Gampengrejo (Jombang)'),(17,5,' Kec. Plandaan'),(18,5,' Kec. Kesamben (Jombang)'),(19,6,' Kec. Gampengrejo (Kediri)'),(20,6,' Kec. Papar '),(21,6,' Kec. Mojo'),(22,6,' Kec. Pagu'),(23,6,' Kec. Mojoroto'),(24,6,' Kec. Semen'),(25,6,' Kec. Ngadiluwih'),(26,6,' Kec. Purwoasri'),(27,6,' Kec. Jatikalen'),(28,6,' Kec. Kediri Kota'),(29,7,' Kec. Pujon'),(30,7,' Kec. Poncokusumo'),(31,7,' Kec. Gadang'),(32,7,' Kec. Kalipare'),(33,7,' Kec. Dampit'),(34,7,' Kec. Wajir'),(35,7,' Kec. Sumberpucung'),(36,7,' Kec. Kepanjen'),(37,7,' Kec. Pagak'),(38,7,' Kec. Kesamben (Malang)'),(40,7,' Kec. Ngantang'),(41,7,' Kec. Gondanglegi'),(43,7,' Kec. Wajak'),(44,7,' Kec. Bantur'),(45,7,' Kec. Bumiaji'),(46,3,' Kec. Pungging'),(47,3,' Kec. Ngoro'),(48,3,' Kec. Jetis'),(49,3,' Kec. Kemlagi'),(50,9,' Kec. Pantianrowo'),(51,9,' Kec. Jatikalen'),(52,9,' Kec. Ngronggot'),(53,9,' Kec. Prambon'),(54,9,' Kec. Kertosono'),(55,9,' Kec. Grogol'),(56,9,' Kec. Lengkong'),(57,9,' Kec. Pace'),(58,9,' Kec. Gondang'),(59,9,' Kec. Sukomoro'),(60,9,' Kec. Baron'),(61,9,' Kec. Tanjunganom'),(62,9,' Kec. Bagor'),(63,9,' Kec. Ngetos'),(64,13,' Kec. Gempol'),(65,10,' Kec. Waru'),(66,10,' Kec. Jabon'),(67,10,' Kec. Taman'),(68,10,' Kec. Porong'),(69,11,' Kec. Karangrejo'),(70,11,' Kec. Rejotangan'),(71,11,' Kec. Kedungwaru'),(72,11,' Kec. Besuki'),(73,11,' Kec. Bandung'),(74,11,' Kec. Boyolangu'),(75,11,' Kec. Tulungagung'),(76,11,' Kec. Campurdarat'),(77,11,' Kec. Pakel'),(78,11,' Kec. Boyolangu'),(79,12,' Kec. Gandusari'),(80,12,' Kec. Pogalan'),(81,4,' Kec. Genteng'),(82,4,' Kec. Gubeng'),(83,4,' Kec. Tegalsari'),(84,4,' Kec. Krembangan'),(85,4,' Kec. Sukolilo'),(86,2,'Kec. (Blitar)'),(87,5,' Kec. Megaluh'),(88,5,' Kec. Kedung Mulyo'),(89,6,'Kec. (Kediri)'),(90,7,'Kec. (Malang)'),(91,9,' Kec. Kota Tengah'),(92,9,'Kec. Nganjuk'),(93,9,' Kec. Sukodono'),(94,9,'Kec. (Nganjuk)'),(95,11,' Kac. Karangrejo'),(96,11,'Kec. (Tulungagung)'),(97,14,'Kec. Bringin'),(98,14,'Kec. Kwadungan'),(99,15,' Kec. Sawahan'),(100,15,'Kec. Mangunharjo'),(101,16,'Kec. Wonosari'),(102,18,'Kec. Nguter'),(103,18,'Kec. Mojolaban'),(104,18,' Kec. Grogol'),(105,18,' Kec. Sukoharjo'),(106,19,' Kec. Baturetno'),(107,19,' Kec. Wuryantoro'),(108,19,'Kec. Nguntoronadi'),(109,19,' Kec. Wonogiri'),(110,19,'Kec. Giriwoyo'),(111,19,' Kec. Eromoko'),(112,19,'Kec. Selogiri'),(113,20,'Kec. Ngraho'),(114,20,'Kec. Bojonegoro'),(115,20,'Kec. Padangan'),(116,20,' Kec. Purwosari'),(117,20,' Kec. Gayam'),(118,20,'Kec. Kalitidu'),(119,20,' Kec. Dander'),(120,20,' Kec. Ngasem'),(121,20,'Kec. Kapas'),(122,20,'Kec. Balen'),(123,20,'Kec. Sumberrejo'),(124,20,' Kec. Kepohbaru'),(125,20,'Kec. Baureno'),(126,21,'Kec. Dukun'),(127,21,'Kec. Bungah'),(128,21,'Kec. Sidayu'),(129,21,' Kec. Banga'),(130,16,'Kec. Wonosari'),(131,22,'Kec.  Laren'),(132,22,' Kec. Brondong'),(133,22,'Kec. Babat'),(134,22,'Kec. Modo'),(135,22,' Kec. Kedungpring'),(136,22,'Kec. Sugio'),(137,22,' Kec. Sekaran'),(138,22,' Kec. Sekaran'),(139,22,'Kec. Maduran'),(140,22,' Kec. Karang Geneng'),(141,22,'Kec. Kalitengah'),(142,22,' Kec. Tikung'),(143,22,'Kec. Deket'),(144,22,'Kec. Karangbinangun'),(145,17,' Kec. Masaran'),(146,18,'Kec. Tawangsari'),(147,18,' Kec. Bekonang'),(148,18,' Kec. Bendosari'),(149,23,'Kec. Soko'),(150,23,'Kec. Rengel'),(151,23,' Kec. Plumpang'),(152,4,' Kec. Tegalsari'),(153,4,'Kec. Genteng'),(154,20,'Kec. Sukosewu');
/*!40000 ALTER TABLE `kecamatan` ENABLE KEYS */;
UNLOCK TABLES;

--
-- Table structure for table `kelurahan`
--

DROP TABLE IF EXISTS `kelurahan`;
/*!40101 SET @saved_cs_client     = @@character_set_client */;
/*!40101 SET character_set_client = utf8 */;
CREATE TABLE `kelurahan` (
  `id_kelurahan` bigint(20) NOT NULL AUTO_INCREMENT,
  `id_kecamatan` int(11) NOT NULL,
  `nama_kelurahan` varchar(250) NOT NULL,
  `kodepos` int(10) NOT NULL,
  PRIMARY KEY (`id_kelurahan`),
  KEY `id_kecamatan` (`id_kecamatan`),
  KEY `kodepos` (`kodepos`)
) ENGINE=InnoDB AUTO_INCREMENT=564 DEFAULT CHARSET=latin1;
/*!40101 SET character_set_client = @saved_cs_client */;

--
-- Dumping data for table `kelurahan`
--

LOCK TABLES `kelurahan` WRITE;
/*!40000 ALTER TABLE `kelurahan` DISABLE KEYS */;
INSERT INTO `kelurahan` VALUES (1,1,'Kel. Krembangan Utara',0),(2,2,'Kel. Alun-alun Contong',0),(3,3,'Kel. Ujung',0),(4,4,'Kel. Pacarkeling',0),(5,5,' Ds. Mronjo',0),(7,86,'Ds. Sumberagung',0),(8,86,'Ds. Semen',0),(9,86,'Ds. Sidorejo',0),(10,86,'Ds. Kalimanis',0),(11,7,' Ds. Ngembul',0),(12,18,' Ds. Siraman',0),(13,9,' Ds. Kaulon',0),(14,5,' Ds. Bendosewu',0),(15,9,' Ds. Kedungwungu',0),(16,9,' Ds. Kembangarum',0),(17,7,' Ds. Tawangrejo',0),(18,10,' Ds. Mandesan',0),(20,9,' Ds. Jegu',0),(21,5,' Ds. Jabung',0),(22,18,' Ds. Jogo',0),(23,7,' Ds. Kedungwungu',0),(24,10,' Ds. Ploso',0),(25,11,' Ds. Tlogo',0),(26,5,' Ds. Tumpang',0),(27,11,' Ds. Karangsono',0),(28,18,' Ds. Ngreco',0),(29,10,' Ds. Selopuro',0),(30,12,' Ds. Darungan',0),(31,11,' Ds. Gogodeso',0),(32,11,' Ds. Satreyan',0),(33,13,'Ds. Kepuh Doko',0),(34,13,'Ds. Pulo Gedang',0),(35,87,'Ds. Turi Pinggir',0),(36,88,'Ds. Brangkal',0),(37,13,'Ds. Pulo Gedang',0),(38,14,'Ds. Tapen',0),(39,15,'Ds. Dadi Tunggal',0),(40,15,'Ds. Dadi Tunggal',0),(41,15,'Ds. Dadi Tunggal',0),(42,15,'Ds. Dadi Tunggal',0),(43,16,'Ds. Jongbiru (Jombang)',0),(44,17,'Ds. Jati Mlerek',0),(45,14,'Ds. Keboan',0),(46,18,'Ds. Kesamben',0),(47,18,'Ds. Jati Duwur',0),(48,13,'Ds. Pacar Peluk',0),(49,19,'Ds. Ngebrak',0),(50,19,'Ds. Gampeng',0),(51,20,'Ds. Purwo Tengah',0),(52,20,'Ds. Minggiran',0),(53,89,'Ds. Ngrangen',0),(54,25,'Ds. Badal Pandean',0),(55,21,'Ds. Jugo',0),(56,22,'Ds. Wates',0),(57,23,'Ds. Bandar Kidul',0),(58,19,'Ds. Banjar Melati',0),(59,24,'Ds. Bulu',0),(60,25,'Ds. Badal Pandean',0),(61,25,'Ds. Wonorejo',0),(62,20,'Ds. Tanon',0),(63,26,'Ds. Mrangen',0),(64,51,'Ds. Begendeng',0),(65,28,'Ds. Manisrenggo',0),(66,19,'Ds. Jongbiru (Kediri)',0),(67,19,'Ds. Waneng Paten',0),(68,29,'Ds. Pandesari',0),(69,30,'Ds. Karangnongko',0),(70,31,'Ds. Gadang',0),(71,32,'Ds. Sumberpetung',0),(72,90,'Ds. Birowo',0),(73,33,'Ds. Dampit',0),(74,34,'Ds. Gondangwangi',0),(75,35,' Ds. Slorok',0),(76,36,' Ds. Panggungrejo',0),(77,35,' Ds. Jambuwer',0),(78,35,' Ds. Peniwen',0),(79,32,' Ds. Wangunrejo',0),(80,35,' Ds. Ngebruk',0),(81,36,' Ds. Jenggolo',0),(82,35,' Ds. Ngadirejo',0),(83,35,' Ds. Jatiguwi',0),(84,35,' Ds. Ternyang',0),(85,35,' Ds. Sambigede',0),(86,37,' Ds. Gampingan',0),(87,37,' Ds. Tlogorejo',0),(88,32,' Ds. Sukowilangun',0),(89,32,' Ds. Sumber Petung',0),(90,32,' Ds. Sumber Petung',0),(91,32,' Ds. Sumber Petung',0),(92,35,' Ds. Sumberpucung',0),(93,32,' Ds. Kalipare',0),(94,35,' Ds. Kromengan',0),(95,38,' Ds. Boro',0),(96,36,' Ds. Sengguruh',0),(97,38,' Ds. Ngreco',0),(98,40,' Ds. Mulyorejo',0),(99,40,' Ds. Ngantru',0),(100,40,' Ds. Kwanturejo',0),(101,40,' Ds. Kaumrejo',0),(102,40,' Ds. Sumberagung',0),(103,40,' Ds. Banturejo',0),(104,40,' Ds. Pandansari',0),(105,40,' Ds. Purworejo',0),(106,29,' Ds. Sukomulyo',0),(107,37,' Ds. Sumberejo',0),(108,41,' Ds. Brongkal',0),(109,41,' Ds. Balearjo',0),(110,36,' Ds. Tegalsari',0),(111,41,' Ds. Kanigoro',0),(112,36,' Ds. Kemiri',0),(113,41,' Ds. Gondanglegi',0),(114,43,' Ds. Blayu',0),(115,44,' Ds. Rejoyoso',0),(116,43,' Ds. Patok Picis',0),(117,36,' Ds. Sumberejo',0),(118,40,' Ds. Banjarejo',0),(119,40,' Ds. Banturejo',0),(120,40,' Ds. Mulyosari',0),(121,35,' Ds. Sukowilangun',0),(122,45,' Ds. Tulungrejo',0),(123,46,'Ds. Kedungmungal',0),(124,46,'Ds. Kembang Ringgit',0),(125,47,'Ds. Tanjang Rono',0),(126,48,'Ds. Perning',0),(127,48,'Ds. Jetis',0),(128,48,'Ds. Mojolebak',0),(129,48,'Ds. Bendung',0),(130,48,'Ds. Kupang',0),(131,48,'Ds. Kupang',0),(132,48,'Ds. Ngabar',0),(133,48,'Ds. canggu',0),(134,49,'Ds. Betro',0),(135,50,'Ds. Tirto Binangun',0),(136,50,'Ds. Nggrombot',0),(137,51,'Ds. Munung',0),(138,52,'Ds. Juwet',0),(139,51,'Ds. Dawuhan',0),(140,53,'Ds. Tanjung Tani',0),(141,53,'Ds. Tegarong Singkal',0),(142,51,'Ds. Jatikalen',0),(143,54,'Ds. Tembarak',0),(144,52,'Ds. Trayang',0),(145,52,'Ds. Dadapan',0),(146,54,'Ds . Juwono',0),(147,55,'Ds. Jabon',0),(148,53,'Ds. Singkel Anyar',0),(149,91,'Ds. Manisrenggo',0),(150,51,'Ds. Gondang Wetan',0),(151,51,'Ds. Ngasem',0),(152,56,'Ds. Kedung Mlaten',0),(153,56,'Ds. Banjardowo',0),(154,57,'Ds. Babatan',0),(155,50,'Ds. Ngepung',0),(156,56,'Ds. Bukur',0),(157,50,'Ds. Rowomarto',0),(158,56,'Ds. Lengkong',0),(159,58,'Ds. Ja\'an',0),(160,58,'Ds. Kedung Glugu',0),(161,58,'Ds. Ketawang',0),(162,58,'Ds. Nglinggo',0),(163,58,'Ds. Mojoseto',0),(164,58,'Ds. Sejawan',0),(165,58,'Ds. Karangsemi',0),(166,59,'Ds. Sumengko',0),(167,60,'Ds. Katerban',0),(168,60,'Ds. Jambi',0),(169,60,'Ds. Mabung',0),(170,61,'Ds. Ngadirejo',0),(171,58,'Ds. Sejayan',0),(172,59,'Ds. Blitaran',0),(173,61,'Ds. Demangan',0),(174,61,'Ds. Malangsari',0),(175,61,'Ds. Wates',0),(176,61,'Ds. Sonobekel',0),(177,61,'Ds. Getas',0),(178,61,'Ds. Sambirejo',0),(179,59,'Ds. Kedungsuko',0),(180,60,'Ds. Mabung',0),(181,61,'Ds. Banjaranyar',0),(182,61,'Ds. Malangsari',0),(183,50,'Ds. Bukur',0),(184,92,'Ds. Kedungdowo',0),(185,62,'Ds. Sugihwaras',0),(186,62,'Ds. Kutorejo',0),(187,62,'Ds. Kedondong',0),(188,92,'Ds. Bogo',0),(189,92,'Ds. Kauman',0),(190,92,'Ds. Ringin Anom',0),(191,93,'Ds. Kedungsuko',0),(192,52,'Ds. Kelurahan Bogo',0),(193,92,'Ds. Cangkringan',0),(194,92,'Ds. Kartoharjo',0),(195,62,'Ds. Gandu',0),(196,52,'Ds. Banjarsari',0),(197,52,'Ds. Kelutan',0),(198,53,'Ds. Singkolonyor',0),(199,63,'Ds. Kepel',0),(200,94,'Ds. Gendingan',0),(201,64,'Ds. Carat',0),(202,65,'Ds. Kepuh Anyar',0),(203,66,'Ds. Kedungcangkring',0),(204,66,'Ds. Dukuhsari',0),(205,66,'Ds. Kupang',0),(206,67,'Ds. Besuki',0),(207,68,'Ds. Kebonagung',0),(208,66,'Ds. Balongtani',0),(209,66,'Ds. Jemirahan',0),(210,66,'Ds. Pejarakan',0),(211,68,'Ds. Mindi',0),(212,66,'Ds. Keboguyang',0),(213,66,'Ds. Permisan',0),(214,68,'Ds. Porong',0),(215,66,'Ds. Kedungpandan',0),(216,69,'Ds. Jeli',0),(217,70,'Ds. Pakisrejo',0),(218,71,'Ds. Baro',0),(219,71,'Ds. Malun',0),(220,71,'Ds. Ketanon',0),(221,71,'Ds. Simo',0),(222,95,'Ds. Sukowiyono',0),(223,95,'Ds. Karangrejo',0),(224,96,'Ds. Sembon',0),(225,96,'Ds. Sembon',0),(226,96,'Ds. Majan',0),(227,72,' Ds. Wateskroyo',0),(228,72,' Ds. Besuki',0),(229,73,' Ds. Suwaru',0),(230,78,' Ds. Gedangsewu',0),(231,75,' Ds. Tartek',0),(232,73,' Ds. Mergayu',0),(233,76,' Ds. Campurdarat',0),(234,77,' Ds. Gesikan',0),(235,73,' Ds. Suko',0),(236,73,' Ds. Sukoharjo',0),(237,74,' Ds. Waung',0),(238,78,' Ds. Bono',0),(239,78,' Ds. Waung',0),(240,73,' Ds. Ngunggahan',0),(241,77,' Ds. Tamban',0),(242,78,' Ds. Moyokaten',0),(243,75,' Ds. Kedungwaru',0),(244,76,' Ds. Gedangan',0),(245,76,'  Ds. Gamping',0),(246,77,' Ds. Duwet',0),(247,74,' Ds. Kendalbulur',0),(248,78,' Ds. Moyokaten',0),(249,76,' Ds. Ngentrong',0),(250,73,' Ds. Ngunggahan',0),(251,72,' Ds. Tanggulwelahan',0),(252,71,' Ds. Mangunsari',0),(253,71,' Ds. Majan',0),(254,71,' Ds. Ketanon',0),(255,71,' Ds. Plandaan',0),(256,71,' Ds. Minong',0),(257,75,' Ds. Panggungrejo',0),(258,71,' Ds. Sambung',0),(259,71,' Ds. Kutoanyar',0),(260,71,' Ds. Tawangsari',0),(261,75,' Ds. Kutoanyar',0),(262,79,' Ds. Kradengan',0),(263,80,' Ds. Ngadirejo',0),(264,80,' Ds. Bendorejo',0),(265,79,' Ds. Sukorame',0),(266,8,'Ds. Siraman',0),(267,23,'Ds. Ngampel Mrican',0),(268,23,'Ds. Banjar Melati',0),(269,8,' Ds. Jogo',0),(270,27,'Ds. Begendeng',0),(271,8,' Ds. Ngreco',0),(273,1,'Kel. Nyamplungan',0),(274,152,'Ds. Keputran',0),(276,81,'Kel. Peneleh',0),(277,82,'JI.Irian Barat',0),(278,81,'Kel. Ketabang',0),(279,83,'Kel. Embong Kaliasin',0),(280,77,' Ds. Wates',0),(281,97,'Ds Dero',0),(282,98,'Ds Karangsono',0),(283,98,'Ds Banget',0),(284,98,'Ds. Karangsono',0),(285,98,'Ds Warukalong',0),(286,97,'Ds Lego Wetan',0),(287,99,'Ds Sawahan',0),(288,100,'Ds Sogaten',0),(289,101,'Ds Sidowarno',0),(290,102,'Ds Tanjungrejo',0),(291,102,'Ds Jangglengan',0),(292,103,'Ds Wirun',0),(293,104,'Ds Dukuh',0),(294,102,'Ds Kepuh',0),(295,102,'Ds Baran',0),(296,105,'Ds Sukoharjo',0),(297,105,'Ds Sonorejo',0),(298,105,'Ds Combongan',0),(299,106,'Ds Baturetno',0),(300,106,'Ds Pulung',0),(301,106,'Ds Glesungrejo',0),(302,106,'Ds Kasine',0),(303,106,'Ds Saradan',0),(304,106,'Ds Menerejo',0),(305,106,'Ds Kedungombo',0),(306,106,'Ds Sendangrejo',0),(307,106,'Ds Talunombo',0),(308,106,'Ds Balepanjang',0),(309,106,'Ds Boto',0),(310,106,'Ds Gambiranom',0),(311,106,'Ds Setrorejo',0),(312,106,'Ds Karangwidodo',0),(314,107,'Ds Wuryantoro',0),(315,107,'Ds Gumiwang Lor',0),(316,107,'Ds Gumiwang Kidul',0),(317,107,'Ds Rejosari',0),(318,107,'Ds Ngangkangsari',0),(319,107,'Ds Jetakharjo',0),(320,107,'Ds Sumberrejo',0),(321,107,'Ds Mlopoharjo',0),(322,107,'Ds Mloporejo',0),(323,107,'Ds Genukrejo',0),(324,107,'Ds Sumberejo 1',0),(325,107,'Ds Sumberejo 2',0),(326,107,'Ds Pondok',0),(327,107,'Ds Gedong',0),(328,108,'Ds Nguntoronadi',0),(329,108,'Ds Wonoharjo',0),(330,108,'Ds Gebang',0),(331,108,'Ds Bulurejo',0),(332,108,'Ds Pondoksari',0),(333,108,'Ds Bumiharjo',0),(334,108,'Ds Ngadiroyo',0),(335,108,'Ds Kedungrejo',0),(336,108,'Ds Mojosari',0),(337,108,'Ds Ngumbul',0),(338,108,'Ds Ngadirejo',0),(339,109,'Ds Pokohkidul',0),(340,109,'Ds Sendang',0),(341,109,'Ds Wuryorejo',0),(342,109,'Ds Purwosari',0),(343,109,'Ds Wonoboyo',0),(344,109,'Ds Giripurwo',0),(345,110,'Ds Tawangharjo',0),(346,110,'Ds Sendangagung ',0),(347,110,'Ds Sirnoboyo',0),(348,111,'Ds Minggarharjo',0),(349,111,'Ds Siyonoharjo',0),(350,111,'Ds Baleharjo',0),(351,111,'Ds Ngadirejo',0),(352,111,'Ds Tegalharjo',0),(353,111,'Ds Eromoko',0),(354,111,'Ds Sumberejo',0),(355,112,'Ds Sendangijo',0),(356,113,'Ds Luwihaji',0),(357,113,'Ds Sugihwaras',0),(358,113,'Ds Sumberagung',0),(359,113,'Ds Mojorejo',0),(360,113,'Ds Kalirejo',0),(361,113,'Ds Tapelan',0),(362,113,'Ds Tanggungan',0),(363,113,'Ds Sumberarum',0),(364,113,'Ds Payaman',0),(365,114,'Ds Tebon',0),(366,115,'Ds Prangi',0),(367,115,'Ds Purworejo',0),(368,115,'Ds Cendono',0),(369,115,'Ds Sidorejo',0),(370,115,'Ds Ngasinan',0),(371,115,'Ds Sonorejo',0),(372,115,'Ds Ngradin',0),(373,115,'Ds Kebonagung',0),(374,115,'Ds Kendung',0),(375,116,'Ds Purwosari',0),(376,116,'Ds Pojok',0),(377,117,'Ds Bonorejo',0),(378,117,'Ds Baget',0),(379,117,'Ds Brabuwan',0),(380,117,'Ds Gayam',0),(381,117,'Ds Begadon',0),(382,117,'Ds Ringin Tunggal',0),(383,117,'Ds Katur',0),(384,118,'Ds Sumengko',0),(385,118,'Ds Grebegan',0),(386,118,'Ds Wotanngare',0),(387,118,'Ds Kalitidu',0),(388,118,'Ds Mayanggeneng',0),(389,118,'Ds Mayangrejo',0),(390,118,'Ds Leran',0),(391,120,'Ds Wadang',0),(392,119,'Ds Ngumpak Dalem',0),(393,119,'Ds Sumberagung',0),(394,119,'Ds Sendangrejo',0),(395,119,'Ds Somodikaran',0),(396,119,'Ds Mojoranu',0),(397,121,'Ds Bendo',0),(398,121,'Ds Tapelan',0),(399,121,'Ds Padang Mentoyo',0),(400,119,'Ds Tanjungharjo',0),(401,154,'Ds Sumberjo Kidul',0),(402,154,'Ds Sidodadi',0),(403,154,'Ds Pacing',0),(404,122,'Ds Sidobandung',0),(405,122,'Ds Mayang Kawis',0),(406,122,'Ds Kenep',0),(407,122,'Ds Pohbogo',0),(408,122,'Ds Penganten',0),(409,123,'Ds Ngampel',0),(410,123,'Ds Ngampel',0),(411,123,'Ds Sambungrejo',0),(412,123,'Ds Kedungrejo',0),(413,123,'Ds Mlijeng',0),(414,123,'Ds Bajarejo',0),(415,123,'Ds Kayulemah',0),(416,124,'Ds Kepoh',0),(417,124,'Ds Sidomukti',0),(418,124,'Ds Brangkal',0),(419,124,'Ds Prambatan',0),(420,124,'Ds Woro',0),(421,124,'Ds Bumirejo',0),(422,124,'Ds Tlogorejo',0),(423,124,'Ds Cengkir',0),(424,125,'Ds Blongsong',0),(425,125,'Ds Straturejo',0),(426,124,'Ds Sumbergede',0),(427,124,'Ds Sugih Waras',0),(428,125,'Ds Trojalu',0),(429,125,'Ds Bumi Ayu',0),(430,125,'Ds Gunung Sari',0),(431,125,'Ds Tulung Agung',0),(432,125,'Ds Kalisari',0),(433,122,'Ds Kemawang',0),(434,122,'Ds Suwaloh',0),(435,122,'Ds Balenrejo',0),(436,122,'Ds Sobontoro',0),(437,122,'Ds Mulyoagung',0),(438,122,'Ds Mulyorejo',0),(439,122,'Ds Sekaran',0),(440,122,'Ds Sarirejo',0),(441,119,'Ds Ngulangan',0),(442,126,'Ds Sawo',0),(443,126,'Ds Bulangan',0),(444,126,'Ds Lowayu',0),(445,126,'Ds Tebuwung',0),(446,126,'Ds Mentaras',0),(447,126,'Ds Mojopetung',0),(448,126,'Ds Babak Bawo',0),(449,126,'Ds Sambo Gunung',0),(450,126,'Ds Sambungan Anyar',0),(451,126,'Ds Dukun Anyar',0),(452,127,'Ds Ranci',0),(453,127,'Ds Ranci Tengah',0),(454,128,'Ds Ngawen',0),(455,129,'Ds Gumeng',0),(456,130,'Ds Sidowarno',0),(457,130,'Ds Gondangari',0),(458,131,'Ds Pelangwot',0),(459,131,'Ds Laren',0),(460,131,'Ds Gelap',0),(461,132,'Ds Sendangharjo',0),(462,132,'Ds Sedayu Lawas',0),(463,133,'Ds Banaran',0),(464,133,'Ds Babat',0),(465,133,'Ds Bedahan',0),(466,134,'Ds Kedung Pengaron',0),(467,134,'Ds Sumber Agung',0),(468,134,'Ds Jati Payak',0),(469,134,'Ds Sidodowo',0),(470,134,'Ds Kacangan',0),(471,135,'Ds Drata Blumbang',0),(472,135,'Ds Kalen',0),(473,135,'Ds Warungering',0),(474,135,'Ds Kandangrejo',0),(475,135,'Ds Mekandirejo',0),(476,135,'Ds Majenang',0),(477,135,'Ds Nglebur',0),(478,136,'Ds Sidorejo',0),(479,133,'Ds Bulumargi',0),(480,133,'Ds Sambangan',0),(481,133,'Ds Keongan',0),(482,133,'Ds Moropelang',0),(483,133,'Ds Moropelang',0),(484,135,'Ds Sidomlangean',0),(485,136,'Ds Sidorejo',0),(486,136,'Ds Kedungbajar',0),(487,136,'Ds Kedungbulu',0),(488,136,'Ds Simobogem',0),(489,137,'Ds Mayar',0),(490,136,'Ds Sekaran',0),(491,139,'Ds Gumantuk',0),(492,137,'Ds Banteng Putih',0),(493,137,'Ds Latukan',0),(494,140,'Ds Sumber Wudi',0),(495,141,'Ds Melik',0),(496,142,'Ds Takeran Klanting',0),(497,142,'Ds Bakalan Pule',0),(498,142,'Ds Pengembulanadi',0),(499,142,'Ds Joto Sanur',0),(500,142,'Ds Jatirejo',0),(501,142,'Ds Tambak Krigandung',0),(502,142,'Ds Wonokromo',0),(503,143,'Ds Deket Kulon',0),(504,143,'Ds Sidomulyo',0),(505,143,'Ds Ketapang Telu',0),(506,144,'Ds Blawi',0),(507,144,'Ds Putatbanga',0),(508,144,'Ds Banyu Urip',0),(509,144,'Ds Puter',0),(510,144,'Ds Pelang',0),(511,99,'Ds Klumprit',0),(512,99,'Ds Kajang',0),(513,100,'Ds Nambangan Lor',0),(514,98,'Ds Kwadungan',0),(515,98,'Ds Budug',0),(516,98,'Ds Mojomanis',0),(517,145,'Ds Sidodadi',0),(518,145,'Ds Kliwonan',0),(519,146,'Ds Kenep',0),(520,146,'Ds Tambakboyo',0),(521,146,'Ds Tangkisan',0),(522,146,'Ds Pojok',0),(523,146,'Ds Majasto',0),(524,146,'Ds Blerong',0),(525,12,'Ds Kademangan',0),(526,41,'Ds. Kademangan',0),(527,104,'Ds Pondok',0),(528,147,'Ds Bekonang',0),(529,105,'Ds Begajah',0),(530,102,'Ds Nguter',0),(531,148,'Ds Mulur',0),(532,105,'Ds Mandan',0),(533,148,'Ds Sugihan',0),(534,148,'Ds Jombor',0),(535,102,'Ds Pengkol',0),(536,149,'Ds Pandanwangi',0),(537,149,'Ds Sandingrowo',0),(538,149,'Ds Rahayu',0),(539,150,'Ds Bulurejo',0),(540,150,'Ds Pekuwon',0),(541,150,'Ds Maibit',0),(542,150,'Ds Sawahan',0),(543,150,'Ds Rengel',0),(544,150,'Ds Sumberejo',0),(545,150,'Ds Prambon Wetan',0),(546,151,'Ds Kuwu/Penyidon',0),(547,151,'Ds Pengidon',0),(548,151,'Ds Magersari',0),(549,151,'Ds Bandungrejo',0),(550,151,'Ds Bubanguran',0),(551,111,'Ds Sinoyoharjo',0),(552,35,'Ds. Jenggolo',0),(553,107,'Ds. Genukharjo',0),(554,81,'Kel. Genteng',0),(555,84,'Kel. Krembangan Selatan',0),(556,85,'Ds. Kedungcowek',0),(557,106,'Ds. Wenerejo',0),(558,94,'Ds. Gendingan',0),(559,125,'Ds Gajah',0),(560,122,'Ds. Prambatan',0),(561,122,'Ds. Sidobandung',0),(562,138,'Ds. Banteng Putih',0),(563,137,'Ds. Latukan',0);
/*!40000 ALTER TABLE `kelurahan` ENABLE KEYS */;
UNLOCK TABLES;

--
-- Table structure for table `mobile_application`
--

DROP TABLE IF EXISTS `mobile_application`;
/*!40101 SET @saved_cs_client     = @@character_set_client */;
/*!40101 SET character_set_client = utf8 */;
CREATE TABLE `mobile_application` (
  `id` bigint(20) NOT NULL AUTO_INCREMENT,
  `application_id` varchar(300) NOT NULL,
  `description` text NOT NULL,
  `version` varchar(10) NOT NULL,
  `realese_date` date NOT NULL,
  PRIMARY KEY (`id`) USING BTREE
) ENGINE=MyISAM AUTO_INCREMENT=2 DEFAULT CHARSET=latin1 ROW_FORMAT=DYNAMIC;
/*!40101 SET character_set_client = @saved_cs_client */;

--
-- Dumping data for table `mobile_application`
--

LOCK TABLES `mobile_application` WRITE;
/*!40000 ALTER TABLE `mobile_application` DISABLE KEYS */;
INSERT INTO `mobile_application` VALUES (1,'template_flutter_1_0','Aplikasi Template Flutter Versi 1.0','1.0','2019-06-20');
/*!40000 ALTER TABLE `mobile_application` ENABLE KEYS */;
UNLOCK TABLES;

--
-- Table structure for table `mobile_session`
--

DROP TABLE IF EXISTS `mobile_session`;
/*!40101 SET @saved_cs_client     = @@character_set_client */;
/*!40101 SET character_set_client = utf8 */;
CREATE TABLE `mobile_session` (
  `id` int(11) NOT NULL AUTO_INCREMENT,
  `id_user` int(11) NOT NULL,
  `auth_key` varchar(32) CHARACTER SET utf8 COLLATE utf8_unicode_ci NOT NULL,
  `device_mobile_id` varchar(300) CHARACTER SET utf8 COLLATE utf8_unicode_ci NOT NULL,
  `application_id` varchar(300) CHARACTER SET utf8 COLLATE utf8_unicode_ci NOT NULL,
  `valid_date_time` datetime NOT NULL,
  `status` int(1) NOT NULL,
  PRIMARY KEY (`id`) USING BTREE
) ENGINE=MyISAM AUTO_INCREMENT=84 DEFAULT CHARSET=latin1 ROW_FORMAT=DYNAMIC;
/*!40101 SET character_set_client = @saved_cs_client */;

--
-- Dumping data for table `mobile_session`
--

LOCK TABLES `mobile_session` WRITE;
/*!40000 ALTER TABLE `mobile_session` DISABLE KEYS */;
INSERT INTO `mobile_session` VALUES (81,6,'OMg1EbgAKTCRA9ce3PjUOk9gEglPmub1','sdfWtYdhdh','template_flutter_1_0','2019-09-23 16:08:15',0),(82,6,'vK_MIUwzLcVafoXtcm92w8JNPeSidGgs','1606-MMB29M','template_flutter_1_0','2019-09-28 05:07:30',1),(83,107,'qdRM-V96cvghr26I-cjMDS8qhSIny9Ml','1606-MMB29M','template_flutter_1_0','2019-10-12 06:57:47',1);
/*!40000 ALTER TABLE `mobile_session` ENABLE KEYS */;
UNLOCK TABLES;

--
-- Table structure for table `mst_status_received`
--

DROP TABLE IF EXISTS `mst_status_received`;
/*!40101 SET @saved_cs_client     = @@character_set_client */;
/*!40101 SET character_set_client = utf8 */;
CREATE TABLE `mst_status_received` (
  `id_status_received` int(11) NOT NULL AUTO_INCREMENT,
  `status_received` varchar(200) NOT NULL,
  `is_active` int(1) DEFAULT 1,
  PRIMARY KEY (`id_status_received`)
) ENGINE=InnoDB AUTO_INCREMENT=4 DEFAULT CHARSET=latin1;
/*!40101 SET character_set_client = @saved_cs_client */;

--
-- Dumping data for table `mst_status_received`
--

LOCK TABLES `mst_status_received` WRITE;
/*!40000 ALTER TABLE `mst_status_received` DISABLE KEYS */;
INSERT INTO `mst_status_received` VALUES (1,'B',1),(2,'RR',1),(3,'RB',1);
/*!40000 ALTER TABLE `mst_status_received` ENABLE KEYS */;
UNLOCK TABLES;

--
-- Table structure for table `perusahaan`
--

DROP TABLE IF EXISTS `perusahaan`;
/*!40101 SET @saved_cs_client     = @@character_set_client */;
/*!40101 SET character_set_client = utf8 */;
CREATE TABLE `perusahaan` (
  `id_perusahaan` int(11) NOT NULL AUTO_INCREMENT,
  `security_code` bigint(20) NOT NULL,
  `qrcode_perusahaan` varchar(200) NOT NULL,
  `nama_perusahaan` varchar(200) NOT NULL,
  `alamat` varchar(200) NOT NULL,
  `email1` varchar(200) NOT NULL,
  `email2` varchar(200) NOT NULL,
  `phone1` int(11) NOT NULL,
  `phone2` int(11) NOT NULL,
  `media_sosial1` varchar(200) NOT NULL,
  `media_sosial2` varchar(200) NOT NULL,
  `media_sosial3` varchar(200) NOT NULL,
  `npwp` varchar(50) NOT NULL,
  `id_type_packet` int(11) NOT NULL,
  `packet_expired_date` date NOT NULL,
  `last_payment_date` date NOT NULL,
  `last_amount_payment` bigint(20) NOT NULL,
  `status` int(11) NOT NULL,
  PRIMARY KEY (`id_perusahaan`)
) ENGINE=InnoDB AUTO_INCREMENT=17 DEFAULT CHARSET=latin1;
/*!40101 SET character_set_client = @saved_cs_client */;

--
-- Dumping data for table `perusahaan`
--

LOCK TABLES `perusahaan` WRITE;
/*!40000 ALTER TABLE `perusahaan` DISABLE KEYS */;
INSERT INTO `perusahaan` VALUES (1,0,'','Company 1','','','',0,0,'','','','',0,'0000-00-00','0000-00-00',0,0),(15,0,'','Company 2','','','',0,0,'','','','',0,'0000-00-00','0000-00-00',0,0),(16,0,'','Andara Shop','','','',981289123,0,'','','','',0,'0000-00-00','0000-00-00',0,1);
/*!40000 ALTER TABLE `perusahaan` ENABLE KEYS */;
UNLOCK TABLES;

--
-- Table structure for table `product_marketplace`
--

DROP TABLE IF EXISTS `product_marketplace`;
/*!40101 SET @saved_cs_client     = @@character_set_client */;
/*!40101 SET character_set_client = utf8 */;
CREATE TABLE `product_marketplace` (
  `id_product_marketplace` bigint(20) NOT NULL AUTO_INCREMENT,
  `product_name` varchar(250) NOT NULL,
  `id_marketplace` bigint(20) NOT NULL,
  `product_id` varchar(50) NOT NULL,
  `stock` int(11) NOT NULL,
  `weight` double NOT NULL,
  `price` bigint(20) NOT NULL,
  `discount_price` double(8,2) NOT NULL,
  `condition` enum('new','ex') NOT NULL,
  `description` text NOT NULL,
  `insurance` enum('yes','no') NOT NULL,
  `brand` varchar(250) NOT NULL,
  `opt_optional_price` text NOT NULL,
  `imei` varchar(50) DEFAULT NULL,
  `cid` varchar(30) DEFAULT NULL,
  `barcode1` varchar(50) DEFAULT NULL,
  `last_update` datetime NOT NULL,
  `last_user_update` int(11) NOT NULL,
  `last_update_ip_address` varchar(200) NOT NULL,
  `token` bigint(20) DEFAULT NULL,
  `flag_new_changes` int(1) DEFAULT 0,
  `flag_ack_devices` int(1) NOT NULL DEFAULT 1,
  PRIMARY KEY (`id_product_marketplace`),
  KEY `id_marketplace` (`id_marketplace`)
) ENGINE=InnoDB AUTO_INCREMENT=4 DEFAULT CHARSET=latin1;
/*!40101 SET character_set_client = @saved_cs_client */;

--
-- Dumping data for table `product_marketplace`
--

LOCK TABLES `product_marketplace` WRITE;
/*!40000 ALTER TABLE `product_marketplace` DISABLE KEYS */;
INSERT INTO `product_marketplace` VALUES (1,'Suki Sabu-Sabu',1,'319722896',0,0,15000,0.00,'new','','yes','','','987654321','123456789','8996001302323','0000-00-00 00:00:00',0,'',NULL,0,1),(2,'Sabu-Sabu 2',1,'321368436',0,0,17500,0.00,'new','','yes','','',NULL,NULL,NULL,'0000-00-00 00:00:00',0,'',NULL,0,1),(3,'MURAHHH!!!! EasyTouch Blood Hemoglobin HB Isi 25 Strip Easy Touch',2,'321370932',0,0,114499,0.00,'new','','yes','','',NULL,NULL,NULL,'0000-00-00 00:00:00',0,'',NULL,0,1);
/*!40000 ALTER TABLE `product_marketplace` ENABLE KEYS */;
UNLOCK TABLES;

--
-- Table structure for table `propinsi`
--

DROP TABLE IF EXISTS `propinsi`;
/*!40101 SET @saved_cs_client     = @@character_set_client */;
/*!40101 SET character_set_client = utf8 */;
CREATE TABLE `propinsi` (
  `id_propinsi` int(11) NOT NULL AUTO_INCREMENT,
  `nama_propinsi` varchar(250) NOT NULL,
  PRIMARY KEY (`id_propinsi`)
) ENGINE=InnoDB AUTO_INCREMENT=3 DEFAULT CHARSET=latin1;
/*!40101 SET character_set_client = @saved_cs_client */;

--
-- Dumping data for table `propinsi`
--

LOCK TABLES `propinsi` WRITE;
/*!40000 ALTER TABLE `propinsi` DISABLE KEYS */;
INSERT INTO `propinsi` VALUES (1,'Jawa Timur'),(2,'Jawa Tengah');
/*!40000 ALTER TABLE `propinsi` ENABLE KEYS */;
UNLOCK TABLES;

--
-- Table structure for table `role_menu`
--

DROP TABLE IF EXISTS `role_menu`;
/*!40101 SET @saved_cs_client     = @@character_set_client */;
/*!40101 SET character_set_client = utf8 */;
CREATE TABLE `role_menu` (
  `id_role_menu` int(11) NOT NULL AUTO_INCREMENT,
  `menu` varchar(200) NOT NULL,
  `is_active` int(1) NOT NULL DEFAULT 1,
  PRIMARY KEY (`id_role_menu`)
) ENGINE=InnoDB AUTO_INCREMENT=103 DEFAULT CHARSET=latin1;
/*!40101 SET character_set_client = @saved_cs_client */;

--
-- Dumping data for table `role_menu`
--

LOCK TABLES `role_menu` WRITE;
/*!40000 ALTER TABLE `role_menu` DISABLE KEYS */;
INSERT INTO `role_menu` VALUES (101,'Aset',1),(102,'Kode Barang',1);
/*!40000 ALTER TABLE `role_menu` ENABLE KEYS */;
UNLOCK TABLES;

--
-- Table structure for table `role_user_access`
--

DROP TABLE IF EXISTS `role_user_access`;
/*!40101 SET @saved_cs_client     = @@character_set_client */;
/*!40101 SET character_set_client = utf8 */;
CREATE TABLE `role_user_access` (
  `id_role_user_access` bigint(20) NOT NULL,
  `id_role_menu` int(11) NOT NULL,
  `role_name` varchar(64) NOT NULL,
  `user_read` int(1) NOT NULL DEFAULT 0,
  `user_write` int(1) NOT NULL DEFAULT 0,
  `user_delete` int(1) NOT NULL DEFAULT 0
) ENGINE=InnoDB DEFAULT CHARSET=latin1;
/*!40101 SET character_set_client = @saved_cs_client */;

--
-- Dumping data for table `role_user_access`
--

LOCK TABLES `role_user_access` WRITE;
/*!40000 ALTER TABLE `role_user_access` DISABLE KEYS */;
/*!40000 ALTER TABLE `role_user_access` ENABLE KEYS */;
UNLOCK TABLES;

--
-- Table structure for table `type_asset1`
--

DROP TABLE IF EXISTS `type_asset1`;
/*!40101 SET @saved_cs_client     = @@character_set_client */;
/*!40101 SET character_set_client = utf8 */;
CREATE TABLE `type_asset1` (
  `id_type_asset` int(11) NOT NULL AUTO_INCREMENT,
  `type_asset` varchar(250) NOT NULL,
  `description` text DEFAULT NULL,
  `is_active` int(1) NOT NULL DEFAULT 1,
  PRIMARY KEY (`id_type_asset`)
) ENGINE=InnoDB AUTO_INCREMENT=2 DEFAULT CHARSET=latin1;
/*!40101 SET character_set_client = @saved_cs_client */;

--
-- Dumping data for table `type_asset1`
--

LOCK TABLES `type_asset1` WRITE;
/*!40000 ALTER TABLE `type_asset1` DISABLE KEYS */;
INSERT INTO `type_asset1` VALUES (1,'Tanah',NULL,1);
/*!40000 ALTER TABLE `type_asset1` ENABLE KEYS */;
UNLOCK TABLES;

--
-- Table structure for table `type_asset2`
--

DROP TABLE IF EXISTS `type_asset2`;
/*!40101 SET @saved_cs_client     = @@character_set_client */;
/*!40101 SET character_set_client = utf8 */;
CREATE TABLE `type_asset2` (
  `id_type_asset` int(11) NOT NULL AUTO_INCREMENT,
  `type_asset` varchar(250) NOT NULL,
  `description` text DEFAULT NULL,
  `is_active` int(1) NOT NULL DEFAULT 1,
  PRIMARY KEY (`id_type_asset`)
) ENGINE=InnoDB DEFAULT CHARSET=latin1;
/*!40101 SET character_set_client = @saved_cs_client */;

--
-- Dumping data for table `type_asset2`
--

LOCK TABLES `type_asset2` WRITE;
/*!40000 ALTER TABLE `type_asset2` DISABLE KEYS */;
/*!40000 ALTER TABLE `type_asset2` ENABLE KEYS */;
UNLOCK TABLES;

--
-- Table structure for table `type_asset3`
--

DROP TABLE IF EXISTS `type_asset3`;
/*!40101 SET @saved_cs_client     = @@character_set_client */;
/*!40101 SET character_set_client = utf8 */;
CREATE TABLE `type_asset3` (
  `id_type_asset` int(11) NOT NULL AUTO_INCREMENT,
  `type_asset` varchar(250) NOT NULL,
  `description` text DEFAULT NULL,
  `is_active` int(1) NOT NULL DEFAULT 1,
  PRIMARY KEY (`id_type_asset`)
) ENGINE=InnoDB DEFAULT CHARSET=latin1;
/*!40101 SET character_set_client = @saved_cs_client */;

--
-- Dumping data for table `type_asset3`
--

LOCK TABLES `type_asset3` WRITE;
/*!40000 ALTER TABLE `type_asset3` DISABLE KEYS */;
/*!40000 ALTER TABLE `type_asset3` ENABLE KEYS */;
UNLOCK TABLES;

--
-- Table structure for table `type_asset4`
--

DROP TABLE IF EXISTS `type_asset4`;
/*!40101 SET @saved_cs_client     = @@character_set_client */;
/*!40101 SET character_set_client = utf8 */;
CREATE TABLE `type_asset4` (
  `id_type_asset` int(11) NOT NULL AUTO_INCREMENT,
  `type_asset` varchar(250) NOT NULL,
  `description` text DEFAULT NULL,
  `is_active` int(1) NOT NULL DEFAULT 1,
  PRIMARY KEY (`id_type_asset`)
) ENGINE=InnoDB DEFAULT CHARSET=latin1;
/*!40101 SET character_set_client = @saved_cs_client */;

--
-- Dumping data for table `type_asset4`
--

LOCK TABLES `type_asset4` WRITE;
/*!40000 ALTER TABLE `type_asset4` DISABLE KEYS */;
/*!40000 ALTER TABLE `type_asset4` ENABLE KEYS */;
UNLOCK TABLES;

--
-- Table structure for table `type_asset5`
--

DROP TABLE IF EXISTS `type_asset5`;
/*!40101 SET @saved_cs_client     = @@character_set_client */;
/*!40101 SET character_set_client = utf8 */;
CREATE TABLE `type_asset5` (
  `id_type_asset` int(11) NOT NULL AUTO_INCREMENT,
  `type_asset` varchar(250) NOT NULL,
  `description` text DEFAULT NULL,
  `is_active` int(1) NOT NULL DEFAULT 1,
  PRIMARY KEY (`id_type_asset`)
) ENGINE=InnoDB DEFAULT CHARSET=latin1;
/*!40101 SET character_set_client = @saved_cs_client */;

--
-- Dumping data for table `type_asset5`
--

LOCK TABLES `type_asset5` WRITE;
/*!40000 ALTER TABLE `type_asset5` DISABLE KEYS */;
/*!40000 ALTER TABLE `type_asset5` ENABLE KEYS */;
UNLOCK TABLES;

--
-- Table structure for table `type_asset_item1`
--

DROP TABLE IF EXISTS `type_asset_item1`;
/*!40101 SET @saved_cs_client     = @@character_set_client */;
/*!40101 SET character_set_client = utf8 */;
CREATE TABLE `type_asset_item1` (
  `id_type_asset_item` int(11) NOT NULL AUTO_INCREMENT,
  `type_asset_item` varchar(250) NOT NULL,
  `description` text DEFAULT NULL,
  `is_active` int(1) NOT NULL DEFAULT 1,
  PRIMARY KEY (`id_type_asset_item`)
) ENGINE=InnoDB AUTO_INCREMENT=21 DEFAULT CHARSET=latin1;
/*!40101 SET character_set_client = @saved_cs_client */;

--
-- Dumping data for table `type_asset_item1`
--

LOCK TABLES `type_asset_item1` WRITE;
/*!40000 ALTER TABLE `type_asset_item1` DISABLE KEYS */;
INSERT INTO `type_asset_item1` VALUES (10,'Brantas',NULL,1),(20,'Bengawan Solo','',1);
/*!40000 ALTER TABLE `type_asset_item1` ENABLE KEYS */;
UNLOCK TABLES;

--
-- Table structure for table `type_asset_item2`
--

DROP TABLE IF EXISTS `type_asset_item2`;
/*!40101 SET @saved_cs_client     = @@character_set_client */;
/*!40101 SET character_set_client = utf8 */;
CREATE TABLE `type_asset_item2` (
  `id_type_asset_item` int(11) NOT NULL AUTO_INCREMENT,
  `type_asset_item` varchar(250) NOT NULL,
  `description` text DEFAULT NULL,
  `is_active` int(1) NOT NULL DEFAULT 1,
  PRIMARY KEY (`id_type_asset_item`)
) ENGINE=InnoDB AUTO_INCREMENT=201 DEFAULT CHARSET=latin1;
/*!40101 SET character_set_client = @saved_cs_client */;

--
-- Dumping data for table `type_asset_item2`
--

LOCK TABLES `type_asset_item2` WRITE;
/*!40000 ALTER TABLE `type_asset_item2` DISABLE KEYS */;
INSERT INTO `type_asset_item2` VALUES (100,'SIMAK',NULL,1),(200,'Non-SIMAK',NULL,1);
/*!40000 ALTER TABLE `type_asset_item2` ENABLE KEYS */;
UNLOCK TABLES;

--
-- Table structure for table `type_asset_item3`
--

DROP TABLE IF EXISTS `type_asset_item3`;
/*!40101 SET @saved_cs_client     = @@character_set_client */;
/*!40101 SET character_set_client = utf8 */;
CREATE TABLE `type_asset_item3` (
  `id_type_asset_item` int(11) NOT NULL AUTO_INCREMENT,
  `type_asset_item` varchar(250) NOT NULL,
  `description` text DEFAULT NULL,
  `is_active` int(1) NOT NULL DEFAULT 1,
  PRIMARY KEY (`id_type_asset_item`)
) ENGINE=InnoDB DEFAULT CHARSET=latin1;
/*!40101 SET character_set_client = @saved_cs_client */;

--
-- Dumping data for table `type_asset_item3`
--

LOCK TABLES `type_asset_item3` WRITE;
/*!40000 ALTER TABLE `type_asset_item3` DISABLE KEYS */;
/*!40000 ALTER TABLE `type_asset_item3` ENABLE KEYS */;
UNLOCK TABLES;

--
-- Table structure for table `type_asset_item4`
--

DROP TABLE IF EXISTS `type_asset_item4`;
/*!40101 SET @saved_cs_client     = @@character_set_client */;
/*!40101 SET character_set_client = utf8 */;
CREATE TABLE `type_asset_item4` (
  `id_type_asset_item` int(11) NOT NULL AUTO_INCREMENT,
  `type_asset_item` varchar(250) NOT NULL,
  `description` text DEFAULT NULL,
  `is_active` int(1) NOT NULL DEFAULT 1,
  PRIMARY KEY (`id_type_asset_item`)
) ENGINE=InnoDB DEFAULT CHARSET=latin1;
/*!40101 SET character_set_client = @saved_cs_client */;

--
-- Dumping data for table `type_asset_item4`
--

LOCK TABLES `type_asset_item4` WRITE;
/*!40000 ALTER TABLE `type_asset_item4` DISABLE KEYS */;
/*!40000 ALTER TABLE `type_asset_item4` ENABLE KEYS */;
UNLOCK TABLES;

--
-- Table structure for table `type_asset_item5`
--

DROP TABLE IF EXISTS `type_asset_item5`;
/*!40101 SET @saved_cs_client     = @@character_set_client */;
/*!40101 SET character_set_client = utf8 */;
CREATE TABLE `type_asset_item5` (
  `id_type_asset_item` int(11) NOT NULL AUTO_INCREMENT,
  `type_asset_item` varchar(250) NOT NULL,
  `description` text DEFAULT NULL,
  `is_active` int(1) NOT NULL DEFAULT 1,
  PRIMARY KEY (`id_type_asset_item`)
) ENGINE=InnoDB DEFAULT CHARSET=latin1;
/*!40101 SET character_set_client = @saved_cs_client */;

--
-- Dumping data for table `type_asset_item5`
--

LOCK TABLES `type_asset_item5` WRITE;
/*!40000 ALTER TABLE `type_asset_item5` DISABLE KEYS */;
/*!40000 ALTER TABLE `type_asset_item5` ENABLE KEYS */;
UNLOCK TABLES;

--
-- Table structure for table `user`
--

DROP TABLE IF EXISTS `user`;
/*!40101 SET @saved_cs_client     = @@character_set_client */;
/*!40101 SET character_set_client = utf8 */;
CREATE TABLE `user` (
  `id` int(11) NOT NULL AUTO_INCREMENT,
  `full_name` varchar(250) NOT NULL,
  `username` varchar(250) NOT NULL,
  `email` varchar(255) NOT NULL,
  `password_hash` varchar(255) DEFAULT NULL,
  `auth_key` varchar(250) DEFAULT NULL,
  `status` smallint(6) NOT NULL,
  `password_reset_token` varchar(250) DEFAULT NULL,
  `user_level` enum('admin','member','management (SA)','management (ST)','ADM') NOT NULL DEFAULT 'ADM',
  `role` int(11) NOT NULL,
  `created_at` int(11) NOT NULL,
  `updated_at` int(11) NOT NULL,
  PRIMARY KEY (`id`),
  UNIQUE KEY `username` (`username`),
  KEY `email` (`email`),
  KEY `password_reset_token` (`password_reset_token`)
) ENGINE=InnoDB AUTO_INCREMENT=40 DEFAULT CHARSET=latin1;
/*!40101 SET character_set_client = @saved_cs_client */;

--
-- Dumping data for table `user`
--

LOCK TABLES `user` WRITE;
/*!40000 ALTER TABLE `user` DISABLE KEYS */;
INSERT INTO `user` VALUES (1,'Admin','admin','admin@admin.com','$2y$13$6pZJA1IAXQ1ujwlSlFdNqeesvxysmvZNSKkAUT3Fqp78hUdqbfdNK','_8jwIF7Os8s_lLXNxYFW24fgfCg1x-2E',10,'QfrMtIRXJFG9F8W3vViDzfRYaVKlH8pz_1574830132','admin',20,1530780329,1572867039),(36,'admin4','admin45','admin@gmail.com','$2y$13$wUP89zDmoJhxVQ55PqilV.K/5e3.K2RSRuhHShtr5zVJzSXZtBFJS','u1XDKCQQm7FlAdN5y4bUGZZaxXTk1laX',10,'yUM8pRVQCiqpDMhLHNi_LzxLtSZN4_jO_1565786618','admin',10,1565786618,1565787037),(37,'admin5 kelima','admin5','admin@gmail.com','$2y$13$D.b3Blb001f2uuDt767LZeIOaTHniVmLMseitoJlXQZli38vBTylq','PpmWggpvXU8pyf_rw0A4khueBDLBb2FO',10,'jFsygbE0MmjufTXvz6dOtRiM_4Kjppv5_1565787233','admin',10,1565787232,1565790121),(39,'adminpupr','adminpupr','adminpupr@gmail.com','$2y$13$8813zMb6XG.9DedyNLAy/e2OGR40HXTB3hovxhF20TPn8vSyvGENy','InyvKQugH1JR3exWa0McvVhIEJexZtDR',10,'HuRXdxpHrFoPv9WHuHs4e5kOmulLcWCM_1574829967','admin',20,1530780329,1572867039);
/*!40000 ALTER TABLE `user` ENABLE KEYS */;
UNLOCK TABLES;

--
-- Table structure for table `user_perusahaan`
--

DROP TABLE IF EXISTS `user_perusahaan`;
/*!40101 SET @saved_cs_client     = @@character_set_client */;
/*!40101 SET character_set_client = utf8 */;
CREATE TABLE `user_perusahaan` (
  `id_user_perusahaan` int(11) NOT NULL AUTO_INCREMENT,
  `id_user` int(11) NOT NULL,
  `id_perusahaan` int(11) NOT NULL,
  `created_date` datetime NOT NULL,
  `created_user` int(11) NOT NULL,
  `created_ip_address` varchar(50) NOT NULL,
  PRIMARY KEY (`id_user_perusahaan`)
) ENGINE=InnoDB AUTO_INCREMENT=6 DEFAULT CHARSET=latin1;
/*!40101 SET character_set_client = @saved_cs_client */;

--
-- Dumping data for table `user_perusahaan`
--

LOCK TABLES `user_perusahaan` WRITE;
/*!40000 ALTER TABLE `user_perusahaan` DISABLE KEYS */;
INSERT INTO `user_perusahaan` VALUES (1,5,1,'0000-00-00 00:00:00',0,''),(2,8,15,'0000-00-00 00:00:00',0,''),(3,1,2,'0000-00-00 00:00:00',0,''),(4,10,1,'2019-02-25 06:14:48',0,'::1'),(5,12,99,'2019-03-08 04:20:19',0,'::1');
/*!40000 ALTER TABLE `user_perusahaan` ENABLE KEYS */;
UNLOCK TABLES;
/*!40103 SET TIME_ZONE=@OLD_TIME_ZONE */;

/*!40101 SET SQL_MODE=@OLD_SQL_MODE */;
/*!40014 SET FOREIGN_KEY_CHECKS=@OLD_FOREIGN_KEY_CHECKS */;
/*!40014 SET UNIQUE_CHECKS=@OLD_UNIQUE_CHECKS */;
/*!40101 SET CHARACTER_SET_CLIENT=@OLD_CHARACTER_SET_CLIENT */;
/*!40101 SET CHARACTER_SET_RESULTS=@OLD_CHARACTER_SET_RESULTS */;
/*!40101 SET COLLATION_CONNECTION=@OLD_COLLATION_CONNECTION */;
/*!40111 SET SQL_NOTES=@OLD_SQL_NOTES */;

-- Dump completed on 2019-12-03  5:52:47
